displacement,horsepower,weight,cylinders,modelYear,drivetrain,transmission,mpg
2.8,217,2913,6,1974,3,0,31
4.1,366,3041,10,1994,1,1,23.7
4.6,420,3405,12,2001,3,0,17.3
1.5,145,2635,4,2001,0,2,46.6
4.5,455,3950,12,1985,3,0,11.1
4,390,3700,10,2015,1,0,23.1
1.6,147,2692,4,1977,1,1,40.9
5.2,479,3637,12,2016,3,0,15.6
1.8,154,2726,4,1991,3,2,41.1
1.7,160,2255,4,1995,3,0,43.5
1.1,122,2603,3,1972,3,0,42.7
5.1,460,4058,12,2007,3,1,12.4
3.2,265,3395,8,1990,1,2,27.7
1,142,2430,3,1970,2,0,42.2
1.7,166,2949,4,1999,1,2,43.4
2.5,252,3044,6,1990,3,2,35.1
1.4,156,2270,4,1984,3,2,43
1.8,121,2560,4,1998,2,1,46.2
3.7,311,2834,8,2010,3,1,32.6
1.7,180,2981,4,2003,3,0,41.8
4.4,326,3400,10,1984,1,2,21.4
4,338,3608,10,1985,0,2,20
3.1,267,3252,8,1972,1,1,26.5
2.3,199,2763,6,1982,2,2,35.4
4.4,360,3556,10,1978,2,0,18.1
1.2,163,2768,3,1982,0,1,42.3
2.1,168,3152,4,1990,2,2,39
1.2,147,2823,3,2018,2,2,48.6
1.3,134,2529,4,1985,2,0,43.8
2.3,214,2765,6,2017,2,0,42.4
2.3,194,2864,6,2013,1,2,43.2
1.6,164,2720,4,1987,1,1,40.6
2,140,3082,4,2004,1,1,43.9
2.6,209,2745,6,2007,2,1,39.9
2.3,247,3037,6,2022,0,0,39.1
3,267,3395,8,2002,0,1,30.4
1.4,102,2501,3,2003,3,0,48.6
1.9,136,2912,4,2002,0,1,46.2
2.6,241,2971,6,2024,2,2,40.2
1.3,163,2855,4,1998,3,0,42
1.3,135,2508,4,1989,0,0,46.9
3.5,284,2975,8,1995,2,2,28.8
4.2,394,3679,10,1985,0,2,16.9
3.9,368,3121,10,1987,0,0,20.8
2.3,224,2922,6,1995,0,2,36.3
3.7,295,3349,8,1987,3,2,26.1
2.7,228,2452,6,1990,1,1,36.3
1.6,106,2855,3,1977,2,0,43
3.3,258,3213,8,1979,0,0,27.5
1.9,139,2320,4,1994,3,1,44.9
5.1,436,3562,12,1974,1,1,10.5
2.5,202,2658,6,2015,0,1,43.4
1.7,162,2891,4,2006,0,1,44.8
4,330,3589,10,2003,2,2,22.1
1.3,186,2817,4,2015,3,0,44.2
5.2,425,3730,12,1971,1,0,9
4.7,439,3512,12,1984,0,2,13.1
4.6,399,3718,12,1973,1,1,11.2
4.5,327,3043,10,2019,2,0,27.7
1.8,173,2913,4,1978,3,1,38.3
2,146,2360,4,2019,3,2,48.2
1.4,161,2838,4,1991,2,2,41.4
1.9,167,2748,4,2001,3,2,43.3
2.1,176,2412,4,2014,2,1,48.1
1.5,154,2260,4,2007,3,0,47.1
4.1,327,3653,10,1991,2,0,20.1
4.7,453,3401,12,1974,1,1,12.3
1.7,100,2925,3,2005,0,2,49.4
2.9,225,2493,6,1989,2,0,36.4
1.4,144,2770,3,2004,2,1,45.9
3.4,338,3559,8,2014,1,0,26.7
2.5,207,2813,6,2020,2,1,41.5
2.4,216,2576,6,1973,3,2,35.4
3.5,283,2897,8,2004,1,0,31.7
1.7,194,2155,4,1996,0,0,45.9
1.8,142,3089,4,2003,3,1,42.6
2.4,240,2434,6,2024,3,2,44.6
1,129,2538,3,2018,1,2,53.4
2.6,228,2400,6,1990,1,0,37.8
3.6,301,3403,8,1989,3,0,24.7
1.4,184,2192,4,2011,2,2,48.4
1.4,166,2908,4,1981,0,1,41.4
2.1,187,3050,4,1997,2,1,40.6
4.5,375,3722,10,1988,3,0,17.6
1.4,172,2641,4,2016,3,2,47.5
3.3,321,2766,8,1996,3,2,28.8
2.5,235,2758,6,1984,2,1,34.9
2,187,2849,4,2020,3,1,44.4
3.5,312,3565,8,2012,3,1,26.8
4.5,334,2977,10,1996,3,2,22.8
1.4,127,2381,4,2005,1,0,49.1
1.4,144,2403,4,2004,2,2,48.4
3,327,3193,8,2014,3,2,30.3
1.7,196,2658,4,2015,1,1,46.5
4.5,440,3826,12,1991,1,1,13.2
2.4,220,2496,6,2004,1,2,39.6
2.3,219,2432,6,2007,1,2,41.5
5,462,3247,12,2000,3,2,16.9
1,127,2355,3,1973,3,1,45.7
3.6,291,2691,8,1976,0,0,29
1.3,162,2923,4,2011,1,0,46.6
4.2,406,3669,10,1980,0,2,16.7
1.4,168,2383,4,2013,1,1,48
3.3,265,2602,8,2013,1,0,37.6
4.1,394,3430,10,2002,2,2,20.8
1,105,2708,3,1977,1,0,43.9
1.5,198,2390,4,1991,3,1,44.5
2.8,223,3313,6,1989,0,2,32.7
2,140,2453,4,2017,1,0,49.2
1.1,147,1942,3,2002,3,0,51.4
4.2,359,3786,10,1991,3,2,17.5
1.7,113,2491,4,2023,1,0,52.9
1,78,1982,3,1998,1,1,55.4
1.2,109,2031,3,2002,0,2,53.9
4.6,431,3454,12,1980,2,2,13.5
4.6,398,3104,12,2023,1,2,24.9
3.1,302,3481,8,2021,3,1,33.2
4.9,415,3494,12,2009,0,0,17
1.5,128,2809,4,1983,0,0,43.8
4.5,391,3185,10,2004,3,2,22
2.8,249,2607,6,2014,3,1,40.6
1.5,197,2854,4,1980,0,0,39
5,460,3294,12,2020,2,1,17.6
2,196,2347,4,1993,2,2,42.9
1.9,135,2582,4,2013,0,0,49
4.4,386,3324,10,1999,1,1,19.7
1.8,124,2266,4,1983,0,1,46.3
2.8,208,2668,6,1982,3,0,34
1.6,134,2280,4,1972,0,0,43.6
3.9,363,2918,10,1995,2,1,24.7
2.6,221,2951,6,2020,0,1,41.7
1.4,191,2591,4,1983,2,2,41.3
1.3,161,2697,4,1980,1,2,40.7
1.5,147,2718,4,1986,1,2,44.3
2.2,221,3202,6,2004,0,0,36.8
1.6,127,2793,4,1988,2,1,44.6
4.5,416,3894,12,2009,1,2,17
4.6,438,3097,12,2011,0,0,21.7
1.5,143,2543,4,2012,2,1,49.4
1.2,84,2843,3,2007,0,1,51.6
2.1,186,2478,4,1990,0,1,41.6
1.7,136,2658,4,2018,2,1,48.9
4,401,3549,10,1984,2,1,15.8
3.4,264,3481,8,1987,0,1,26.2
1.7,134,3067,4,1980,0,1,40.2
1.9,126,2893,4,2015,0,0,46.7
2.7,195,2995,6,1999,3,0,37.8
1.4,140,2766,4,2005,0,2,47.1
3.3,252,2781,8,2017,3,0,35.4
3.7,276,2871,8,1990,0,1,28.5
1.8,187,2266,4,1999,3,2,46.1
5.2,404,4003,12,2012,2,1,14.9
3.9,366,3271,10,2002,0,1,23.7
3.6,279,3080,8,1999,0,1,31.7
2.6,198,2498,6,2008,0,0,41.4
1.9,120,2265,4,1998,3,0,46.3
2.6,246,2597,6,1994,1,0,35.3
5.2,426,3716,12,2024,0,2,19.8
5.3,398,3639,12,2023,2,0,21.1
3.2,321,2742,8,1994,2,2,31.5
4.4,357,3454,10,2021,1,1,25.3
3.3,327,3535,8,1978,1,0,21.3
1.9,154,2229,4,1973,1,0,43.4
3.1,299,2590,8,2021,1,0,35.3
1.3,177,2701,4,1994,2,0,42.1
1.9,192,2429,4,1989,2,0,43
1.1,139,2890,3,2009,3,2,48.2
3.6,276,2796,8,2012,0,2,36.6
2.4,224,2913,6,1985,0,2,33.9
1.1,135,2144,3,2013,0,1,54.2
1.3,107,2736,3,2000,3,1,46.4
2,151,3152,4,1980,2,2,36.6
5.2,410,3219,12,1972,0,2,12.9
4.8,428,3533,12,2011,0,0,17.1
2.1,160,2819,4,2020,1,0,45.5
1.5,122,2420,4,1994,3,2,45.9
1.5,175,2612,4,1986,1,1,43.2
3.3,304,2828,8,2002,1,2,32.4
4.9,471,3387,12,2024,0,2,19.1
1.8,175,2824,4,1978,3,1,37.1
1.8,148,3026,4,2013,1,1,46.1
2.1,131,2262,4,2015,1,0,48.9
4.7,430,3188,12,2002,2,0,16.9
1.9,147,2287,4,2015,0,0,48.7
4.9,434,3520,12,1976,2,0,10
1.9,183,2950,4,1995,1,0,42.3
4.7,449,3451,12,1977,2,1,12.3
3.1,265,3473,8,2015,3,0,30.2
4.2,385,3537,10,1974,1,0,14.3
2.6,224,2771,6,2011,2,0,40.2
3.2,295,3127,8,1998,2,2,28.9
1.6,147,2136,3,1987,3,2,45.5
5.1,466,4120,12,1983,2,0,9
1.6,79,2531,3,1992,1,0,47.3
2.9,181,3100,6,2004,2,1,38.4
2.9,308,2612,8,2000,0,1,31.9
2.9,305,2885,8,1975,3,0,27.6
3.2,297,2650,8,2017,1,1,35.3
1.4,158,2966,4,1986,3,2,41.9
1.5,147,2716,4,1998,3,2,43
1.6,102,2538,3,1971,1,1,42.1
4.4,380,3179,10,2000,0,2,23.6
1.4,129,2602,4,1971,2,1,42.7
1.7,158,2820,4,1994,2,2,41.7
2,180,2542,4,2009,3,0,43.9
3.4,295,3322,8,2015,2,0,32.2
2.7,222,2838,6,1991,1,2,35.1
2.5,221,2996,6,1991,0,0,36
2.2,230,2602,6,1998,3,1,39
4.7,435,3612,12,1987,0,2,13.3
4.1,363,3723,10,2021,0,2,24.8
3,279,2982,8,2003,2,1,32.9
3.7,304,3133,8,2009,1,0,31
1.8,164,2497,4,1990,0,1,44.8
2.6,230,2941,6,1987,2,1,32.8
3.2,278,2922,8,2001,1,0,31.9
3.5,253,2955,8,2022,2,2,34.9
1.7,159,2228,4,2004,2,0,46.7
4.3,330,3560,10,2015,2,2,26.5
4.8,401,3941,12,1994,0,2,15.3
1.7,156,2950,4,1986,2,0,39
1.5,145,2195,4,1981,3,1,45.4
1.5,120,2135,4,2011,0,2,51.9
4.9,409,3988,12,2004,1,1,13.4
1.8,117,3134,4,1972,1,2,37.5
3,296,2711,8,2020,1,0,36.1
5,398,3739,12,1974,2,0,11.9
5,468,3774,12,1990,3,0,9
3.4,271,3603,8,1993,1,2,29.2
3.2,334,2925,8,2014,1,0,30.8
3.2,265,2956,8,2024,2,1,37.7
3.1,316,3136,8,1991,3,2,27.8
1,138,2088,3,2014,2,1,54.1
1.3,112,2726,4,1989,3,1,45.6
4.4,358,3611,10,1980,1,0,18.6
2.6,192,2628,6,1993,2,2,37.2
3.8,329,3367,10,2024,0,1,29.7
1.4,137,2382,3,1999,1,2,49.1
2.2,192,2523,6,1993,2,0,40.1
3.4,292,2822,8,1986,1,0,29.6
2.5,220,3038,6,1997,2,0,34
3,261,2563,8,1992,0,1,35.4
2.3,220,2687,6,1992,2,2,36.9
1.6,172,2468,4,1988,3,0,43.6
1.7,147,2354,4,2016,1,1,49.8
2.7,200,2522,6,2011,2,1,42.1
1.6,138,2612,4,2011,0,1,47.2
1.9,127,2942,4,1992,2,2,41.5
1.8,159,2941,4,1994,1,0,41.8
3.5,303,2850,8,1997,1,0,28.7
1.3,150,2884,3,1989,2,1,44.6
3.5,333,3055,8,2007,0,2,31.9
1.7,198,2751,4,2009,0,2,46.1
1.3,161,2012,3,1977,2,2,47.4
3.5,259,2676,8,2007,2,0,34.8
2.8,255,2922,6,1976,1,2,32.3
1.8,195,2581,4,2001,2,0,44.6
1.9,137,3018,4,2010,1,2,46.9
1.2,112,2470,3,1987,2,1,45.7
1.2,97,2484,3,1972,2,2,44.8
2.4,229,3245,6,2004,0,2,35.9
1.5,188,2698,4,1989,1,0,40.2
2.8,225,2577,6,2004,1,0,38.1
1,146,1946,3,1978,2,0,45.3
2.8,211,3063,6,2017,3,2,37.7
1,114,2698,3,2013,0,2,51.5
1.4,119,2811,3,1990,0,0,43.7
4.8,445,4029,12,1984,0,2,9
5.1,442,3916,12,2007,2,1,14.7
1.4,135,2831,4,2009,0,0,47.5
1.8,162,2970,4,2012,3,0,44.9
1.7,129,2770,4,1976,2,0,40.6
1.6,160,2476,4,2014,0,0,47.3
3,308,3032,8,2007,2,1,32
3.3,315,3583,8,2022,1,0,29.1
3.1,253,3255,8,1974,3,0,27.3
2.5,224,2524,6,2020,0,2,45.5
3.4,256,2638,8,1989,1,0,33.3
2,166,2379,4,1973,1,2,41.9
1.3,107,2706,3,2007,0,0,50.8
1.9,113,2267,4,2004,1,2,50.5
1.3,116,2038,3,2007,1,1,54.4
5,480,3176,12,1986,2,1,13.1
1.6,137,2950,4,1993,1,2,42.3
1.4,103,2726,3,1997,0,1,46.7
1.8,148,2273,4,1987,2,0,42.8
3.4,268,3078,8,1984,3,0,28.5
2.7,267,3378,6,2020,2,0,34.2
3.2,289,3040,8,1984,0,2,29.6
1.5,145,2350,4,2001,2,1,46.5
2.9,197,2889,6,1984,3,1,35.8
1.5,137,2433,4,2001,0,2,46.6
2.7,184,3081,6,1996,1,0,35.1
5.2,447,4092,12,2020,1,0,15
1.4,155,2986,4,1993,2,0,43.3
3.5,302,3522,8,2008,0,2,27.7
5.3,418,3210,12,2016,1,0,20.5
3.1,303,3216,8,2008,3,1,32.1
3.8,323,3259,10,1992,2,1,22.9
2,188,2285,4,2000,2,2,44.8
5.2,405,3454,12,2006,1,1,18.1
2.3,229,2510,6,1999,0,2,41.7
4.3,344,3205,10,1999,3,0,24.1
4.1,325,3600,10,1997,1,2,22.8
1.6,146,2768,4,1987,2,2,42.1
1.7,115,3072,4,2007,3,1,46.7
3.5,256,2689,8,1997,0,0,33.3
1.9,135,2545,4,1987,0,1,44.4
1.4,197,2653,4,2007,1,0,44.2
4.3,348,3643,10,2011,3,1,23.4
1,156,2025,3,1973,0,0,46.2
3.5,266,3302,8,1984,3,2,28.3
2.2,192,3181,6,1980,1,0,33.5
2.6,247,2767,6,1983,1,0,33.9
1.4,142,2407,3,1987,3,0,43.6
1.6,163,2241,3,2020,0,1,50.6
3.2,324,3218,8,1971,3,1,24.2
4.3,337,3480,10,1984,3,0,19.3
2.7,252,2744,6,1989,0,2,34
3.4,308,2644,8,2019,3,0,35.8
2.1,226,2381,6,1978,0,0,36
3.3,260,3166,8,2023,3,1,36.5
1.6,162,2368,4,1988,2,0,42.6
2.8,244,2550,6,1991,2,1,36.4
1.4,172,2334,4,1976,3,1,41.7
1.8,181,2282,4,2011,1,2,47.6
3.3,305,2640,8,1982,3,2,27.8
1.7,178,2693,4,1987,3,1,39.5
2.5,215,2652,6,2023,3,0,43
2.1,161,2817,4,1979,2,0,39.1
1.5,184,2051,4,1980,1,1,44
1.4,155,2666,4,1975,2,1,42.2
4.7,421,3258,12,1983,2,2,16
3.2,267,3205,8,1983,0,2,28.3
3.6,331,3608,8,2017,2,0,29.2
1.9,182,2834,4,2022,2,2,46.8
5.2,469,3612,12,1980,1,2,9
1.1,124,2788,3,1999,1,2,46.8
4.9,456,3697,12,2022,0,0,17.1
1.8,165,2709,4,2020,2,2,46.7
3,311,3241,8,2014,1,2,31.5
1.3,165,2534,3,2018,3,1,50
3.3,323,3205,8,2001,2,0,26.4
3.4,258,3347,8,1983,0,0,27
2.1,138,2805,4,2005,1,0,44.9
1.5,131,2460,4,1995,1,0,47.1
4.3,345,3356,10,1998,3,1,21.8
2.6,247,2905,6,2011,1,1,38.1
1.4,142,2251,4,2007,0,1,51.5
1.6,190,2464,4,2016,1,0,46.3
2.4,233,2830,6,1983,2,0,32.9
3.7,345,2933,10,2022,3,0,29.4
5,470,3854,12,1998,2,0,10.8
2.6,232,2730,6,2009,1,0,39.8
1.6,185,2136,4,2012,0,2,48.4
2.8,263,3256,6,1979,3,0,28.2
2.6,194,2397,6,1997,0,1,40
4.3,379,3299,10,2023,3,2,24.6
2.1,124,2578,4,2022,0,1,50.3
1.6,136,2847,4,1982,2,2,41.1
2.2,211,2524,6,1993,3,1,39.9
2.9,187,2919,6,2002,2,0,36.8
2.8,185,2675,6,2012,2,2,42.7
1.5,154,2346,4,1979,0,2,42.4
3.5,319,2763,8,2017,3,0,34.5
1.6,119,2482,3,2021,1,2,53.5
3.7,371,3416,10,2008,2,1,25.5
1.4,160,2977,4,2004,3,2,45.5
4.6,439,3548,12,2024,1,1,21.3
3.1,286,3487,8,2020,0,2,34.6
4.3,348,2925,10,2018,0,2,28.5
2.4,267,2479,6,2021,3,2,41.2
2,150,2891,4,1999,1,1,43.9
1.3,113,2515,3,2010,0,1,50
1.6,151,2113,3,1975,1,0,45
1.6,159,2502,4,1988,1,2,45.4
4.9,465,3476,12,1977,2,1,11.9
1.8,162,2210,4,1986,2,2,45.7
1.8,197,2892,4,2010,2,1,44.9
1.3,195,2397,4,1977,3,2,39.6
3.7,286,3009,8,2001,0,2,29.7
2.8,267,3232,6,1997,0,1,32.8
1.3,170,2270,4,1976,3,1,41.1
4,345,2834,10,2007,2,2,27.7
1.8,171,3014,4,1970,3,0,36
1.7,110,2352,3,1988,0,0,46.4
2.1,253,2966,6,2005,0,2,37.2
1.7,124,2445,4,2022,3,2,52.3
4.6,438,3475,12,1982,3,2,11.8
1.6,190,2531,4,1983,3,1,41.7
1.5,145,2517,4,1990,0,0,45.5
3,292,2692,8,2020,1,1,37.4
2.5,186,2979,6,1990,1,2,36.8
2.9,335,3312,8,2019,2,2,30.5
1.6,191,2677,4,1985,1,0,40.4
1.9,135,2849,4,1993,3,2,41.3
1.6,75,2481,3,1984,1,1,48.2
3.3,296,3467,8,1989,2,0,25.7
3.6,289,3246,8,1980,3,0,22.8
1,122,2320,3,2021,3,2,54.6
3.3,275,2640,8,1984,2,0,31.3
1.5,119,2080,3,1972,1,0,44.5
2.9,331,3411,8,1994,1,1,28.1
1.8,130,2222,4,2016,1,0,49.2
2.8,260,2922,6,2021,3,1,39.1
1.4,148,2713,4,1973,3,0,40.9
1.7,199,3025,4,1989,0,0,37.8
3.1,306,3020,8,1970,2,0,25.5
3.5,307,3523,8,1995,1,2,26
3.8,369,2804,10,2000,0,0,24.5
2,188,2365,4,1971,0,1,38.5
3.7,322,3069,8,2011,1,1,31.7
2.1,182,3162,4,2021,0,2,46.2
1.5,106,2813,3,1985,3,1,45.5
1.6,128,2229,4,2005,1,0,49.3
3.5,259,2689,8,2002,1,1,32.5
1.5,137,2485,4,2016,2,2,50.6
2.6,180,2955,6,1971,3,0,32.4
3.4,272,2898,8,1980,3,0,25.6
2.2,206,3071,6,1988,0,1,37.6
2.1,137,2326,4,1997,1,0,45.3
1.9,111,2698,4,1977,1,2,42.8
2,125,2791,4,2010,0,2,46.7
1.9,127,2878,4,1983,3,2,42.4
2.6,254,3375,6,1994,3,1,30.8
3,252,2631,8,1974,3,0,27.9
4.4,344,3198,10,2002,3,2,23.6
1.5,125,2074,4,1991,3,0,45.6
1.4,117,2589,4,1991,3,0,44.7
5.1,440,3653,12,1981,0,0,12
2.6,217,2792,6,1997,3,0,36.1
3.5,269,3342,8,1971,3,0,23.9
1.6,155,3032,4,2022,0,1,48.3
2.4,220,2575,6,2009,0,2,42
1.7,177,2195,4,2007,0,1,48
2.2,241,2896,6,2001,2,2,36
1.7,165,2374,4,2013,1,2,49.1
3.1,299,3114,8,2016,1,2,34.3
2.6,240,3071,6,2012,2,1,39.4
1.7,121,2862,4,1985,3,0,41
1.9,113,2472,4,1988,2,0,45.1
2.8,214,3019,6,2005,0,0,38.1
1.7,164,2460,4,1998,1,0,45.6
2.3,207,3034,6,1972,3,0,33
2.7,264,2574,6,2012,0,2,39.2
4.8,415,3583,12,1971,0,2,11.2
3.1,305,2657,8,2020,0,2,38.1
1.8,143,2817,4,2024,3,1,47.4
4.9,440,3173,12,2007,3,1,17.9
1.4,119,2722,3,2017,0,2,52.2
2.7,225,2623,6,1979,1,2,33.7
1.8,143,2223,4,2010,2,1,49.2
1.9,170,2667,4,2016,3,2,45.7
2.9,329,2917,8,1994,0,1,30
4.7,425,3827,12,1989,1,2,14
3.7,269,2827,8,1996,1,2,30.8
1.1,115,2632,3,2023,2,0,52.8
1.5,178,2353,4,1998,2,1,44.2
1.8,118,2591,4,1985,1,0,41.9
1.9,138,2344,4,2017,2,0,51
4.1,368,3182,10,2014,1,0,26.2
3.4,252,3515,8,1998,1,2,28.9
2.8,265,2845,6,2022,1,0,39.6
1.9,166,2741,4,2023,2,0,46.3
2,139,3107,4,1988,0,1,39.4
2.2,201,2920,6,1991,1,2,37.3
1.9,175,2965,4,2008,0,1,43.4
2.7,184,2606,6,2023,1,1,43.4
2.1,124,3030,4,1993,3,2,41.9
1,97,1994,3,1988,0,0,52.7
3.8,325,3325,10,2018,3,1,28.7
2.6,184,3198,6,2012,2,0,40.1
1.9,186,2332,4,2022,0,2,50.1
3.7,381,3372,10,1985,1,2,21.9
1.7,172,2937,4,2020,0,2,48.4
3.4,273,2806,8,2019,0,0,35.2
3.3,277,3551,8,1982,1,2,27.2
3.4,285,3609,8,1996,0,1,26.6
4.2,347,3270,10,2018,0,2,26.5
1.6,127,2138,4,2006,1,0,48.8
1.8,124,2255,4,1996,1,2,49.6
1.5,92,2178,3,1972,2,2,47.9
2.3,233,2423,6,1974,1,1,37.2
1.7,189,3038,4,1975,2,2,38.6
2.7,247,3164,6,1978,3,1,29.2
2.9,205,2712,6,2000,0,0,38.5
1.1,158,2745,3,1973,3,0,38.7
1.8,185,2151,4,1979,1,2,43.8
3,326,2862,8,1997,1,2,30.9
1.6,111,3055,4,1980,1,2,41.3
2.6,230,2490,6,2022,3,2,44.8
1.8,131,2225,4,2008,0,1,51.5
2.3,235,2971,6,1983,2,0,33.7
1.3,152,2540,3,2004,2,0,47.7
2.8,264,3267,6,2006,1,1,35
3,308,3079,8,2001,0,2,32.4
1.5,196,2539,4,1998,2,1,44.7
3.8,373,3566,10,1985,1,2,21.1
1.5,94,2100,3,2021,2,0,54.7
3.3,263,3489,8,1977,3,0,25.6
4,369,3507,10,2017,2,1,23.4
4.1,401,3618,10,2014,2,1,22.5
3.5,251,2872,8,1970,1,0,26.1
1.5,133,2642,4,2002,0,2,48.5
4.3,325,3838,10,2007,1,2,22.4
2.1,157,2586,4,2018,2,0,46.7
2.6,216,3168,6,1979,0,0,31.4
2.3,235,2958,6,1995,2,1,35
1.6,148,3010,4,2013,1,1,47.3
1.5,119,2282,4,1971,2,2,43.5
1.2,138,2864,3,1999,2,0,44.2
1.5,185,2962,4,1985,3,1,38.4
2.8,254,3245,6,2024,2,0,38.7
5.1,393,4126,12,1979,2,2,9
4.2,362,3422,10,2024,1,2,26.5
2.7,200,2916,6,1978,2,2,35.3
1.6,154,2510,4,1971,1,0,41.9
1.7,199,2625,4,1983,2,1,38.2
3.5,317,3626,8,2024,0,1,30
1.9,198,2427,4,1976,2,1,41.1
1.4,117,2761,4,1987,1,1,42.7
3.6,331,3122,8,2017,3,1,28.8
2.1,157,2835,4,1973,0,0,36.9
3.7,295,2950,8,1981,2,0,25.5
1.5,125,2754,4,1974,3,2,42.5
2.8,247,2524,6,2017,1,0,41.9
1.2,149,2315,3,1988,3,2,45
1.4,115,2619,4,1995,3,2,46
3.7,343,3029,10,2023,3,0,29.4
1.9,147,2319,4,1970,1,2,43.4
4.8,449,3370,12,2002,0,1,18.4
4.7,408,3197,12,1993,0,2,17.3
4.7,392,3720,12,2023,3,2,20.2
2.3,208,2479,6,1972,3,2,34.4
3.8,334,3345,10,1998,0,0,24.3
1.5,160,2806,4,2008,3,0,43.6
2.7,268,2870,6,1984,1,2,34.3
3,327,2526,8,2017,1,0,35.9
5,429,3647,12,2003,3,1,15.6
1.9,144,3055,4,1970,3,0,37.1
2.4,246,2397,6,1984,3,1,36.9
2.2,210,2359,6,2020,1,2,46.4
1.8,195,2830,4,2022,3,0,44.3
3.2,335,3062,8,2020,1,2,32.2
4,350,3162,10,2018,0,2,27.2
3.4,296,2835,8,1993,3,1,29.2
5.1,399,3530,12,1971,0,1,13.4
3.3,312,3132,8,2023,1,2,33.4
1.8,155,2690,4,2011,3,1,47.7
1.8,150,2487,4,2013,3,0,48.9
1.4,139,2467,4,1984,2,2,42.9
1.9,173,2309,4,1981,2,2,41.1
1.4,130,2480,4,2006,1,2,47.9
3.2,258,3358,8,1988,0,0,28.5
4.7,422,3837,12,2020,1,1,19.7
1.8,160,2889,4,2002,1,2,45.6
3.5,322,2876,8,2013,0,2,34.2
2.4,231,3263,6,1976,0,0,31.6
1.3,139,2686,4,1975,2,1,41.7
5,475,3527,12,1979,2,1,10.4
2.1,177,2320,4,2021,2,1,49.4
2.1,112,2906,4,2004,3,1,44.7
3.4,275,2623,8,1980,1,0,29.6
2.6,226,2972,6,1994,1,2,37.6
3.5,334,3063,8,2020,1,0,30.8
1.5,154,2889,4,2017,2,2,45.8
1.3,154,2142,4,1980,1,1,43.9
3.2,317,3242,8,1988,3,0,26.5
1.9,166,2507,4,1972,2,0,40.7
1.4,157,2228,4,1998,1,1,46.7
4,349,3674,10,2003,2,2,21.3
1.4,129,2601,3,2021,1,1,51.6
1.7,172,2571,4,1978,3,2,41.5
4.5,391,3788,10,1986,1,0,14.2
1.9,140,2720,4,1996,0,0,43.1
2.1,121,2843,4,2015,3,0,46.1
5.1,479,3992,12,2008,2,2,13.2
2.5,229,3055,6,2005,3,0,34.6
3.5,328,2952,8,1985,3,0,23.9
1.5,127,2358,4,2022,0,1,53.2
1.4,140,2160,4,1985,0,2,48.1
4.1,386,3793,10,1972,1,1,14.8
2,136,2213,4,1973,1,0,44
3.3,326,2810,8,2002,0,2,30.3
1.7,151,2324,4,1999,0,0,48.4
5.1,416,4047,12,1977,0,2,10.7
1.3,166,2842,4,1977,2,2,38.6
3.1,266,2610,8,2007,2,1,37
2.6,188,3032,6,2014,0,1,39.6
1.5,175,2248,4,2011,2,0,49.9
1.8,188,2396,4,2019,0,1,48.9
2.4,239,3128,6,1976,0,0,30.2
1.9,136,2874,4,2011,2,2,47
1.7,129,2189,4,2003,3,0,48.5
3.2,315,2922,8,2006,3,0,28.9
1.3,77,2727,3,2019,1,1,52.6
2.3,248,2842,6,2006,1,0,39.5
4.5,393,3500,12,2004,1,0,17.9
1.4,137,2314,4,2011,2,0,51.2
2,140,2893,4,1975,3,0,36.5
2.1,195,3010,4,1971,1,0,36.1
2,188,3078,4,1995,0,2,41
1.8,163,2762,4,1974,1,0,40
1.5,123,3047,4,1994,0,1,42.6
2.7,267,2787,6,2023,3,0,38.9
1.5,189,2398,4,1990,2,2,45.2
4.7,419,3980,12,2004,1,2,13.7
5.1,414,3387,12,2020,0,2,20
2.2,254,2702,6,1986,3,2,34.2
1.6,138,2433,3,1975,0,1,45.5
1.9,122,2481,4,1994,2,2,47.1
2,198,2867,4,1979,0,0,37.2
2.3,196,3210,6,2006,0,1,37.7
5.1,472,3267,12,1989,3,1,13.3
2,122,2635,4,2021,3,1,49
2.6,199,2929,6,2018,3,2,42.9
4.8,397,3388,12,1992,1,2,17.6
4.3,334,3462,10,1989,1,1,20
1.1,98,2763,3,1981,0,1,46.2
3.1,308,3115,8,1995,0,1,29.8
1.8,129,2466,4,2001,2,2,46.6
3.8,323,3725,10,2011,1,2,24.7
2.4,220,2332,6,1993,1,0,40.2
3.8,336,3207,10,1977,2,2,22.3
1.7,186,2874,4,1995,2,2,40.8
1.4,158,2103,4,1993,3,2,48.1
1.3,175,2445,4,2014,3,2,47.7
3.6,315,3633,8,1995,0,1,25.3
1.2,83,2406,3,2003,1,2,53.8
2.7,269,3317,6,2007,2,2,35.1
3.7,254,2787,8,2010,3,1,34
4.8,440,3581,12,1980,2,1,11.1
1.7,155,2847,4,2013,1,0,45.2
2.3,217,2982,6,2013,2,2,39.1
1.4,121,2711,4,2015,3,1,48
2.9,326,3367,8,2010,1,2,29.4
1.6,140,2261,4,1971,3,1,40.5
4.1,398,3662,10,2010,3,0,20.4
2.9,266,2999,8,1988,3,2,31.7
4.5,391,3020,12,1971,0,1,15.2
5.1,397,3630,12,1999,0,1,16.4
1.3,113,2743,4,1970,1,2,40.7
1.5,138,2459,4,2009,0,2,50
1.9,135,2573,4,2002,0,2,46.4
1.7,162,2784,4,1979,0,2,39.8
2.4,227,2794,6,2005,2,1,40.5
2.3,212,2596,6,1990,3,0,35.7
1.5,141,2113,4,2001,3,1,49.4
4.4,367,2931,10,2016,3,0,25.8
1.4,158,2952,4,2000,3,1,42.3
2,114,2958,4,2018,2,1,47.7
4.3,350,3236,10,2022,2,0,25.7
1.8,129,2586,4,1972,0,2,40.1
2.9,289,3414,8,1996,3,0,26.6
1.9,143,2898,4,1992,2,0,42.7
2.6,242,3375,6,1973,2,2,28.1
3.7,319,3023,8,1974,2,1,23.8
2.3,246,2370,6,1994,1,2,38.5
3.8,392,3507,10,2009,2,2,24.1
2.6,262,2810,6,2019,0,0,39.5
4.1,360,3516,10,2021,3,0,24
1.1,77,2156,3,1972,0,2,47
2.7,240,3152,6,1999,2,2,33.4
1.8,137,2423,4,2023,0,0,52.8
4.1,357,2839,10,2018,1,1,29.8
2.5,223,2543,6,2001,2,0,37.7
2,116,3180,4,1982,3,0,39.6
3.2,326,2864,8,1977,1,2,28.2
1.7,140,2197,4,1984,0,2,47.1
1.9,141,3145,4,2007,3,1,43.1
3.7,404,2780,10,1987,3,1,23.6
3.2,264,3022,8,2001,0,0,31.4
2.6,189,2729,6,1999,0,2,41.4
3,334,2847,8,1991,0,2,29.2
2.1,175,3195,4,1986,2,1,39.1
2.8,198,3163,6,1993,0,0,34.9
4.5,344,3290,10,1995,1,2,23.3
1.3,122,2902,4,2019,3,1,48.2
1.8,141,2274,4,1983,3,0,43.7
2,154,3178,4,1973,3,2,34.8
4.1,349,3207,10,1998,0,2,23
3,280,2547,8,1973,1,1,27.9
4.2,389,3746,10,2017,0,2,22.5
2.3,245,2291,6,2002,2,0,41.8
4.9,413,3291,12,1978,1,0,12
5.1,478,3629,12,1980,0,0,9
2.3,238,3170,6,2012,1,0,39.3
2.5,205,2972,6,2000,3,0,38
2,194,2973,4,1973,0,1,36.5
3,327,3162,8,2009,3,2,31.3
1,144,1972,3,1997,1,1,49.4
1.3,164,2260,4,1977,0,0,42.4
4.8,445,3236,12,2014,3,0,19
2.3,261,2925,6,2001,3,0,33.7
1.5,196,2271,4,2022,3,2,50.6
3,272,2978,8,2004,0,0,34.3
5.2,393,3562,12,1994,1,1,17.1
1.9,184,2366,4,1998,3,0,42.9
2.9,213,3271,6,1981,3,1,29.8
4.7,420,3910,12,1998,1,1,15.2
2.5,190,2741,6,2001,3,1,38.4
1.4,134,2569,4,1979,1,1,44.1
3.2,288,3427,8,1981,3,1,24.3
3.2,336,3424,8,1994,3,1,26.4
1.9,170,2698,4,1997,1,2,42.9
2,180,2404,4,2016,2,1,46
2.6,205,2991,6,2024,2,2,43.2
3.7,274,3683,8,1995,3,0,25
2.8,252,3045,6,1977,1,0,31.2
2.1,215,2997,6,1985,3,1,36.2
2.8,211,3306,6,2023,2,1,39
1.4,182,2133,4,2022,0,1,52.8
3.8,363,3318,10,2014,0,0,26.2
1.4,170,2903,4,1979,1,0,40.5
1.7,125,2552,4,2024,1,0,49.3
1.9,168,2376,4,1975,2,1,40.9
1.2,78,2476,3,2017,1,1,55.3
1.1,131,2217,3,1993,0,0,48.7
1.9,184,3017,4,2017,1,0,44.1
3,311,2778,8,1985,2,0,28.3
1.3,142,2372,4,1974,3,1,44
1.9,161,2730,4,2012,1,1,46.9
2.4,237,2886,6,1991,1,1,34.1
2.8,239,2697,6,2023,3,0,42.1
1.7,136,2512,4,2008,3,1,47.9
1.9,115,2361,4,1994,2,1,48.2
1.8,131,2927,4,2003,0,2,44
1.5,196,2955,4,1979,2,2,39.1
2.6,249,3063,6,2015,3,1,37.1
3.7,334,3375,8,1977,0,0,22.4
2.7,241,3069,6,1990,0,0,34.1
1.4,184,3007,4,2000,3,1,41.3
1.4,124,2864,4,2011,1,0,46.5
3.7,259,3130,8,2017,3,2,33.9
3.3,253,2806,8,1972,2,2,28.2
3.2,297,2856,8,1992,1,0,28.4
1.5,117,3023,4,1989,0,0,41.5
2.7,242,2656,6,2020,1,1,42.8
4.9,475,3894,12,1971,3,0,9
5.1,433,3951,12,1996,3,0,11.5
2,134,2912,4,2013,3,1,45.3
1.4,195,2512,4,1975,2,1,40
4.7,456,3106,12,1980,2,2,14.2
2.4,269,3116,6,1970,3,2,27.7
1.3,134,2347,4,2002,1,0,48.6
1.6,190,2762,4,2004,1,0,43.8
2,160,2348,4,1990,2,1,44.3
1,125,2577,3,2002,1,2,50.8
1.9,198,2256,4,2007,1,0,46.6
3.3,340,2811,8,2007,3,2,32
1.3,171,2947,4,2021,0,0,48.7
3.2,331,2576,8,2015,0,1,34.2
2,194,3089,4,2014,0,2,42.9
1.9,117,2846,4,1976,1,2,40
3.4,282,3597,8,2003,3,0,28.6
1.7,161,2172,4,2006,1,2,49.5
2.1,120,2379,4,1975,2,0,43.2
3.9,370,2833,10,1991,0,2,24.4
2.2,185,2365,6,2005,3,0,43
4,322,3683,10,2011,1,2,23.7
3.5,295,3010,8,1973,3,0,23
1.8,168,2592,4,2008,2,0,46.1
4.1,353,3508,10,2016,2,2,26.6
4.2,337,3161,10,1990,3,1,23.1
3.5,298,3238,8,2018,0,1,31.4
2.3,181,2941,6,1974,0,1,34.5
4.8,398,3521,12,1986,0,1,13.8
1.4,155,2946,4,2011,3,2,44.8
1.6,157,2605,4,2022,3,2,49.2
2.3,217,2618,6,1981,1,0,36
1.6,141,2196,4,1991,2,2,47.7
2.5,268,2668,6,1997,0,2,36.2
3.2,293,2647,8,1998,1,1,32.7
3.8,367,3617,10,2015,3,0,21.8
4.6,451,3166,12,1996,0,1,18.1
4.8,413,3174,12,1987,3,2,14.6
3.4,283,2701,8,2010,1,0,33.7
3.2,257,3098,8,2007,3,1,32.6
4.6,466,3564,12,1997,0,2,13.5
1.1,83,2370,3,2006,0,0,54
4.7,422,3244,12,2007,0,1,20.9
4.2,353,3335,10,1978,0,1,18.7
3.1,260,3130,8,1988,2,1,28.2
3,279,3099,8,1994,0,1,29.7
1.7,154,2153,3,2000,1,1,50.5
1.8,180,2697,4,1976,0,1,38.4
2.4,225,3291,6,1976,2,0,31.6
1.4,149,2787,4,2021,1,0,48.9
3.8,354,3095,10,2009,2,2,26.3
3.7,333,3287,8,1987,0,1,23.7
1.5,128,2770,3,1982,1,1,44
1.1,158,2812,3,2010,0,0,46.2
1.6,148,2810,4,1986,3,2,40.6
1.4,123,2629,4,1998,3,1,47.5
2.8,211,2492,6,2019,2,1,43.4
4.1,369,3046,10,1972,0,1,20.4
2.1,135,2328,4,1999,2,2,48.4
2.8,190,2441,6,1974,2,0,34.4
1.4,149,2891,4,2001,3,0,43
5.1,470,3136,12,2012,1,0,16.4
3.2,254,2989,8,2024,1,2,38.2
2.7,236,3072,6,1995,0,0,36.5
2.4,200,2572,6,2005,1,0,42.6
3.1,267,2869,8,2002,0,2,35.1
2.6,257,2486,6,1975,3,2,35
1.9,128,3097,4,2021,0,0,45.8
2.4,254,3189,6,1977,0,2,30.3
4.5,334,3527,10,2001,0,0,21.9
5,399,3240,12,2003,1,2,21.1
3,269,2758,8,2022,2,2,37
2.1,181,2296,4,1979,1,2,40
1.3,162,2756,3,1987,1,0,42.2
4,382,3573,10,2006,3,1,20.7
2.4,250,3194,6,1992,3,0,32.1
5.2,425,3894,12,1970,2,1,9.2
3.6,317,3163,8,2019,0,0,32.6
2,190,2455,4,1982,0,0,40.3
2.2,205,2524,6,1990,2,0,38.3
3.3,310,3557,8,2015,1,1,30.2
3.4,337,3474,8,1998,0,1,24.8
3.9,403,3127,10,2008,0,0,24
4.9,465,3341,12,1981,2,2,12.2
1.5,102,2648,3,2016,3,0,48.7
2.2,206,2552,6,2006,0,2,44
2.2,188,3023,6,1990,1,1,37.2
1,101,1995,3,1991,0,1,51.6
3.7,358,3235,10,1980,2,0,20.6
3.5,331,3071,8,2006,0,2,31.1
1,109,2723,3,1990,3,1,46.8
1.3,124,2172,3,2017,1,1,54.3
2.7,231,3046,6,1991,2,0,33.4
2.3,221,2291,6,2004,3,0,40.5
1.6,141,3045,4,2009,1,0,43.3
4.5,396,3507,12,1980,1,2,14.8
3.3,272,3006,8,1990,3,2,30.6
1.9,167,3076,4,1999,2,0,42.7
1.1,147,2724,3,1977,3,0,43.1
3.7,326,3023,8,2011,2,1,30.9
1.7,159,2265,4,2001,0,0,48
1.5,114,2410,4,1981,3,0,44.2
1.7,126,2316,4,1989,3,0,46.3
3.1,277,2996,8,1983,2,0,29.1
3.2,297,3493,8,1985,1,0,23.7
1.8,114,3120,4,1970,0,0,38.5
2.5,211,2678,6,1993,3,1,38.8
1.8,171,2656,4,1981,1,0,40.5
5,399,3875,12,1979,1,1,11.8
1.4,154,2178,4,1984,1,2,45.8
2.7,182,3007,6,2021,0,2,42.5
1.6,157,2494,4,1976,2,1,41.2
1,108,2037,3,1974,0,0,48
1.7,150,2350,4,2014,1,0,48.8
2.6,193,3322,6,2012,1,2,38.6
1.3,180,2630,4,2023,2,0,47.7
2.3,263,2929,6,1972,0,0,29.2
3.8,335,3163,10,2002,3,2,25.3
4,404,3021,10,1982,3,2,21.1
2,146,2472,4,1971,1,1,41.2
2.3,223,3105,6,1997,2,0,36.5
4.2,409,3000,10,1977,0,2,18.2
3.8,404,3219,10,1981,1,1,20
1.4,95,2901,3,1991,0,0,44.6
4.1,345,3149,10,1994,0,1,24.3
1.8,198,2627,4,1995,0,0,43.3
1.6,97,2892,3,1995,0,1,46.6
4.3,365,3202,10,1993,0,1,22.4
3.1,331,3026,8,2020,3,1,32.1
2.2,241,2835,6,2003,1,1,39.8
2.6,210,2744,6,1994,1,2,36.5
1.4,139,2161,4,2006,3,1,48.2
1.5,194,2363,4,1979,2,1,42.4
3,295,2722,8,2003,3,2,32.9
1.5,126,2967,4,2020,2,1,49
3.6,297,3281,8,1989,1,2,25.4
2.2,232,2556,6,2007,0,0,41.1
2.4,260,2948,6,1982,0,1,32.7
3.3,251,2708,8,1973,0,1,29.8
5.1,399,4050,12,1979,3,0,9.7
1.8,144,2699,4,1996,0,2,44.6
2,112,2830,4,1973,3,1,39.9
1.4,111,2919,4,2016,1,1,50.2
1.8,186,3089,4,2024,1,1,44.5
3.1,277,2671,8,2013,2,0,35.6
1.5,194,2763,4,1997,0,2,42
2,176,2564,4,2008,3,0,44.2
3.6,274,3309,8,2003,0,2,30.7
1.9,147,2510,4,1987,0,0,41.7
3.9,322,3112,10,2009,2,2,26.5
4.8,406,3400,12,2008,0,1,18.1
2.2,237,2464,6,1993,3,0,36.4
1.3,192,2911,4,2022,1,2,45.8
2.2,269,2631,6,1992,1,1,36.7
1.8,170,3131,4,1972,0,1,38
1.3,167,2608,4,2015,3,2,46.9
5.2,429,3752,12,1982,3,0,10.5
2.2,222,2272,6,1988,1,1,39.8
1.7,102,2393,3,1980,0,2,45.7
3.7,271,3685,8,1987,2,2,24.4
2.7,247,3318,6,2023,1,0,39.4
1.8,185,2922,4,1995,0,1,40.9
2.9,252,3260,8,1983,1,1,28.1
1.8,124,2449,4,2022,1,0,50.2
1.6,166,2875,4,1987,3,1,39.2
3.7,286,2812,8,2023,3,1,36.6
2.2,200,2349,6,1992,2,0,40.8
2.1,134,3074,4,1974,3,1,38.3
3.1,304,3178,8,2021,1,2,34.1
1.6,120,2291,4,2002,2,2,50.4
2.3,266,2572,6,1998,3,2,35.6
2.5,189,2538,6,1990,1,1,40.7
3.3,266,2756,8,2024,1,1,37.5
1.5,125,2804,4,1977,2,2,41.7
2,179,2447,4,1987,0,0,42.3
1.8,119,3071,4,1985,1,2,42.5
1.7,154,2453,4,2013,1,2,49.5
3.1,263,2676,8,1990,0,1,33.2
1.8,166,2254,4,2009,3,2,49.6
2.5,237,2833,6,2009,2,2,37.4
1.8,132,2593,4,1982,0,2,44.5
2.5,217,2643,6,2009,1,0,38.9
2.7,212,2604,6,2015,0,0,40.5
1.8,111,3013,4,1997,1,2,44.7
1.3,174,2103,4,1986,3,0,45.2
1.8,198,2701,4,1988,1,2,41.5
3.5,285,3307,8,2018,1,0,31.8
5.1,445,3937,12,2006,2,1,12.8
1.6,199,2685,4,1972,0,2,38.2
1,145,2162,3,1997,1,0,51
1.3,187,2313,4,2017,3,0,47.8
5,421,3595,12,2004,0,1,18.1
1,147,2008,3,2010,1,2,54.4
3.2,312,3003,8,2014,3,0,30.7
2,198,2949,4,2007,0,0,40.7
4.8,399,3759,12,1989,3,2,13.6
4.1,381,2930,10,1970,0,2,20.5
2.6,207,3308,6,2002,2,1,37.2
4.3,334,3531,10,2022,0,1,25.5
2.4,259,2943,6,1999,3,0,35.5
4.7,449,3366,12,1981,3,0,10.3
4.2,353,3670,10,1998,3,0,20.4
1.3,167,2986,4,2006,2,2,44.8
2.3,251,2649,6,1995,3,0,37.1
3.5,288,3204,8,2001,0,1,28.6
1.9,155,2691,4,1978,1,1,38.9
1.3,76,2786,3,2011,0,1,51.5
4.4,354,3518,10,2000,3,0,20.7
2.8,234,2965,6,2015,1,0,38
3.9,393,3107,10,1975,1,2,18.8
2.6,240,2837,6,1992,3,1,34.1
2.4,248,2412,6,1984,2,0,35.8
1.5,129,2854,4,1984,2,1,43.2
1.5,164,2252,3,2017,0,1,50.8
4.3,350,3052,10,1974,2,0,18.9
3.9,386,2999,10,2017,3,1,28.1
2,148,2466,4,1981,3,2,41.4
3.5,315,3307,8,1988,1,2,25
1.6,176,2157,4,1972,3,0,41.7
3.2,305,2990,8,1987,3,1,27.5
5.2,413,3716,12,1997,2,0,12.5
1.4,80,2094,3,2017,2,2,55.9
1.6,180,2945,4,1976,1,1,38.6
2,127,2856,4,1978,1,1,41.4
4,333,2943,10,2013,3,0,26.6
1,124,2714,3,1976,0,0,43.1
3.9,355,3744,10,2020,1,1,25.6
2.3,189,2521,6,1998,0,2,42.5
3.6,335,3119,8,1999,2,0,26.4
4.2,395,3578,10,1970,1,0,14.5
4.2,338,3552,10,1999,3,0,22
1.4,195,2310,4,1973,3,2,40.6
1.6,186,2118,4,2020,2,2,50.4
1.5,116,2230,4,1977,1,1,46.3
2.1,183,2465,4,2009,2,0,44.4
4.6,471,3348,12,2006,2,0,16.1
3.2,302,2630,8,1971,0,1,28.9
3.3,255,2869,8,2021,1,2,36.4
2.6,262,2508,6,1971,0,2,33.6
1.9,174,2441,4,2017,0,2,47.5
3.7,260,3631,8,2013,3,2,29.7
2.8,261,2712,6,1973,2,1,31.4
2,148,2943,4,2006,1,1,45.8
4.7,441,3812,12,1985,3,1,10.6
3.8,398,3734,10,2000,1,0,20.7
1.5,121,2161,4,2004,0,2,49.3
2.7,217,3078,6,2012,1,2,40.6
1.3,147,2886,3,1979,1,0,42.4
1.4,122,2489,4,2020,2,2,50.7
5.1,393,3695,12,1982,0,2,13.2
2.7,194,2498,6,2022,0,0,45.4
1.8,118,2713,4,1990,1,0,42.8
4.7,458,3435,12,1992,1,0,15.1
2.1,216,2517,6,2016,0,0,42
3.6,334,3211,8,1982,3,2,25.5
2.6,189,2425,6,2010,0,1,45.1
1.5,104,2061,3,2015,0,0,53.4
1.3,122,2976,4,1991,0,0,44.1
2.8,269,3392,6,2012,2,0,34.4
4.1,336,3198,10,1982,3,2,20.7
4.1,399,3690,10,2012,1,1,22.2
2,133,2714,4,2002,0,0,46.6
3.6,313,3484,8,2002,3,2,25.4
3.3,321,2650,8,1970,1,0,26.7
3.9,327,3042,10,2002,1,0,25.4
1.6,139,2714,4,2016,1,1,49.3
1.6,118,2635,4,1972,1,2,41.3
2.6,250,3259,6,2004,1,1,35.7
2.9,200,3292,6,2011,3,2,35.8
1.2,163,2027,3,2011,0,1,53.5
3.1,335,2589,8,1988,2,1,29.9
1.8,144,2797,4,2003,3,0,42.4
1.8,139,2669,4,1991,0,2,45.6
1.7,178,2440,4,1975,1,2,42.7
2,166,3169,4,1994,2,2,41.1
1.1,129,2799,3,2010,0,1,48.2
4,376,3246,10,1971,3,0,16.5
5.2,468,4014,12,2024,2,0,15.2
1.5,90,2372,3,1991,0,1,48
2.7,263,2722,6,2000,3,1,35.2
1.8,137,2997,4,2004,3,2,42.4
1.4,192,2532,4,2008,1,0,45.8
1.9,132,2267,4,1987,3,1,43.9
3.4,251,2762,8,2017,1,2,38.7
2,179,2867,4,2003,0,1,43.4
4.5,394,3209,10,1976,2,2,17.7
3.8,394,3608,10,2019,0,0,25.2
1.9,155,2952,4,1980,3,2,40.2
1.3,167,2050,4,1979,0,0,44.5
1.5,167,2253,4,1985,3,2,44.7
3.4,331,3401,8,1978,2,1,21.7
4.8,413,3711,12,1974,1,1,12.4
1.4,193,2416,4,1980,0,1,42.9
3,267,2671,8,2013,0,2,38.5
1.5,170,2301,4,2004,0,2,46.9
4.1,406,2837,10,1998,3,0,21
1.6,129,2566,4,1984,1,1,43.6
1.2,87,2469,3,1975,3,2,44.2
1.9,173,3001,4,1990,3,0,38.8
3.5,301,3213,8,1999,1,0,27.7
2.9,282,2572,8,2015,0,0,37.9
2,137,2376,4,1999,1,0,46.1
2.2,248,2924,6,2021,2,2,41.9
4.6,407,3484,12,1985,2,1,15.2
1.5,131,2399,4,1979,1,0,45.1
1.9,124,2639,4,1976,3,1,40.4
3.9,344,3362,10,2017,1,0,25.5
3.9,384,3146,10,2006,0,1,26.1
1.6,121,2700,4,2021,1,0,49.2
1.8,169,2983,4,2001,0,1,42.8
2.6,214,2452,6,1988,2,0,38.1
2.3,242,2858,6,2018,1,0,39.5
2.3,189,2588,6,2020,3,0,45.2
3.1,329,2927,8,1987,3,1,28.4
1.8,124,2932,4,1981,0,0,39.9
4.3,404,3869,10,1987,2,2,14.2
1.6,123,2452,4,2017,3,2,49.6
1.1,128,2563,3,2016,1,0,49.9
2.8,250,3161,6,2004,1,0,36.5
3,288,2690,8,2008,2,2,35.2
5.2,435,3801,12,1971,0,2,9
3.1,338,2747,8,2018,0,0,34.4
2,144,2533,4,1980,1,2,42.2
3.1,308,2986,8,2009,1,0,33
2.5,270,2562,6,2012,2,2,40.5
1.7,188,2134,4,2002,1,1,46.4
5.1,400,3771,12,1977,3,1,11.8
1.5,119,2312,4,2010,0,2,50.4
1.3,131,2931,3,2011,1,1,49.2
2.2,237,3083,6,1982,1,1,34.1
1.8,163,2979,4,1992,3,0,38.8
2.6,267,2697,6,1979,3,2,32.8
1.1,161,2811,3,1987,0,0,42.6
5.3,396,3378,12,2018,1,2,22.2
2,111,2809,4,2002,1,2,46.9
4.8,420,3941,12,1996,1,2,13.8
1,94,2462,3,2012,1,2,52.1
1.7,152,2708,4,1972,3,2,41
4.7,459,3326,12,2000,0,0,15.9
1.9,183,2406,4,2012,2,2,48
3.6,317,3000,8,2015,1,1,31.3
1.8,137,3032,4,2007,2,1,45.7
2.1,120,2507,4,1986,2,2,45.2
2.6,200,2895,6,2012,2,2,41.6
1.8,126,2601,4,2014,0,0,49.9
4.7,466,3081,12,2024,3,1,21.4
1.3,188,2893,4,1992,2,0,41.1
3.2,339,3007,8,1974,1,0,22.4
4.5,342,3350,10,1984,3,0,18.6
1.6,156,2988,4,1999,3,2,41
1.4,183,2750,4,2019,2,2,48.9
1.9,156,2822,4,1987,2,2,41.4
2.6,208,2647,6,1997,0,2,38.9
1.8,121,2854,4,1992,2,1,42.5
3,264,3005,8,2008,3,1,33.5
4.4,325,3777,10,1997,0,0,21.6
2.6,242,2912,6,1970,2,1,29.4
1.5,159,2821,4,1982,1,2,40.8
4.2,331,3090,10,1998,2,1,24.6
1.7,191,2813,4,2022,1,0,45.8
2.3,242,2985,6,2009,2,2,39.3
3,262,3126,8,2020,2,1,36.7
2.5,240,2797,6,1988,1,0,34.1
2.1,166,2373,4,2006,1,0,44.6
4.1,375,3535,10,2022,0,1,25
4.7,445,3404,12,2006,3,2,16.9
4.4,392,3389,10,2003,1,0,20.9
3.7,382,3320,10,2007,2,1,23.8
1.8,134,2538,4,1999,2,2,46.8
1.2,141,2815,3,1985,0,2,46
1.9,191,3105,4,1980,2,1,35.2
1.9,183,2972,4,1994,1,0,38.7
3.1,326,2576,8,1990,3,2,31.6
2.4,201,2731,6,2017,2,1,43.5
4.6,480,3279,12,1972,0,1,9.5
1.8,156,2945,4,1973,0,1,38
2.1,212,2850,6,1993,2,1,38.3
1.2,84,2119,3,2019,2,0,56.4
2.1,255,2835,6,2019,1,1,39.8
1.6,142,2106,4,2011,0,1,50
1.9,165,2199,4,2016,2,0,48.5
1.8,182,2965,4,1973,2,1,35.8
3.9,357,3592,10,1978,0,1,18.1
1.9,126,2315,4,1976,3,0,41.5
1.3,178,2425,4,2009,1,0,49.2
2.5,226,3347,6,1981,1,0,30
1.9,115,2647,4,1970,1,1,41.9
2.3,193,2501,6,1981,0,2,38.9
2.5,261,3056,6,1999,2,2,34.4
4,358,2963,10,1994,1,0,23
1.5,119,2583,4,2001,0,2,49.4
5.2,454,3367,12,2017,0,0,19.4
2.3,199,2988,6,1989,2,0,36.4
1.5,122,2393,3,2023,0,2,55.3
5.2,423,3776,12,2003,3,1,13.3
1.5,194,2076,4,1985,1,0,45.4
2.7,202,2708,6,1971,0,0,34.7
4.1,357,2901,10,2021,2,2,28
3.2,284,3445,8,2004,2,0,28.1
2.9,294,2930,8,2010,1,0,35
3.6,295,3414,8,2022,1,1,33.7
4.5,420,3824,12,1991,2,2,13.6
1.9,197,2813,4,2013,2,1,45.4
2.5,253,2661,6,1992,3,1,34.1
1.9,182,2932,4,2019,0,0,44.6
3.7,272,2858,8,2013,3,2,34.6
4.1,364,3022,10,2020,3,1,26.4
1.3,131,2816,3,1975,3,2,40.1
2.5,235,2554,6,1976,1,1,33.3
1.6,133,2944,4,1980,0,0,42
4.7,429,3594,12,1976,0,1,11.3
2.6,270,3271,6,1979,2,1,28
3.5,330,2898,8,1981,3,2,25.5
3,335,2627,8,2012,2,1,33.7
2.1,153,2585,4,1982,3,1,41.2
1.4,196,2877,4,1987,2,2,40.8
2.8,268,2532,6,2013,0,0,38.6
2.6,257,3028,6,1979,0,2,31.7
1.5,130,2379,4,1983,1,0,44.6
5.2,445,3581,12,2002,1,1,16.6
1.6,139,2837,4,1995,0,1,42.9
1.7,188,2489,4,2004,1,2,46.2
1.8,176,2965,4,1970,1,1,38.4
5.1,426,3792,12,2011,1,0,15.1
4,328,3091,10,1996,2,0,23.8
1.5,143,2181,4,2016,3,2,51
4.9,429,4031,12,1985,2,0,9
3.3,267,3531,8,2024,1,0,33.1
3.6,292,3367,8,2018,3,2,31.8
1.4,156,2591,4,1973,1,2,41.3
1.4,159,2085,4,2015,2,2,50.1
2,124,2792,4,1972,1,0,39.4
1.7,120,2467,4,1974,1,2,42.2
1.7,187,2377,4,1977,2,1,41
2.2,213,2741,6,2023,3,2,45
3.2,272,3312,8,1987,1,0,28.6
1.9,194,2734,4,2000,2,1,41.6
1.6,192,2471,4,2015,1,2,47
3.4,327,2707,8,2017,1,1,33.6
1.6,111,2383,4,2009,3,2,49
1.9,196,2622,4,2000,1,2,43.6
4.7,449,3029,12,1992,0,0,18
1.4,85,2713,3,2020,3,0,52.8
4.1,392,3155,10,1978,0,0,17.2
1,87,2875,3,2023,3,1,51.7
2.8,198,2456,6,1999,1,0,39.3
4.3,362,3715,10,2006,2,1,22.6
2.4,252,2817,6,2021,0,2,41.8
1.5,191,2123,4,1988,3,0,42.5
2.5,183,2521,6,1996,2,1,39.1
2.9,232,2651,6,2012,2,0,40.8
1.9,140,2251,4,1971,3,1,42
1.5,164,3015,4,2009,1,0,43.8
3.6,306,3413,8,2012,1,1,30.4
3.5,284,3605,8,1988,2,2,24.9
2,176,3085,4,1973,3,2,34.5
2,164,2299,4,2014,2,1,49.1
1.7,118,2392,4,2015,1,1,51.2
2.1,208,2957,6,1996,1,0,37.9
1.5,102,2351,3,1997,0,2,50.1
1.4,167,2850,4,1991,1,2,44.1
1.8,142,2741,4,1996,2,0,43.3
3.2,281,3368,8,2008,3,2,29.2
3.8,352,3342,10,1987,1,2,22.2
1.7,157,3006,4,1990,1,1,41.8
1,77,2536,3,1997,1,0,51.7
1.4,190,2703,4,1990,2,1,41
1.6,118,2582,4,1971,0,1,41.1
1.7,150,2763,3,2022,0,2,49.2
3.7,305,2807,8,2022,0,2,34
1.5,94,2447,3,2006,0,1,50.7
2.1,199,2581,6,1986,1,1,38.8
4.5,456,3219,12,1991,0,2,14.8
1.9,124,2955,4,2020,0,0,49.3
1.6,151,2333,3,1998,2,1,46.4
1.4,174,2201,4,2012,3,0,48.1
5.3,405,3285,12,1997,3,2,15.5
1.5,152,2285,4,2002,3,2,49.1
3.7,333,2918,8,2022,0,1,33.5
2.6,202,3277,6,1977,0,1,32
3.1,252,3365,8,1990,1,2,28.3
3.7,337,3636,8,2016,3,2,28.7
4.2,331,3157,10,2009,1,1,26.2
2.4,202,2872,6,1973,1,1,33.6
1.3,125,2102,3,1979,1,0,46
1.8,115,2360,4,1998,3,2,45.8
5,429,4022,12,2016,1,0,14.6
1.7,147,2469,4,1996,1,1,45.9
3.7,330,3332,8,1997,0,1,26.3
2.7,230,2598,6,2008,2,0,40.1
2.7,214,2959,6,1971,2,0,30.7
2.2,248,3072,6,2012,0,0,39.2
2.9,314,2678,8,2017,0,2,36.4
4.3,347,3438,10,1972,2,2,17.4
2.1,183,2232,6,2004,1,2,45.9
1.4,146,2550,4,2000,3,1,45.1
2.9,250,2732,6,1995,2,1,34.8
2.5,257,2659,6,2015,2,2,40.8
2,111,2365,4,2000,1,0,48.5
1.4,184,2550,4,1972,0,1,40
1.7,112,2828,4,1972,3,0,40.6
3.2,295,3250,8,2020,2,2,33.8
3,273,2841,8,2010,0,0,35.2
1.6,183,2420,4,1985,3,0,41.4
2,184,2647,4,2020,1,2,47
2.1,175,3105,4,1997,2,1,39.3
1,104,2487,3,2007,2,0,51.8
4.2,405,3117,10,2007,3,2,23.4
3.4,272,3106,8,1971,0,0,26.3
3.4,330,2952,8,2010,0,2,30.6
1.8,149,2875,4,2012,0,2,45.3
3.4,253,3120,8,2006,0,2,31.8
3.3,327,3201,8,1991,0,1,26.4
1.3,97,2511,3,2000,1,2,50.6
1,117,2359,3,2022,1,2,55.2
3.7,331,2738,10,1974,2,1,23
1.2,88,2109,3,1997,2,1,50.2
1.4,153,2734,4,1972,0,1,41.8
3.5,256,2774,8,1985,1,0,29.4
2.3,192,3099,6,2019,0,1,43.2
3,329,3370,8,1971,3,2,23.4
1.8,199,2836,4,2023,2,2,47
1.8,152,2562,4,1971,3,0,39.7
2,124,2313,4,1985,2,1,44.4
1.6,192,2708,4,1970,2,1,38.3
1.9,140,2170,4,1973,1,2,41.9
1.8,113,2324,4,1971,2,1,41.2
2,154,2414,4,2024,2,1,48.4
2.4,262,2860,6,2016,3,0,39.7
2.5,255,2369,6,2014,0,0,41.8
2.9,285,3247,8,1988,0,1,28.9
3.3,283,2909,8,2003,3,2,32.1
1.5,171,2157,4,2011,0,0,50.4
1.9,134,2349,4,1996,1,0,44.9
2,200,2884,4,1987,0,0,39.6
3.4,336,2869,8,1971,2,2,25.6
3.6,320,3615,8,2015,2,1,27.3
3.1,323,2799,8,1996,0,1,29.7
2.9,230,3279,6,2020,1,0,39.5
3.6,321,3422,8,1979,0,0,21.3
1.4,178,2454,4,1984,1,2,44.4
2.6,219,2893,6,2014,1,0,41.1
1.5,140,2123,4,1978,0,1,45
1.7,178,3082,4,2019,0,2,45.6
1.9,149,2692,4,2006,1,0,46.1
4.8,431,3797,12,1992,2,2,13.8
2.6,229,3047,6,1980,0,1,32.7
1.8,170,2907,4,1971,3,0,37.4
1.7,121,2905,4,2015,2,0,46.5
2,121,2942,4,1986,3,1,41.3
2.1,242,2879,6,1983,1,1,35.9
1.8,170,2700,4,1989,2,0,42.2
4.3,366,3382,10,1985,0,1,20.7
3.5,286,3084,8,1973,3,1,25.2
2.8,213,3178,6,2023,0,0,38.9
1.6,192,2415,4,1975,3,2,41.1
1.9,134,2304,4,1975,3,1,40.5
3.4,335,3454,8,1988,3,2,24.6
2.3,260,3041,6,1976,1,0,30.6
4.3,379,3029,10,1992,1,1,20.5
1.2,122,2415,3,1984,0,0,46.1
4.7,462,3575,12,2002,0,2,17.3
1.8,157,2382,4,1989,3,2,43.1
1.4,179,2355,4,2018,2,1,49.7
3.8,368,3193,10,2019,0,0,28.5
3.4,274,3001,8,2001,2,0,32.4
1.7,152,2750,4,1974,3,2,40.7
2,141,2611,4,1980,3,1,42.2
1.6,121,2539,3,2019,0,0,52.6
2,121,2589,4,2006,2,1,46.6
3.9,340,2892,10,1988,3,2,25.3
2.6,236,2640,6,1981,2,1,35.2
1.5,169,2946,4,2004,0,0,43.5
1.5,160,2441,4,1990,1,2,44.6
1.6,190,2638,4,1979,3,2,39.6
1.6,117,2309,4,2011,0,2,49.7
4.5,377,3424,10,1981,3,2,17.6
1.6,157,2715,4,1979,3,2,40.8
4.4,379,3915,10,1972,2,0,13.9
5.3,471,3313,12,1995,2,1,14
1.6,157,2314,4,2019,1,2,50.5
1.9,115,2940,4,2022,2,1,48.3
4.4,357,3093,10,2023,3,2,29.2
1.7,196,2971,4,2016,2,1,44.4
2.5,231,2533,6,2012,0,1,43.5
3.1,284,2542,8,1985,0,0,30
2.3,260,3010,6,1995,1,0,34.6
3.4,320,3279,8,2009,3,0,30.3
1.9,132,2404,4,1972,3,1,40.4
2,160,2470,4,1993,1,0,44.5
2.8,254,3181,6,1989,1,1,33.2
1.8,157,2766,4,1974,1,2,41
3,318,2974,8,2007,3,2,33
1.7,194,2996,4,2003,3,0,41.6
1.6,154,2985,4,1979,1,0,38.7
1.4,106,3002,3,1970,1,2,42.2
2.2,253,2905,6,1990,1,2,36.1
1.9,125,2272,4,1978,0,0,42.9
1.4,113,2026,4,2018,3,2,54.8
3.2,255,2988,8,2016,0,2,35.9
1.9,151,3024,4,1989,2,0,38.7
3.4,310,3319,8,1975,2,1,25
1.9,142,2694,4,1970,1,2,39
3.3,288,2727,8,2003,1,0,32.5
1.8,140,2837,4,1980,1,2,41.5
4.9,448,3731,12,1995,1,0,12.4
2,150,2736,4,1987,1,1,42.4
3.5,293,2943,8,1988,1,0,28.1
1.7,122,2704,4,2006,1,2,46.3
2.2,247,2834,6,2014,0,0,39.7
2.9,191,2841,6,1990,1,1,38
2,146,2505,4,2005,3,0,46.7
3.4,278,3310,8,1971,2,0,24.2
2.8,251,2924,6,1978,0,1,31.6
3.3,256,3053,8,1998,2,1,30.2
2.8,206,3188,6,1988,3,0,32.6
1.9,159,2753,4,1976,1,1,40.7
2.4,219,2988,6,2015,0,0,40.2
3.1,257,3475,8,2003,0,0,30.9
4.3,389,3745,10,1990,1,0,18.3
1.4,192,2966,4,1984,3,2,40.6
1.6,188,2134,4,2020,3,0,50.5
2.2,218,2895,6,2006,1,2,40.9
1.1,141,2249,3,1972,0,1,45.8
2.6,231,2934,6,2024,3,0,41.9
5,447,3956,12,2006,3,0,13
3.1,337,3469,8,1978,3,1,22.4
1.8,157,2325,4,2007,3,1,47.5
3.8,403,3624,10,2016,1,2,23.1
2.7,240,2522,6,1998,0,0,38.7
3.2,262,3185,8,2019,0,1,34.5
2.6,243,3028,6,1990,2,2,33.9
5.3,437,3347,12,2024,0,1,19.7
1.1,156,2305,3,2003,0,0,49.3
1.7,145,2592,4,2003,0,1,45.9
1.3,112,2184,4,2009,3,0,50.5
2.5,260,2632,6,1990,1,0,34.5
3.5,325,3296,8,1980,0,2,25.8
1.8,118,2843,4,1991,0,1,44.1
3.8,358,3326,10,1993,2,2,23.3
4.1,368,3147,10,1972,3,0,16.7
2.5,224,3147,6,1994,2,1,35.6
2.6,194,2995,6,1992,1,0,35.8
1.9,193,2758,4,1991,2,0,41
3.9,373,3728,10,1991,0,0,20.6
2.1,164,2239,4,1992,0,1,45.4
1.9,184,2880,4,1987,2,2,40.8
2.9,265,3006,8,1973,0,2,26.9
1.8,185,2295,4,2008,3,0,44.3
1.5,125,2213,3,1972,1,2,45
1.7,149,2998,4,1978,1,0,40.4
1.3,173,2446,4,1988,0,2,45.2
3.5,316,2721,8,1976,0,0,24.9
1.6,164,3018,4,2006,0,0,42.7
2.4,193,2542,6,1982,2,2,37.8
2.5,191,2944,6,1999,3,0,39
5,477,3598,12,1989,2,1,12.6
1.6,146,2666,4,1981,2,0,41.7
1.4,90,2857,3,1976,3,0,41
1.5,179,2760,4,2008,3,1,44.5
4.9,431,3893,12,1983,3,1,11
4.3,325,3812,10,2011,0,0,23.3
2.7,219,3383,6,1998,1,2,36.2
1.9,155,2817,4,1993,0,1,42
1.7,129,2585,4,1996,0,2,47.1
2.7,223,2793,6,1995,1,2,36.4
2.4,230,3275,6,2010,1,0,35.5
1.4,176,2697,4,2008,1,1,45.5
1.3,81,2404,3,2013,3,0,52.4
2.4,236,3046,6,1980,2,2,32.8
1.6,197,2527,4,2005,2,2,46
1.4,133,2951,3,2021,1,0,50.5
4,331,3036,10,1973,0,0,22.3
3.9,394,2777,10,2001,1,0,24.8
3.9,379,2841,10,2021,1,0,30.1
4.3,349,3592,10,1998,1,1,20.2
2.3,212,3175,6,2008,0,2,40.2
2.9,247,2478,6,2009,3,0,37.6
2,185,2638,4,1992,1,2,40.8
1.4,170,2409,4,1980,2,2,41.6
2,137,2416,4,1998,2,2,44.5
1.8,136,2333,4,2023,3,1,52.1
2.8,181,2948,6,2022,1,1,43
1.8,160,2242,4,1997,3,0,45
2,191,2532,4,1999,3,0,42.8
3.2,289,3467,8,2019,0,2,31.2
1.4,160,2986,4,2005,1,0,44.7
3.4,285,3145,8,1989,0,1,28.9
4.4,363,3888,10,1994,3,0,18.6
1.7,194,2201,4,2016,1,2,50.1
1.6,124,2801,4,2006,3,1,44.6
3.2,278,2640,8,2018,0,2,36.1
3.3,337,3307,8,1989,1,1,24.3
2.6,251,2651,6,1992,1,0,35.2
1.9,111,2370,4,1975,3,1,43.3
3.7,322,2881,10,2021,2,0,32.4
2.1,151,2751,4,2018,2,1,48.7
1.4,132,2457,3,2005,3,2,49.1
3.7,260,2932,8,2002,0,1,33.8
1.3,115,2303,4,2018,0,2,51.8
1.7,156,2737,4,2011,2,0,44.7
5.1,469,3381,12,2000,2,0,12.3
3.1,306,3086,8,1988,3,1,26
2,169,2914,4,1971,3,0,34.9
2.1,123,2722,4,2020,3,2,50.1
2.5,250,2379,6,1989,0,1,36.4
1.4,196,2495,4,2007,3,2,47.1
2.1,174,2928,4,1973,0,2,37.2
1.5,179,2622,4,1993,3,2,43.3
2.8,218,3126,6,2019,2,1,39.7
2,137,2464,4,2014,1,0,49.8
3.9,347,3412,10,2023,2,0,26.3
3.9,389,3271,10,1975,0,0,16.7
1.9,146,2353,4,1975,1,0,40.1
1.9,112,2724,4,1975,0,2,42.4
1.8,153,2577,4,1972,3,2,40.6
4.2,377,3733,10,2024,1,0,24.1
1.6,129,2795,4,2005,1,1,46.3
1.4,199,2548,4,2004,0,1,46.5
1.3,124,2801,4,2021,2,2,51.1
4.5,379,3427,10,2024,0,1,25.7
2.8,215,2963,6,2001,1,2,37.1
3.4,316,3346,8,1984,1,2,25
2,146,2857,4,1989,3,1,40.6
5,435,3788,12,2004,1,2,13.9
3.2,255,3308,8,1982,2,0,25.3
5.1,434,3763,12,2022,0,0,17.3
2,156,2862,4,2018,0,2,47.4
2.4,200,2512,6,1978,0,0,37.7
1.9,123,2252,4,1980,1,0,45.5
1.5,169,3049,4,1982,3,2,37.9
1.6,79,2765,3,1976,3,0,42.9
1.9,136,3094,4,2022,3,1,46.9
1.7,159,2823,4,1988,3,2,42.9
2.6,209,3333,6,1977,2,0,31.7
2.6,206,2611,6,1999,0,0,39
2.4,238,3144,6,2008,3,2,37.4
1.5,181,3048,4,1987,2,2,40.2
4.2,393,2930,10,1990,2,0,20.4
2,199,2425,4,1995,2,2,44.7
2.5,264,2551,6,1989,0,1,37.7
1.7,146,2769,4,2018,0,2,49.6
3.4,283,3258,8,1974,3,0,25.3
3.1,267,2887,8,1993,0,1,30.9
2.1,145,3036,4,1993,1,1,41.1
2.3,194,2968,6,2008,3,1,39.2
2.5,195,2809,6,1975,0,1,33.3
2.4,182,2976,6,2018,1,2,41.1
3,329,2643,8,1983,0,0,28.3
1,79,2571,3,2002,0,1,51.4
1.2,159,2512,3,2023,2,2,51.8
3.3,310,2852,8,2024,0,0,36
5.1,442,3280,12,2017,0,0,20.3
3.3,283,2622,8,1980,0,0,30.1
1.8,112,2648,4,1995,2,2,46.5
1.5,128,2214,4,1988,0,1,48.3
2.8,233,3155,6,1975,1,1,29.2
1.4,143,2043,4,2020,2,0,52.9
2,185,3164,4,1980,3,0,34.4
3.7,337,3046,8,2022,0,0,32.7
3.5,321,3470,8,2023,3,2,31.1
3,276,3080,8,2002,1,0,32.6
1.3,194,2389,4,2010,1,1,48
3.7,295,3357,8,1983,3,0,24
3.5,252,3239,8,2002,2,0,31.8
1.6,145,2839,4,1993,3,1,43.3
3.1,292,2871,8,1985,2,2,30.4
2.2,242,2301,6,1988,2,0,38.4
1.6,81,2436,3,2014,0,2,51.9
1.2,92,2686,3,2010,3,1,48.9
4.9,424,3495,12,1994,0,2,16.8
1.1,114,2746,3,2004,1,2,51
2.1,187,2711,4,1970,2,1,35.3
3,325,2789,8,1979,0,1,27.1
3,300,2765,8,1978,0,0,29.5
3.3,252,3019,8,2016,2,0,33.7
2.2,187,2608,6,2002,2,1,43
1.3,148,2003,4,2008,2,1,50.9
3.3,301,3317,8,1990,1,0,27.9
1.8,118,2200,4,2020,1,1,54
3.5,308,3200,8,1989,3,2,24.8
2.5,231,2759,6,2017,0,1,40.9
1.7,171,2768,4,1980,0,2,39.6
2.1,254,2311,6,2020,3,1,43.3
1.7,112,2860,3,2013,1,2,51
1.8,129,2504,4,2022,2,1,49.7
1.8,110,2560,4,1996,3,2,46.6
1.5,195,2088,4,2001,2,0,45.4
1.6,197,3052,4,2003,2,0,42.8
1.3,120,2332,4,1980,3,1,44.4
1.5,187,2145,4,1971,3,2,41.1
4.5,321,3704,10,2015,1,0,23.1
3.5,316,2714,8,1985,0,0,27
2.6,236,2627,6,2014,2,1,40.7
2.5,211,3016,6,1983,3,2,32.9
1.6,161,2567,4,1979,1,2,42.4
1.8,180,2714,4,2023,1,2,47.8
1.9,154,2504,4,1993,3,1,44.1
2,117,2497,4,2001,3,1,47.4
1.2,161,2017,3,1991,0,0,48.3
1.7,121,2857,4,1988,3,2,41.7
4.6,476,3896,12,1986,2,2,10.5
2,123,2540,4,1977,0,1,43.5
1.8,139,2634,4,2009,3,1,47.1
3.1,280,3489,8,1980,1,0,26
3.6,294,2745,8,1999,3,2,30.9
3.7,323,2930,8,1973,3,0,23.6
1.4,122,2500,4,2006,3,1,49
2.1,178,3063,4,2010,3,0,43.1
2.7,225,2449,6,1982,3,1,36.6
1.4,192,2750,4,2024,3,2,47
5.3,465,3577,12,1979,2,2,9.5
2.8,267,2978,6,2002,3,2,34.1
2.6,260,2785,6,1974,0,0,32.4
2.7,216,3220,6,1992,3,1,33.3
1.6,187,2711,4,2021,3,1,48
3,256,3302,8,1998,2,0,30.4
1.6,197,2304,4,2022,3,2,50.1
1.9,171,2356,4,1988,0,1,42.5
3.5,269,2793,8,2012,0,1,34
2.4,205,3267,6,1981,1,1,32.4
3.5,339,3220,8,1978,3,0,23.6
2.4,260,2867,6,2011,1,1,40.2
2.1,184,2819,6,2010,2,1,42.1
2.2,203,2926,6,2024,3,2,43.2
2.8,238,2998,6,2024,1,1,41.6
2.8,268,2967,6,1995,0,1,33.6
1.6,162,2710,4,1979,0,0,39.1
5.1,460,3361,12,1981,2,1,12.2
3.5,329,3062,8,1994,3,0,27.1
1.7,122,2696,4,1972,0,1,42.5
3.6,277,3487,8,1974,1,0,23.8
4.6,427,3152,12,1990,1,1,17.4
2.1,145,2781,4,2004,3,1,45.8
1.2,108,2271,3,2010,3,1,52.2
2.1,187,2267,6,1972,3,2,39.5
3.6,266,3286,8,2021,2,0,32
5.2,415,4131,12,1989,3,0,9
3.2,315,3253,8,1979,1,2,26.2
2.8,252,2721,6,2005,3,0,38.2
3.9,386,3574,10,2024,3,2,26.6
1.5,177,2341,4,1983,1,2,42.9
2.4,254,2425,6,2010,2,1,41.4
2,168,3093,4,1997,1,2,41.8
2.5,228,3117,6,1997,1,2,34.5
2.1,193,2902,4,1985,0,0,37.9
4,369,2857,10,2013,3,1,26.9
1.4,138,2036,4,2001,1,0,49
2.4,184,2849,6,1989,0,0,38.5
2,178,2674,4,2022,0,1,47.1
5.1,475,3644,12,1993,3,2,11.4
3.1,278,3339,8,1996,3,0,29
2,168,2855,4,1972,0,0,36.9
2.4,193,3069,6,2012,0,0,41
3.7,369,3651,10,1993,3,2,18.5
1.4,126,2949,3,2014,1,1,48.9
2.4,220,3212,6,2003,1,2,38.3
1.3,118,2006,4,2017,3,0,53.3
3,276,2595,8,2000,2,0,32.5
1.6,138,2405,4,2020,1,0,50.1
4,343,3683,10,2009,1,1,22.9
4.9,455,3839,12,1982,2,2,9
2.9,229,2573,6,2021,3,2,43.5
2.1,228,2531,6,1988,3,1,38.1
1.8,155,3114,4,2012,2,2,43.8
1.3,165,2963,3,2022,3,0,46.4
3,316,2754,8,1984,0,0,28.7
3.7,348,3685,10,2021,1,2,25.6
3.4,254,3351,8,2000,2,1,31.3
1.4,173,2370,4,1980,0,2,43.1
2.5,195,2377,6,2011,2,2,44.1
2.3,242,2931,6,1983,0,2,33.1
2,164,2939,4,1991,0,1,41.8
2.5,269,2712,6,1999,0,0,35.1
3.3,333,2688,8,2005,1,0,32.5
1.4,121,2576,4,1996,3,0,47.2
1.2,95,2864,3,1981,1,2,43.4
1.7,130,2699,4,2011,0,2,48.4
2.5,256,2587,6,2009,0,2,41.5
3.3,275,2933,8,1980,0,1,29.6
2.4,198,2475,6,2019,1,1,46.3
3,253,2838,8,1981,3,2,28.8
3.6,274,3615,8,1971,3,0,19.6
1.1,137,2164,3,1990,1,0,48.9
3.2,251,2995,8,1976,3,1,27.5
1.9,167,2967,4,2003,1,0,42.3
1.7,176,2584,4,1970,2,2,37.9
1.9,180,2979,4,2004,0,0,43.5
4.4,379,3287,10,1989,0,2,18.9
2,113,2223,4,2017,0,1,52.7
1.5,128,2723,4,1991,1,2,44.3
1.9,160,2305,4,2001,3,0,45.5
1,106,2746,3,2003,2,1,50.3
1.5,91,2378,3,2016,3,1,51.6
1.6,146,2643,4,1992,3,2,42.8
2.5,255,3271,6,2002,2,0,32.8
1.5,177,2810,4,1998,1,1,45.2
3.5,256,2993,8,2011,1,2,35.3
1.4,130,3013,4,2016,2,0,46.2
4.8,475,3444,12,1976,1,0,9.8
2.7,196,2935,6,2011,0,2,39.6
2.1,144,2674,4,1985,1,0,41.8
4.9,407,3780,12,2005,0,1,17.3
4.1,324,3134,10,1995,2,2,26
4.1,361,3641,10,2016,1,2,24.8
1.6,171,2183,4,1978,1,1,45
2.2,212,2394,6,1999,3,2,39.5
1.5,194,2386,4,2011,1,0,48
4.6,476,3631,12,1999,2,2,13.1
3,278,3481,8,1974,3,1,25.5
1,84,2680,3,2010,1,1,52.9
2,166,2809,4,2007,0,0,43.4
5.2,456,3246,12,2000,2,2,14.8
3.6,336,3225,8,2019,0,2,32.1
1.7,198,2543,4,1975,2,2,37.7
1.1,100,2605,3,1997,3,0,46.5
4.1,356,3490,10,1972,0,1,17.7
1.7,126,2529,4,2005,2,0,46.7
1.4,188,2379,4,1988,3,1,43.8
5.3,463,3572,12,2017,2,1,14.8
1.8,118,2606,4,1972,3,2,42.8
1,96,2823,3,2020,0,0,54.1
1.6,173,2857,4,1983,2,2,41.9
3.7,283,3136,8,2002,0,2,30.4
1.4,118,2561,3,1986,2,2,44.5
3.7,292,3612,8,2008,2,0,29.4
1.1,124,2372,3,2021,1,2,53.5
3.2,268,2845,8,1982,1,0,30.7
1.2,124,2414,3,1986,2,2,47.9
1.4,178,2917,4,1991,0,1,40.3
2.1,203,3114,6,2007,3,0,36.9
1.7,128,2538,4,1977,0,1,44.3
1.9,156,2535,4,1977,0,2,42
2.5,233,2838,6,1989,2,1,36.6
2,196,2511,4,1989,3,2,41.2
1.8,187,3011,4,2020,2,0,43.2
2.4,184,2580,6,1986,1,0,36.7
1.9,122,2989,4,2021,1,1,49.9
2.5,188,2362,6,1993,1,0,41.6
1.3,198,2655,4,1973,0,0,39.9
2,167,2910,4,1986,2,1,40.8
2,123,2998,4,1986,0,2,43.6
1.5,143,2237,4,2014,3,0,49
3.9,362,3399,10,2009,2,1,23.6
4.3,336,3335,10,2010,3,1,25.1
2,175,2343,4,1972,0,0,39.5
1.2,159,2894,3,1980,0,2,43.7
4.7,440,3650,12,1980,2,1,11.8
3.7,392,3072,10,2014,1,1,27.9
2.4,257,2614,6,2005,2,2,39.4
2.7,249,3047,6,1995,1,1,34.3
1.8,169,2941,4,1985,3,2,40.6
4.9,412,3415,12,2009,3,0,18.7
2.1,217,2845,6,2003,2,2,40.8
2.8,183,3061,6,1979,3,1,34.5
4.3,382,3015,10,1990,0,0,22
2.3,267,2861,6,1992,2,1,33.2
4.8,396,3346,12,1984,1,0,15.1
3.2,336,3268,8,1996,2,0,25.9
4.5,337,3368,10,2022,3,0,25.1
2.6,217,3209,6,1972,1,1,30.2
1.8,195,2410,4,1985,2,0,42.6
3.2,292,3425,8,1970,3,2,22.6
2.1,210,3007,6,1989,3,1,34.6
4.4,404,3588,10,1991,2,2,16.4
3.9,406,3149,10,2001,1,1,24.4
2.2,256,2584,6,2012,0,2,43
3.1,332,3505,8,2010,2,2,28.2
2.7,186,3104,6,2005,2,0,36.9
1.8,141,2604,4,1970,2,2,38.8
1.6,155,2256,3,1989,2,1,45.6
3.7,297,2977,8,1995,3,2,27.3
1.7,163,2733,4,2017,1,2,47.2
2,120,2296,4,2007,1,0,49.9
3.8,344,2748,10,2016,2,2,31.9
1.8,171,2845,4,1990,0,2,43.4
1.8,120,2653,4,2018,0,0,50.7
1,158,2756,3,2009,1,1,49.4
1.5,161,2095,4,2016,0,1,50.8
1.5,185,2607,4,1981,3,1,40
3.7,382,3030,10,1988,0,1,22.8
3.3,304,3321,8,2019,0,1,33.7
1.7,126,3051,4,1999,0,2,45.4
1.4,115,2640,4,2000,0,2,48.3
1.4,180,2299,4,2015,0,0,49.2
1.8,142,2873,4,1996,2,0,42.7
1.1,116,2868,3,1985,2,2,44.5
1.2,129,2754,3,2006,3,2,49.7
3.5,283,2861,8,2004,1,1,32.3
1.9,145,3092,4,1990,2,1,40.8
2.4,250,2790,6,2021,2,1,42.2
3.6,280,3365,8,1994,1,0,26
1.9,144,2391,4,2005,1,0,47.7
1.5,143,2351,3,1979,2,0,42.7
4.7,414,3838,12,2022,2,2,18.1
3.7,368,3708,10,1978,2,1,16.8
1.1,141,2300,3,2000,3,2,50.5
2.7,226,2652,6,1988,2,1,34.9
1.8,178,2187,4,1978,0,2,43.1
4.1,404,3018,10,2019,3,1,24.5
3.2,328,3448,8,1978,1,1,23.6
3.1,253,2885,8,2024,3,2,36.6
2.5,217,2476,6,1981,0,1,38
2.4,239,3309,6,1986,3,1,30.4
1.5,165,2255,4,2014,2,0,49.8
1.5,125,2917,4,1991,1,1,43.6
1.9,157,2550,4,1974,3,1,38.4
4,409,3090,10,1977,1,0,16.8
4.4,404,3034,10,1998,1,2,23.7
2.1,233,2476,6,2024,2,1,45.4
2.4,196,2538,6,1976,3,2,35.6
3.9,351,2897,10,2006,0,1,26.4
1,116,2526,3,2013,3,1,52.3
2.1,142,2598,4,2023,2,1,49.4
2.5,233,2803,6,1971,3,1,30.6
4.5,373,3319,10,1973,1,1,16.6
5.2,399,3704,12,2003,2,2,15.4
2.8,235,3149,6,2019,3,0,36.3
2,170,2977,4,1982,0,1,39.8
1.9,163,2961,4,1995,0,2,43.1
2,162,2422,4,1998,1,2,46.3
1.6,112,2423,3,1989,2,0,45.3
1.6,154,2651,4,1997,0,2,45.6
1.3,126,2265,3,2011,2,2,50.8
2.4,196,2778,6,2003,3,1,41.1
1.6,139,2175,4,1996,1,1,49.3
3.2,313,3190,8,2019,3,0,31.2
4.6,404,3431,12,2018,3,0,18.8
1.6,141,2650,3,1998,0,2,46
1.5,192,2871,4,2019,2,0,45.7
2.5,250,2717,6,2020,1,0,40.7
3.4,251,3396,8,1972,3,0,24.7
1.6,148,2339,3,1982,3,1,43.8
1.4,186,2466,4,2001,3,1,45.8
2.2,232,2961,6,2006,3,2,37.5
3.4,327,3001,8,1981,0,1,24.6
3.6,291,2940,8,1985,2,2,26.5
1.7,138,2478,4,1993,1,0,44.3
1.7,167,2834,4,2008,2,0,43.9
4,336,3768,10,2002,3,1,20.5
1.1,92,2717,3,2022,2,2,54.2
3.3,288,2783,8,1989,3,2,29.2
2.5,237,2571,6,2006,0,2,41.6
2.3,237,2916,6,1990,3,1,35.8
1.6,189,2753,4,1983,0,0,40
2.5,233,2513,6,1993,1,1,36.8
1.7,120,2427,4,2014,1,0,50.5
1.7,137,2170,4,1988,3,1,46.1
4.8,394,3730,12,1987,3,0,12.3
1.6,196,2527,4,1979,1,0,41.1
2.1,188,2490,4,1988,1,2,41.2
5,451,3637,12,2008,0,0,16.2
4.9,415,3170,12,2004,2,0,19.8
2.9,187,2643,6,1993,1,0,38.4
2.3,215,3269,6,1995,2,1,34.9
1,92,2191,3,1984,1,1,48.4
2.4,211,2730,6,1975,1,1,35.8
2.3,266,2625,6,2015,1,0,39.9
1,135,2119,3,2005,0,2,54.3
1.9,160,2939,4,1978,3,2,38.2
4.7,438,3770,12,1992,0,0,12.3
1.4,122,2998,4,1991,2,0,41.7
3.5,285,3226,8,2017,0,0,31.4
2.5,246,2800,6,1999,1,2,37.6
1.6,170,2294,4,2012,1,0,47.2
1.9,141,2530,4,2018,1,0,50.4
2.2,213,2278,6,2012,3,0,43.8
4.9,449,3144,12,1996,3,0,15.8
2.6,189,2658,6,2017,3,2,42.8
3,279,3013,8,2014,0,2,34.3
2.4,244,3065,6,1982,1,0,33.4
2.6,223,3223,6,1975,3,1,30.4
1.8,167,2335,4,2001,0,0,47.5
1.3,109,2665,3,1986,3,0,44.5
2.1,196,2864,6,1981,1,0,34.3
1.8,140,2479,4,1977,0,1,42.3
1.8,184,2527,4,1992,2,0,42.3
4.4,342,3826,10,1970,2,2,13.6
1.9,158,2947,4,1998,2,1,42.6
3.3,290,3085,8,1992,0,0,27.9
1.5,197,2200,4,2017,3,2,47.3
3.6,257,3328,8,2020,1,1,32.5
2.6,186,2585,6,1971,2,2,36.1
5.2,398,4059,12,1975,0,0,9
2.7,249,2417,6,1974,2,2,35.4
1.5,135,2635,4,1973,1,0,40.6
4.3,350,3202,10,2013,2,1,25.4
3.6,273,3110,8,1977,0,2,28.2
4.9,453,3257,12,1977,1,1,12.7
1.1,122,2552,3,2002,0,2,51.3
2.9,252,3045,6,2012,0,2,36.6
3.5,298,3077,8,1977,0,0,24.3
1.5,116,2505,4,1988,1,2,45.7
1.6,119,2239,4,1977,1,2,45.8
2.6,268,2384,6,1992,1,0,36
3.8,399,3420,10,2016,1,0,24.6
1.8,144,2812,4,1996,1,1,43.4
5,428,3722,12,2015,1,1,17.1
2.1,215,2562,6,1991,0,2,37.9
2.5,231,3155,6,1992,2,2,34.2
2.4,205,2742,6,1977,2,2,35.9
1.6,143,2628,4,1985,2,2,43.3
4.8,477,3482,12,1982,0,0,11.3
2,123,2697,4,2002,0,1,47.9
2.1,185,3166,6,1996,1,2,36.8
3.6,262,3266,8,1982,2,1,26.7
1.9,155,2815,4,1991,3,2,40.8
2.2,197,2462,6,1982,3,1,36.2
1.1,87,2447,3,1982,0,1,48.1
4,381,3732,10,1974,3,2,15.9
3.6,337,2777,8,2017,2,1,33.2
2.6,243,3360,6,1987,2,0,30.9
1.9,195,2273,4,1995,3,2,43.1
1.6,81,2695,3,2005,1,0,50.3
1.4,140,2286,4,2004,2,0,47.1
2.6,264,3337,6,2014,3,1,36.3
2,134,2743,4,2015,1,2,46.8
1.3,122,2051,4,1991,0,2,50.3
2.9,269,2612,6,1987,3,2,34.8
1.5,142,2607,4,1986,1,0,43.1
1.6,177,2182,4,2011,1,1,49.3
1.9,139,2743,4,1996,3,0,42
2.5,252,2859,6,2010,2,0,37.3
1.2,91,2927,3,1975,3,1,42.9
4.2,386,3547,10,1997,0,1,19.2
1.6,156,2860,4,2006,3,2,45.1
2.1,219,2381,6,2021,1,0,43.7
1.7,148,3091,4,2000,1,1,42.8
1.6,102,2981,3,2014,1,0,49.7
2.9,268,3417,8,1992,3,1,28
1.6,138,2117,3,2009,0,1,52.6
1.7,111,2416,4,1987,2,1,45.7
4.8,474,3967,12,1974,1,1,9
2.2,197,2413,6,1986,1,0,38.9
4,408,3069,10,2007,2,2,24.3
1.4,115,2831,4,1986,3,2,42.7
2.3,225,3213,6,1992,1,1,34
1.7,127,2963,4,2015,1,2,46
1.5,139,2192,3,1998,3,2,47.3
1.5,187,2171,4,2019,0,2,51.3
1.6,175,2285,4,2002,3,1,45.8
2,180,2417,4,1981,3,1,41.8
2.6,202,2472,6,1978,3,0,36.2
3.6,255,3282,8,1995,2,2,29
3.8,396,3133,10,1999,2,1,22.9
3,310,2832,8,1992,2,2,29
2.2,230,2436,6,2023,1,0,43.3
4.5,402,3868,10,1997,1,0,18.5
4.8,407,3081,12,2018,2,1,22.7
1.8,119,2547,4,2008,0,0,48
2,150,2298,4,2001,3,1,47.3
2.8,184,3245,6,1990,2,2,35.4
2.1,239,3081,6,1978,0,0,32.1
3.6,255,3657,8,1981,0,0,23.5
3.8,332,3278,10,1999,3,0,25.2
1.7,148,2562,4,1990,0,1,44.9
3.6,325,2715,8,1998,0,2,29.5
1.5,173,2174,4,2011,3,1,49.2
2.7,208,2916,6,2005,3,2,36.9
3.7,388,3477,10,2015,1,0,26
1.9,120,2524,4,2018,0,2,49.2
1.7,193,2597,4,2009,0,1,46.4
1.4,195,2725,4,2010,1,2,44.1
4.6,457,3826,12,2019,1,1,18.2
2,194,2369,4,1991,1,1,43.7
1,114,2804,3,2010,0,2,48.9
1.3,97,2449,3,2010,2,0,51.4
1.8,141,2671,4,1987,0,2,42.9
2.2,259,2293,6,2013,3,0,40.2
3,313,2761,8,1973,2,2,26.7
4.7,424,3332,12,1997,0,1,18.6
1.8,195,2276,4,1979,2,0,42
1.9,138,2500,4,2023,3,1,50
3.6,303,2898,8,2018,1,1,32.5
1.4,179,2435,4,1990,3,1,44.9
1.6,141,2367,4,1977,2,0,41.8
1.6,148,2668,3,2013,2,1,48.1
1.6,155,2525,4,2007,0,2,47.2
1.9,133,2232,4,2001,3,2,47.3
2.2,211,2909,6,1996,3,2,36.9
1.6,140,2756,4,2018,2,2,47.3
1.4,154,2838,4,1979,0,2,40.2
1.2,147,2941,3,2018,2,1,47.4
1.9,180,3041,4,1993,3,0,39.8
2.8,190,3191,6,1991,0,1,35.4
4.4,382,3420,10,1984,2,2,17.2
3.9,386,3305,10,2002,0,0,23.6
4.4,366,3790,10,1990,1,0,17.5
3.2,252,2947,8,1978,0,2,28.7
2.4,218,3199,6,1986,1,1,34.9
2.5,209,2856,6,2010,1,0,40.2
1.9,196,2590,4,1972,1,0,38.2
3.2,262,3544,8,2006,1,1,30.3
3.5,262,3480,8,1984,1,0,24.6
4.4,397,3837,10,2007,0,0,17.8
2.1,256,2636,6,2013,3,2,39.7
1.7,114,3038,4,1972,1,0,38.2
2.4,256,3139,6,1999,1,1,34.5
2,140,2507,4,1980,1,1,41.5
1.7,160,2685,4,1998,1,2,44.5
2.4,222,2399,6,1975,2,0,34
3.4,286,2775,8,1990,0,2,32.4
4.7,458,3193,12,1995,1,0,14.2
1.4,162,2599,4,1975,1,2,42.9
1.7,111,2654,4,2003,0,0,49
4.7,442,4009,12,2009,0,1,16.6
3.4,292,3299,8,2024,0,1,32.2
1.9,129,2174,4,1975,1,2,43.9
1.5,97,2638,3,1973,0,2,43.4
1.3,120,2513,4,1972,1,1,41.8
1.8,188,2217,4,1987,0,1,44.9
4.5,392,3256,12,1975,2,0,13.1
3.9,401,3000,10,1978,2,2,20.8
2,130,3016,4,1986,0,2,39.9
1.7,89,2553,3,2013,0,2,52.2
1,128,2851,3,1989,1,1,46.4
1.9,120,2954,4,1976,1,1,39.1
4.9,473,3558,12,1980,3,1,9
2.6,212,2828,6,1998,2,1,38.9
1.7,168,2815,4,2022,0,2,46.9
1.8,135,3049,4,1985,1,1,39.9
2.7,193,2945,6,2023,1,1,42.1
3,257,3110,8,1999,2,0,33.1
1.8,167,2747,4,1985,2,2,41.1
4.5,431,3683,12,1972,0,0,9
2,160,2905,4,2021,3,2,46.8
5,466,3162,12,1994,2,0,13.3
2.1,213,2446,6,1984,0,1,38.2
4.6,409,3449,12,1998,1,2,16.6
4,370,2926,10,1993,3,1,22.8
3,265,3317,8,1973,1,2,25.9
1.9,155,3141,4,1985,3,1,39.9
3.5,275,2903,8,2002,3,1,30
2.3,200,2534,6,2007,3,0,42.7
2.5,227,3270,6,2000,1,1,37.2
2.2,188,3034,6,1994,0,1,38.2
3.3,296,3294,8,1973,2,1,23.5
1.6,130,2246,4,1987,3,1,46.7
3.3,284,2781,8,2015,3,2,35.1
4.8,425,3085,12,1999,1,0,19.5
1.7,155,3077,4,1971,2,0,36.6
1.4,137,2532,4,2018,1,0,49.8
4.1,357,3767,10,2007,0,1,22
1.5,167,3045,4,1978,2,1,40
3.2,299,2780,8,1986,1,0,29.3
1.4,147,2072,4,2004,3,0,48.8
2.1,224,3109,6,1991,3,1,34.9
1.7,128,2483,4,1990,0,1,45.8
1.2,154,2850,3,1992,1,0,44.2
1.5,126,2366,4,2022,3,1,52.8
2.5,260,2899,6,1975,1,2,30.8
1.4,197,2489,4,1970,1,2,40.1
1,80,2852,3,1989,1,1,46.4
3.2,267,2729,8,1971,0,2,30.1
4.3,396,3018,10,1985,1,0,19.6
1.8,200,3050,4,1993,2,0,37.2
2.2,249,2624,6,1990,0,2,38.1
3.7,268,3027,8,2005,2,0,29.9
1.5,142,2655,4,1976,2,1,39.5
2.8,266,2816,6,2021,3,2,40.9
2.1,136,2514,4,1991,1,1,45.2
3.9,389,2820,10,1977,1,2,20.9
1.6,108,2132,3,2024,2,0,54.3
3,302,3457,8,2000,1,0,28.3
4.6,393,3617,12,1989,0,2,16.4
1.7,186,2734,4,1997,0,1,43.7
1.6,130,2190,4,2024,0,1,52.3
2.4,213,2691,6,1986,1,2,36.4
1,109,2580,3,1989,0,1,46.2
2.9,249,2575,6,1970,3,1,31.2
4.8,424,3608,12,2007,3,2,16
2.8,250,2911,6,2008,1,2,36.9
1.8,192,2423,4,1985,1,0,41.8
5,433,3734,12,1987,3,1,12
2.7,220,3263,6,1992,0,1,35.3
5.2,465,3868,12,1998,1,2,13.8
1.5,176,2549,4,2004,3,2,43.8
1,108,2207,3,1996,2,0,51.4
3.5,277,3400,8,2010,3,2,31.2
2.3,225,2861,6,2010,2,1,39
1.6,175,2244,4,2005,0,1,48.7
1.6,114,3050,4,1990,1,0,42.9
4.7,447,3287,12,2015,2,2,20.9
2.1,268,2345,6,1999,2,1,37.6
3.4,256,2913,8,1998,3,2,31.3
2.3,265,2414,6,1976,1,1,34.9
1.1,85,2915,3,1972,1,2,44.7
1.9,124,2219,4,1981,1,1,44.5
4.5,460,3614,12,2009,2,1,17.6
2.6,206,2549,6,1998,2,0,40.5
2.1,246,3201,6,2009,0,2,39.8
1.7,136,2998,3,1999,1,1,44.6
4.9,419,3446,12,1971,1,1,12.1
1.5,168,2337,4,2004,1,0,48.9
1.5,173,2875,4,1978,0,1,38.9
2.3,229,2554,6,1973,1,1,33.5
2.1,144,2592,4,2008,1,0,46.9
3.7,357,3338,10,2016,0,0,25.5
1.7,112,3056,4,2012,0,0,45
1.9,121,2953,4,2009,2,2,45.7
1.3,162,2337,3,1983,1,0,43.1
1.5,114,2417,3,1997,1,0,47.4
3.3,335,3517,8,2001,0,0,26.7
1.6,82,3040,3,1978,2,0,41.5
1.6,129,2607,4,1976,2,2,43.2
1,108,1962,3,1972,2,2,47.2
2.8,200,2506,6,1976,3,1,35.2
1.8,148,2995,4,1979,3,2,39.3
5,449,3290,12,1970,2,0,10.7
1.5,200,2156,4,2009,2,1,46.5
3.5,256,3400,8,2003,0,2,30.6
1.8,158,2494,4,2011,3,1,47.8
1.6,183,2893,4,1995,1,0,40.9
4.6,460,3237,12,1991,1,1,16.4
2.4,211,3283,6,2018,0,0,38.2
4.8,415,3114,12,1972,3,1,14.7
1.4,156,2050,3,1977,1,2,46.7
1.7,191,2266,4,1985,3,2,44.2
2,195,2589,4,1980,1,2,39.3
2.1,129,2625,4,1990,0,0,42.9
2.4,236,2475,6,2002,1,0,40.5
3.1,308,3033,8,1980,2,1,24.8
1.9,157,2530,4,1999,0,1,45.7
2.2,204,3006,6,2007,1,2,39.1
1.6,194,3066,4,2011,3,0,42.5
4.4,361,3853,10,2023,1,0,22.7
1.6,83,2925,3,1990,0,0,45.2
3.5,309,2942,8,1997,3,2,28.4
1.3,136,2445,3,2014,2,2,50.4
5.2,407,3719,12,1975,2,0,10.8
2.3,219,2415,6,2000,3,2,41.5
1.5,145,2810,4,2015,0,1,46.6
3.7,272,3241,8,1999,3,0,29.2
4,330,2839,10,1983,1,2,25.6
2,160,2983,4,2023,0,1,48.5
1.4,176,2982,4,1994,2,2,42.6
4.7,409,3510,12,2018,2,0,19.7
1.8,194,2164,4,2022,3,0,50
2.5,238,3149,6,2014,2,1,39.3
2,168,2734,4,1974,2,1,39.5
1.3,76,2224,3,1999,1,1,52.7
1.5,116,2144,4,2019,2,1,52.5
4.9,441,3317,12,2002,3,1,16.5
2.6,247,3273,6,1999,3,1,34.8
3.9,342,3395,10,2024,1,1,27.4
1.9,187,2625,4,1998,3,0,43.5
3.7,254,2934,8,1998,1,2,31.1
1.3,182,2395,4,2003,1,2,45.7
1.9,144,2745,4,2022,0,2,47.8
2.5,238,2541,6,1997,2,0,37.1
2.4,198,2970,6,1986,1,2,35.4
4.3,408,3738,10,1971,0,2,12.4
1.6,166,2851,4,1989,1,1,42.9
4.1,321,3468,10,2011,3,2,23.9
1.5,164,2377,4,1970,0,2,42.7
4.3,327,2911,10,1988,1,1,23.4
2.5,266,2455,6,1990,2,2,35.6
1.1,92,2727,3,1986,3,2,45.2
5.1,474,3761,12,1991,3,2,9.7
1.7,160,2637,4,1994,0,0,45.3
1.8,161,2858,4,1981,1,0,41
1.9,114,2520,4,1983,2,0,44
1.6,175,2492,4,1986,3,1,40.8
3.2,284,2906,8,2000,1,1,32.5
3.2,257,2837,8,2011,3,0,32.8
4,385,2934,10,1994,1,0,22.9
1.9,178,2627,4,1994,0,1,41.8
3.4,330,2900,8,1977,1,2,24.9
1.3,150,2485,4,2019,2,2,49.2
3.7,327,3279,8,1982,2,2,22.8
3.4,335,3087,8,2006,0,2,29.7
2.7,242,3000,6,2007,1,2,35.9
3.6,299,2702,8,2014,0,0,34.9
1.5,126,2944,4,1996,3,0,43.9
4.6,427,3414,12,1990,2,0,15.2
1.4,117,2689,4,1973,3,2,41.1
4.9,415,3104,12,1989,1,2,17.6
1.6,192,2381,4,1981,1,0,42.5
1,163,2684,3,2011,2,2,49.8
3.6,260,3376,8,1981,1,2,27.2
1.4,195,2253,4,1987,2,0,43.7
4.5,437,3605,12,2003,2,0,15.4
2.4,250,2502,6,2004,0,2,40.5
2,132,3014,4,1976,0,0,39.6
3.5,297,3403,8,1991,0,0,25.9
2.9,303,3222,8,1996,3,0,28.8
1.6,198,2733,4,2022,0,1,48.8
2.7,264,3082,6,2024,3,2,38.3
2.8,201,2936,6,2004,2,2,38.7
2.1,209,2826,6,2016,1,1,43.5
3.8,340,2837,10,2018,1,1,29.9
1.7,115,2822,4,1988,3,1,44.1
3.2,310,2932,8,1979,2,1,25.6
5.1,406,3938,12,1994,3,0,11.4
3.3,267,2661,8,2024,3,2,38.1
2.5,244,2477,6,2023,0,1,42
2.1,170,2530,4,1975,2,1,39.3
1.6,148,2443,3,1985,2,1,45.5
2.4,211,2549,6,1998,1,2,40.7
2.8,182,3124,6,1998,3,2,38.3
1.9,183,2359,4,1987,1,2,44
1.5,163,2906,3,2000,1,0,42.8
2.3,208,2828,6,2015,2,2,41.2
3.5,283,2880,8,2001,3,1,31.7
2,111,2640,4,2003,2,2,46.4
1.7,115,2249,4,1995,3,1,47.2
1.3,153,2966,4,1983,2,2,41.8
1,145,2099,3,1983,1,1,46.1
5,425,3161,12,1978,3,1,11.6
3.6,255,3613,8,1982,0,0,26.4
4.3,396,3152,10,1985,2,0,18.3
4.4,358,3587,10,1987,3,2,19
2.1,195,3151,6,1999,3,0,38.5
1.5,154,2907,4,1989,2,0,43
3.3,320,3358,8,2015,3,2,31.6
2.3,252,2863,6,2009,0,2,39.6
3.5,252,3392,8,2019,2,0,32.8
2,180,2573,4,1973,2,1,39.7
4.1,366,2982,10,1970,0,0,20.4
3.3,301,2599,8,2011,1,2,35.9
3.6,301,2958,8,1998,0,1,29.1
1.8,198,2508,4,1996,3,0,41.4
3.4,288,3619,8,1978,3,0,23.3
1.8,134,2809,4,1980,3,0,41.5
2,200,2472,4,2011,1,0,46.6
3.3,330,3246,8,2003,0,2,28.8
2.7,229,2489,6,2017,2,0,42.1
5,444,3600,12,2001,3,0,14.6
1.2,158,2934,3,1972,2,0,39.2
1.5,183,2152,4,1970,0,1,40.3
3.2,276,3275,8,2002,2,0,31.2
4.2,333,3471,10,2008,0,0,24.3
4.8,473,3504,12,2011,0,0,17.5
4.5,404,3788,10,1973,2,2,11.5
2.3,184,2803,6,1987,2,0,36
2.8,219,2717,6,2018,3,2,40
1.7,115,2505,4,2012,2,2,50.8
2,148,2949,4,2006,2,2,43
1.8,170,2430,4,2022,0,1,48.2
5.2,426,3737,12,2020,1,2,18.4
4.6,413,3300,12,1970,2,2,14.4
4.1,393,2852,10,2022,2,1,27.7
1.9,167,2692,4,1983,1,0,38.9
3.4,275,2771,8,1977,3,0,26
1.5,163,2991,3,1981,1,0,39.1
2.1,210,2579,6,1989,3,1,37.3
4.1,362,3793,10,1990,1,2,17.9
2,145,2510,4,2022,2,2,49.6
1.7,131,2290,4,2016,0,2,53.3
2.1,163,2329,4,1997,2,2,44.4
2.8,185,2960,6,2014,2,1,41.6
4,387,3306,10,2006,0,2,22.6
2.3,244,2383,6,2005,2,1,41.4
3.9,324,3134,10,2022,0,0,30.1
1.1,78,2293,3,2019,0,2,55.5
1.5,157,2659,4,1970,3,1,39.2
1.8,125,2763,4,2021,1,1,51
2,144,2790,4,1986,2,2,41.2
1,83,2856,3,1978,0,2,46.8
1.9,115,2617,4,2005,3,1,46.5
2,190,2203,4,2003,3,0,46.3
4.6,447,3540,12,1985,3,2,12.6
5,391,3856,12,2012,3,1,15.5
5.2,415,3716,12,1983,2,1,10.9
2.5,204,2665,6,2019,1,0,43.5
4.8,453,3712,12,1988,2,0,10.8
4.4,379,3904,10,2004,1,2,19.1
2.1,111,2579,4,2023,1,1,51.2
2.2,267,2444,6,2017,2,2,41.6
4.7,463,3218,12,2019,3,0,19.8
1.6,133,2881,4,1993,3,0,41.3
1.3,115,2336,4,2018,0,0,52.4
1,81,2826,3,2012,3,1,49.8
2.2,253,2829,6,2014,1,0,39
2.9,202,2747,6,1994,1,1,35.8
2.4,210,2872,6,2019,3,2,40.1
3.2,335,3494,8,2021,2,0,31
2,126,2906,4,1970,2,2,39.2
1.9,144,3140,4,1999,0,1,42.4
3.4,263,3365,8,2024,2,1,34.9
2.4,186,2955,6,2009,3,1,39.8
3.9,347,2918,10,2007,2,1,27.1
3,324,3436,8,2019,3,1,31.7
2.7,212,2428,6,1977,1,2,37
3,296,3435,8,2020,1,1,32.7
1.8,196,2250,4,1976,3,1,39.8
1.1,118,2005,3,1990,0,2,50.5
3.9,321,3540,10,2021,1,1,28.6
4.4,398,3422,10,1993,2,2,18.8
2.4,251,2852,6,1974,0,0,33.7
1.4,146,2062,4,1980,1,1,47.2
2.4,191,2633,6,1989,1,2,40.7
2.7,195,2491,6,1987,2,1,38.2
3.9,408,3540,10,2016,2,1,23.2
1.4,184,2526,4,1996,0,0,43.7
2.7,193,2538,6,1997,1,2,40.6
3.9,409,3053,10,2007,2,2,23.2
2.2,244,3023,6,1981,2,1,33.4
2.6,252,2782,6,1979,2,1,31
3.3,284,3138,8,2002,1,2,29.6
2.3,247,2927,6,1998,0,2,38.1
1.9,163,2375,4,2019,2,2,48.5
1.4,84,2186,3,2005,0,2,54.4
3.4,297,3079,8,1982,1,1,26.1
1.5,146,2643,4,2012,3,2,46.8
5.3,423,3465,12,1982,2,1,11.9
4.7,437,3911,12,2011,0,0,17
1.9,111,3125,4,1972,2,2,39.6
2.9,262,2903,8,2008,2,0,35.2
2.1,167,2563,4,1975,2,1,37.8
1.8,146,3074,4,2021,2,2,45.8
1.1,135,2665,3,2023,3,0,52.2
2,199,3159,4,2001,1,1,40.8
1.7,95,2963,3,2012,0,0,48.1
5.2,478,3301,12,1990,2,2,14.4
4.8,414,3274,12,1985,1,1,15.1
3,306,3443,8,2009,3,0,28.8
3.6,331,3282,8,1979,3,2,22.8
1.9,180,3006,4,1980,2,1,36.4
1.7,189,2447,4,1977,1,1,42.4
1.9,139,3106,4,1977,1,1,38.1
1.6,178,2728,4,1985,1,0,40.7
4.7,425,3340,12,1977,2,1,13.9
2,149,2500,4,1971,0,1,39.6
1.5,192,2120,4,2012,1,1,48.2
1,161,2720,3,1999,1,1,48.3
2.6,253,2773,6,2010,1,1,38.8
4.4,350,3702,10,1979,3,2,16.8
4,368,3011,10,1987,2,2,23.7
4.7,444,3028,12,2015,3,0,21.1
1.5,89,2710,3,2010,0,1,50.7
1.9,145,3039,4,1980,2,0,36.9
1.8,161,2256,4,2008,2,2,47.5
2.1,110,2498,4,1972,1,1,43.3
2.4,197,3232,6,1970,1,0,29.6
1.1,126,2365,3,1989,0,0,46.6
2.7,229,3027,6,2007,1,1,36.5
1.5,111,2721,4,1978,0,0,42.5
4.2,397,3804,10,1999,2,2,20.1
4.1,356,3767,10,2005,1,1,23
3.3,290,3484,8,2004,0,2,28
1.7,123,2251,4,1997,2,2,48.9
3.8,361,3334,10,1978,0,0,18.2
2.3,214,2965,6,1972,0,0,31.2
1.8,183,2777,4,2021,1,0,46.4
1.4,115,2080,4,2013,0,0,51.5
1.7,143,3010,4,2017,3,0,46.8
1.6,143,2085,3,2021,3,2,53.9
1.8,122,2468,4,2019,0,2,51.8
3.9,369,3537,10,2014,2,2,25.1
1.6,113,2380,3,2006,2,1,51
2.6,248,2886,6,1972,1,2,30
3.5,293,3601,8,2003,1,2,28.6
5.2,440,4147,12,1980,2,0,9
1.7,137,3099,4,2013,1,0,44.5
1.5,162,2300,3,2023,0,0,51.4
2.9,297,2894,8,2007,1,1,34.2
2.8,212,3161,6,2006,1,0,37.9
1.3,114,2587,4,1986,1,0,43.7
2,181,2879,4,1987,2,2,39.9
1.5,187,2370,4,1972,1,0,39.2
2.3,191,3160,6,1999,2,2,36.5
1.7,132,2850,4,2022,2,2,48.5
1.3,128,2031,4,1988,1,1,46.9
3.6,300,3566,8,1987,3,1,23.3
2.8,215,3098,6,2019,0,2,39.3
2.2,261,2891,6,2007,2,0,36.3
2.4,228,2667,6,2014,2,0,41
1,138,1902,3,1992,2,2,49.2
4.3,340,3605,10,2007,2,1,21.4
1.6,155,2664,4,1997,0,1,45.4
4.1,396,3599,10,1974,0,1,15.3
2.7,264,2775,6,1987,3,2,34.4
1.2,157,2022,3,1989,0,2,48.6
3.1,326,3344,8,1970,3,0,20
3.9,347,3704,10,2000,2,1,21.7
1.7,170,2685,4,2021,2,0,46
1.3,85,2396,3,2012,1,1,54.1
1.4,125,2894,4,2001,3,0,45.1
4.8,454,3693,12,1984,1,0,12.5
2.3,252,2421,6,2018,3,0,40.9
1.9,194,3118,4,1980,0,0,37.3
4.3,394,3665,10,1981,3,0,13.4
1.6,92,2502,3,1987,1,0,47.5
4,365,3670,10,1975,1,1,18.4
2,162,3161,4,2008,2,0,40.7
1.9,198,2763,4,1980,3,1,37.2
2.7,234,3028,6,1976,0,1,33
1.8,118,2670,4,2016,2,2,50.7
1.6,192,2225,4,1996,2,1,43.4
3.5,320,3540,8,2013,3,0,29.5
1,112,2882,3,1970,0,1,44
3.4,290,2873,8,2024,1,2,36.8
4.6,442,3477,12,2019,1,2,21
2.8,253,3188,6,1988,3,2,33.1
1.6,190,2416,4,1990,2,2,44.2
2.1,172,3189,4,1996,1,0,40.9
4.7,428,3465,12,2010,2,1,16.8
3.1,303,3265,8,2008,2,1,31.4
3.1,312,3007,8,1995,3,0,28.2
1.8,129,2825,4,2003,0,2,45.8
3.4,259,3325,8,1982,0,0,27.6
3,333,3482,8,2001,3,1,25.7
3.6,285,3675,8,1974,2,1,20.9
1.8,151,3058,4,1989,0,1,42.3
3.6,268,3000,8,2003,2,0,31.6
5.2,421,4127,12,2003,3,2,14
1.6,160,2509,4,2013,2,2,48.8
1.2,104,2928,3,1970,1,2,42.4
1.7,128,2694,4,2006,2,2,45.4
1.5,129,2825,4,2024,0,2,51.9
3.5,294,3112,8,1992,3,1,29.2
1.8,156,2284,4,2010,1,2,50
1.8,126,2467,4,1975,2,2,40.9
1.2,146,2472,3,2004,3,2,49.5
2.3,268,3053,6,1993,3,2,32.5
2.5,252,2851,6,2012,0,1,38.9
1.4,171,2720,4,2009,2,2,46.1
2.6,225,2543,6,1989,1,0,38
1.6,98,2754,3,1998,1,1,46
1.8,168,2721,4,2008,0,0,45.6
2.1,133,3095,4,2021,2,0,45.2
1.5,80,2473,3,2013,3,1,53.2
3.4,296,3161,8,1971,1,2,25.1
1.6,183,2635,4,2021,1,0,48.2
2.1,179,2445,4,1985,3,0,40.5
3.6,317,3175,8,2017,0,2,32
3.6,330,2800,8,1992,1,0,28.4
1.9,150,2775,4,1986,1,2,40.9
3,268,2734,8,2010,0,0,36.5
2.5,265,2936,6,2005,1,1,35.1
2.9,294,3157,8,1992,1,2,29.7
2,139,3160,4,1975,2,0,38.2
1.6,121,2853,4,1988,3,2,43.1
1.7,119,2877,4,1998,2,1,44.4
1.3,119,2727,3,2011,3,1,48.3
2,187,2243,4,2001,3,1,43.3
1.6,182,2223,4,2006,2,1,47.4
1.9,197,3116,4,2003,1,1,40.6
2.4,197,3069,6,2017,0,0,42.6
1.5,113,2816,4,1994,1,0,43.9
1.5,184,2154,4,1991,3,2,43.3
1.9,133,2789,4,1997,0,0,45.6
1.7,121,2514,4,2012,1,2,49.4
1.5,102,2160,3,1997,0,2,51.1
2.8,226,2550,6,1999,2,2,38.5
2.5,189,3216,6,1983,3,0,32.3
1.2,164,2730,3,1975,1,1,41.3
3.6,271,3234,8,1975,3,0,24.9
2.2,244,2416,6,1976,3,0,34.5
3.1,308,3423,8,1974,1,2,25.7
2.1,146,2460,4,2020,1,2,49.1
2.3,189,3253,6,2012,3,0,37.3
2.3,259,2876,6,1990,3,1,32.4
2.4,240,2624,6,1989,0,1,35.3
1.4,160,2612,3,2022,3,1,50.2
3.6,301,3277,8,1981,0,2,27.3
1.7,138,2771,4,1975,3,0,41
1.3,192,1999,4,2024,1,1,53
3.8,372,2921,10,1983,3,1,22.1
2,128,3052,4,1999,2,1,43.7
1.7,171,2524,4,1982,3,2,41
4.5,476,3249,12,1997,0,1,14.5
4.1,377,3029,10,1984,0,1,20.4
2.2,259,2302,6,1988,0,0,36.9
4.9,431,3920,12,1994,1,1,13.7
3.3,286,3059,8,2001,0,2,32.7
2.6,219,2922,6,1989,2,0,34.8
3.4,288,2716,8,2013,3,2,33.4
1.6,175,2255,4,2007,1,0,46.4
4.2,367,3464,10,1976,1,0,16.6
4.3,409,3617,10,2015,2,1,23.2
1.8,189,3044,4,2012,3,2,43.7
1.8,196,3048,4,1982,0,2,38.3
4,344,3747,10,2022,0,2,27.7
3.5,303,2749,8,2016,3,0,34.5
2.5,270,2722,6,2006,0,2,39.7
1.4,108,2527,3,1981,3,1,46.6
4.3,370,3695,10,1970,1,1,15.6
4.4,409,2934,10,1988,2,0,18.1
5.1,440,3357,12,2002,1,0,14.4
1.7,104,3023,3,1989,3,1,44.4
1.7,177,2998,4,2011,1,2,45.5
1,123,2373,3,1977,1,1,45
1.5,115,2942,4,2002,3,0,45.7
2.7,186,3223,6,1990,2,1,36
2.3,267,2891,6,2022,1,1,41.8
2.6,230,2937,6,2007,3,2,39
1.6,199,2967,4,1989,0,0,39.1
1.9,184,2521,4,1997,0,0,43.1
3.4,333,3476,8,1972,1,1,19.8
3,304,3038,8,1994,2,2,30.4
1.9,174,2373,4,2012,1,2,48.8
1.9,115,2319,4,1989,2,1,45.8
1.8,112,2440,4,1991,0,2,45.9
2,179,3113,4,2021,2,0,43.5
1.9,127,2170,4,1983,3,0,43.3
4.3,358,2976,10,2009,1,0,25
2.7,228,2994,6,2004,2,1,36.5
2.9,259,2636,8,2011,1,1,35.7
1.8,181,2359,4,2015,0,1,47.5
1.4,162,2825,4,2009,1,1,46.4
2.2,182,3043,6,2011,3,0,38.3
5.1,455,3936,12,1977,0,2,9.4
1.5,119,2619,3,1987,1,2,47
4,377,3726,10,2011,3,2,21.5
3.6,261,3435,8,1979,1,1,26.7
1.5,144,3035,4,1997,3,1,43
1.7,117,2730,4,2020,2,2,49.3
2,119,2455,4,2015,0,0,51
1.4,75,2738,3,1982,1,0,44.6
1.8,172,2873,4,1979,3,2,38.8
2,142,2787,4,2014,1,2,47.3
2.4,242,2679,6,1987,3,2,35.5
2.3,259,2515,6,2012,3,2,40.4
1.9,193,2397,4,1971,2,2,40.6
4.9,395,3739,12,2015,3,0,16.5
2.7,182,2439,6,1982,2,2,36.6
1.6,148,2838,4,2013,3,2,48.1
3,252,2999,8,1973,3,0,26.5
2.3,237,2533,6,2011,3,2,40.1
3.5,302,2904,8,1998,0,2,31.1
3.1,317,2581,8,2008,1,2,33
2.5,195,2809,6,2016,1,2,42.9
2.8,261,3050,6,2006,0,0,34.8
3.6,295,3177,8,2004,1,1,31.1
2.6,263,3347,6,1994,3,1,31
3.1,286,2824,8,2017,1,0,34.8
3.7,309,2832,8,2022,0,1,35.6
3.6,333,2924,8,2007,3,1,30.2
2,134,2291,4,2003,3,0,48.1
2.9,293,3436,8,2017,3,1,32.2
1.4,113,2484,4,2024,3,2,51.8
2.2,200,2980,6,2024,0,2,42.6
2.6,209,2638,6,2013,3,1,41.8
1.3,197,2093,4,2020,0,2,52.1
1.6,153,2339,3,1994,2,0,46
1.8,184,3107,4,1986,0,0,39.2
1.4,136,2475,4,1975,0,1,42.1
1.5,101,2313,3,1974,2,1,45.7
2.4,264,2921,6,1990,3,2,32.8
3.9,397,3576,10,1983,1,1,16.5
1.5,145,2182,3,1988,2,1,47.7
3.7,408,2947,10,2000,2,2,22.5
3.3,274,3198,8,2001,1,1,30.8
2,162,2649,4,2011,2,2,44.9
1.8,192,3005,4,2014,1,2,45.8
2.8,181,2661,6,2009,0,2,43.3
1.3,158,2927,3,2010,3,2,48.3
3.1,315,2568,8,1974,1,2,29.9
4.9,417,3653,12,2006,0,2,15.9
1.5,159,2943,4,1991,2,0,40.8
2.6,267,3352,6,2024,3,0,35.7
1.8,126,2991,4,1992,0,2,42.2
4.1,370,3637,10,1985,0,1,19.4
1,81,2101,3,1974,3,2,49.4
2.5,197,2591,6,2019,3,1,44.5
2.9,269,2795,6,2012,1,1,38.4
4.1,363,3385,10,2012,1,1,25
1,105,2896,3,1975,1,0,43.1
1.6,157,2105,3,1998,0,1,47.3
2.2,206,2826,6,2017,2,2,43.9
1.5,165,2532,4,1995,0,1,45.2
3.2,292,3067,8,1972,1,1,25.5
2.5,232,3080,6,1983,1,2,34.7
1.3,194,2484,4,1984,1,0,42.2
1.2,128,2843,3,2004,2,1,47.6
3.3,334,3033,8,2021,1,1,33.8
1.7,146,2401,4,1980,0,2,42.7
3.6,317,3366,8,2001,2,1,25.8
1.9,143,3083,4,1994,3,2,40.7
3.7,327,3002,10,1982,0,2,24.7
3,275,3233,8,1984,2,0,28.9
2.1,179,3172,4,1975,1,1,34.8
1.5,140,2794,3,1996,2,0,46.3
4.2,356,2934,10,1994,2,0,21.8
3.3,309,3459,8,2022,0,1,32
3.4,253,3177,8,1982,1,0,27.5
3.7,379,2783,10,1990,1,2,25.7
3.5,309,3227,8,2009,3,1,28.3
2,134,2732,4,2002,3,1,44.3
3.1,304,3137,8,2014,2,0,33.5
1.1,93,2789,3,2006,0,1,50.9
2.9,278,2906,8,2017,2,0,33.6
2.3,269,3223,6,1994,0,1,32.3
2.1,142,2777,4,1993,1,1,43.2
5,411,3345,12,2014,1,0,20.8
1.5,143,2540,3,2023,1,1,53.2
2.8,195,2640,6,1976,3,1,35.3
1.5,197,2478,4,2010,3,0,45.6
1.3,187,2961,4,2012,1,2,45.2
1.4,141,2186,4,1991,2,0,47.3
2.8,192,2464,6,1979,0,1,36.5
2.7,195,2615,6,1983,2,1,35.2
1.6,148,2929,4,2003,3,1,44
1.5,129,2392,4,1976,2,1,43.1
3.1,277,3501,8,2010,2,1,31.3
4.7,442,3564,12,2005,3,1,15.3
2.9,254,3288,6,1987,1,0,30.2
2,145,3102,4,2009,3,0,44.3
2,155,3096,4,1985,0,2,39.4
5,450,3517,12,2014,2,2,19.1
1.5,131,2889,4,1984,1,2,43.2
4.3,367,2899,10,1976,3,0,18.1
1.7,102,2813,3,1988,0,1,44.1
1.7,117,2863,4,2011,0,1,46.8
1,130,2125,3,1984,0,0,47.7
1.8,146,2482,4,2008,2,0,47.8
3.8,383,3687,10,1980,0,0,15.7
1,118,2319,3,1971,2,0,42.9
3.1,307,2761,8,2023,3,2,36.2
1.5,199,2415,4,2017,1,1,47.8
1.6,137,2239,4,2021,1,1,50.8
1.6,162,2410,4,1980,3,2,43.6
2.8,226,2742,6,1979,0,2,33.2
2.5,181,3198,6,2011,2,1,39.2
3.4,266,2693,8,1988,1,1,30.5
4.1,335,3548,10,2013,2,0,24.7
5,397,3301,12,1980,2,0,13.2
4.1,396,3096,10,1978,1,0,17.2
4.2,367,3769,10,2007,2,0,21.5
5,445,3831,12,1978,0,1,9
1.7,117,2900,3,1998,2,2,45
1.4,153,2480,4,1972,1,1,41.2
1.8,166,3137,4,1977,2,2,36
2,191,2999,4,2017,0,1,46.1
4.9,450,3244,12,2006,0,0,16.6
3.9,378,2951,10,1976,1,0,20.2
3.6,332,2762,8,2018,0,1,34
3.9,395,3312,10,1994,0,1,22.5
4.5,446,3727,12,1994,2,2,12.2
3.6,266,3186,8,1997,2,1,29
1.4,126,2720,4,1994,2,1,45.1
4.6,396,3506,12,2012,0,0,18.6
1.5,119,2390,4,1982,3,2,45.1
5.1,416,3819,12,1992,3,1,10.7
3.1,308,3189,8,1988,2,2,28.8
1.4,165,2378,4,2024,1,2,50.4
2.8,188,2565,6,1973,2,2,37.1
1.1,155,2474,3,2018,1,2,50.2
1.8,121,2229,4,1984,1,0,45.5
1.7,158,3109,4,2002,1,2,43
5.1,480,3464,12,1979,1,1,11
1.8,189,3076,4,1990,3,0,39.5
2.4,180,3115,6,1972,1,1,31.7
3.4,280,3450,8,1970,1,2,25.1
2.3,200,2388,6,2003,2,1,43.4
2.6,225,2811,6,1975,2,1,31.6
1.4,144,2634,4,2011,1,2,50.3
4.5,339,3156,10,2007,2,1,25.5
2,170,2822,4,2007,2,2,43.5
2.1,122,3137,4,2011,0,0,46.3
3.6,255,3595,8,1993,0,1,26.7
2.8,223,2605,6,2014,0,2,40.5
1.7,143,3103,4,2013,1,0,44.5
3.4,307,3323,8,1984,2,0,25.4
4.6,428,3790,12,1990,0,1,13.2
2.1,186,2692,6,1990,0,0,38.6
1.7,151,2155,4,2020,3,2,51.3
2,135,2570,4,1995,3,1,44.3
1.5,190,2609,4,1984,1,0,41.3
1.5,120,2892,4,1979,1,1,41.2
5,449,3603,12,1973,3,2,9.9
4.6,412,3411,12,2011,1,1,20.6
5.2,457,3319,12,1976,2,2,11.2
1.8,172,2625,4,2004,2,1,46.4
1.7,195,2884,4,2000,0,1,42.2
4.4,380,3341,10,1974,3,2,17.8
2,183,2762,4,2024,0,1,48.2
2.4,221,2497,6,1975,3,0,33
1.3,149,2376,4,2013,3,0,50.3
3.4,281,3113,8,1993,1,1,30.4
2.9,181,3123,6,1995,2,2,36.1
2.9,313,3159,8,2012,0,0,32.4
3.2,335,3251,8,1978,0,0,22.5
3.3,336,2931,8,1983,3,2,25.7
3.2,332,2717,8,2020,3,2,32.7
2,144,2423,4,1988,0,1,45.3
2.9,188,2758,6,1996,3,0,38.4
2.9,190,2636,6,1975,1,0,35.3
3.6,323,3091,8,2022,2,2,31.9
2,146,2419,4,1987,0,1,44.4
1.4,124,2446,4,1982,3,0,45
2.8,182,2944,6,1991,1,0,36.4
4.9,432,3914,12,1986,2,1,12.4
1.7,114,2240,4,1977,3,1,43.3
1.5,115,2364,4,1970,0,0,44.7
4.8,398,3051,12,1970,2,1,15.8
4.2,363,3421,10,1997,2,0,21.2
1.8,115,2649,4,2020,0,0,51.7
1.3,167,2382,4,2012,0,1,47.9
4.1,367,3817,10,1977,3,2,16.2
1.7,174,2864,4,2010,3,2,44.2
4.2,324,3058,10,1989,0,1,25.4
1.9,143,3099,4,2006,1,2,43.9
1.5,150,2277,4,2012,3,2,50.5
4.3,367,3430,10,1988,3,1,18.5
4,354,2865,10,2010,0,1,27.9
4.6,476,3768,12,1972,2,0,9
1.5,159,2229,4,2019,2,2,52.7
1.8,171,2778,4,1983,2,2,40.4
1.1,92,2754,3,1974,2,2,45
3.8,340,3377,10,2019,3,1,27.9
3.9,388,3021,10,1996,0,1,24.2
1.6,198,2916,4,2007,3,0,43.5
1,130,2671,3,1997,2,0,48.1
1.3,118,2091,4,1979,2,1,46.8
1.6,179,2091,4,1983,0,0,43.7
1.9,154,2407,4,1982,1,1,42.8
1.6,154,3049,4,2018,3,0,44.6
4.3,369,3146,10,1991,0,0,20
1,116,2302,3,1970,1,1,45.5
2,146,2207,4,2006,1,1,47.5
1.7,145,2736,4,1997,3,2,43.5
1.5,164,2763,4,2018,0,1,46.4
1.4,181,2481,4,1993,2,1,44.5
1.2,82,2658,3,1974,3,0,44.4
1,113,2319,3,1998,2,0,51.3
1.9,136,2838,4,1986,1,1,42.4
1.3,128,2637,4,2008,1,2,48.3
1.9,159,2465,4,1987,1,1,43.4
4.3,338,3720,10,1977,1,0,17.9
2,197,2299,4,2010,2,0,45.2
3.5,339,3309,8,2014,3,1,29
1.5,185,2896,4,2023,2,0,45.2
4,378,3511,10,1972,3,0,15.4
4.9,464,3465,12,1993,3,0,13.1
5,445,3659,12,1993,3,2,14.1
4.4,378,3593,10,1997,1,0,17.8
3.6,300,3569,8,1991,0,1,25.7
2.3,196,2716,6,1987,3,0,36.6
1.9,172,3016,4,1996,2,1,39.6
1.8,130,2260,4,2021,3,0,50.1
4.1,335,3047,10,2006,3,0,25
2,135,2340,4,2005,3,1,46.1
2,148,3074,4,2007,2,2,43.7
1.4,115,2919,4,1994,1,1,45.7
1.4,159,2279,4,2022,1,1,53.5
3,263,3456,8,2018,2,1,33.4
3.3,266,2656,8,2023,2,0,37.8
3.6,261,3181,8,2005,2,0,32
3.5,259,2708,8,1984,0,0,29.6
1.4,156,2964,4,2017,2,2,47.2
2.4,194,2399,6,1982,1,1,37.7
1.7,117,2216,3,1991,3,2,47.3
4.6,478,3057,12,2003,3,1,15.5
1.6,106,2277,3,1980,1,2,48
1.6,143,2620,4,2010,2,1,49
1.8,154,2848,4,2007,3,1,44.6
3.1,332,3512,8,2002,3,0,27.5
2.9,180,2560,6,2000,1,2,41
1.5,126,2881,4,2015,0,1,47.7
1.3,166,2727,4,2024,3,0,47.6
3.5,306,2682,8,2024,2,1,34.7
1.4,138,2284,4,2006,2,0,49.4
3.2,267,2914,8,1991,0,0,30.3
1.4,123,2333,4,1992,0,2,47.2
5.1,459,3258,12,2014,0,0,19.9
2.5,204,3223,6,1980,0,0,34.1
2.5,197,2603,6,1981,1,2,36.1
2.4,261,3022,6,2000,0,2,36.5
2.8,187,2488,6,2016,1,2,42.9
1.8,189,2594,4,1981,2,0,39.8
3.2,269,3156,8,2022,3,0,33.7
1.3,148,2024,3,1995,0,1,49.2
1.4,163,2720,4,1971,3,2,38.5
2.3,263,2454,6,1990,3,2,37.1
2.1,165,2861,4,1973,3,0,34.9
1,156,2111,3,1987,0,1,48.7
1.1,98,2764,3,1999,1,2,48.9
1.6,145,2095,4,2015,2,0,51.3
1.8,138,2483,4,1998,0,1,46.2
4.9,410,3465,12,2014,0,1,21.4
1.7,161,2599,3,2008,2,1,48.4
4.9,419,3259,12,2015,1,2,21.1
4.9,440,3646,12,2024,3,2,18.1
2.9,314,2883,8,2020,2,2,34
1.7,150,2669,4,2012,1,2,47
1.5,140,2413,4,1987,1,0,45.7
3.9,328,3374,10,2012,3,1,26
1,111,2434,3,1991,2,0,48.2
1.7,126,3056,4,2003,2,0,42.2
1.6,80,2221,3,2008,0,2,54
1.3,174,2908,4,2007,0,2,44.2
1.6,112,2814,4,1991,2,0,42.1
3.7,359,3380,10,2006,1,1,26
1.5,112,2771,4,1994,0,2,45.5
4.6,454,3796,12,1995,3,2,11.8
3.5,286,3502,8,2021,0,2,31.2
3.6,293,3408,8,1971,0,1,24
3.5,299,3335,8,1987,1,0,24.7
3.3,318,3078,8,1995,2,2,28.3
1.5,119,2057,4,1989,0,2,48.7
2.7,265,3360,6,1985,2,1,31
2.5,231,2824,6,1971,2,0,31.9
1.9,180,2997,4,1970,3,2,37.4
3.6,257,3391,8,2003,1,2,30.4
2.4,261,2875,6,1986,2,1,34.8
5.1,453,3626,12,1999,3,1,13.9
2,130,3064,4,2010,0,1,46.6
1.6,190,2260,4,1970,1,0,39.8
4.1,388,3326,10,2010,3,1,22
1.6,162,2329,4,1986,2,1,43.6
3.4,332,2742,8,1991,2,0,27.4
1.4,158,2644,4,2003,3,1,46.9
1.4,113,2920,4,1996,1,0,44.5
2.9,310,3317,8,1971,0,2,25.4
2.9,251,2597,6,2013,1,1,41
3.6,316,3250,8,1985,1,1,23.7
1.5,153,2169,4,1973,0,0,43.1
2.4,199,2832,6,2015,3,2,42.6
1.8,168,2399,4,1985,2,1,43.3
4.1,348,3067,10,1972,3,0,18.4
1.7,179,2801,4,1973,2,2,36.7
1,103,2643,3,2011,1,1,51.7
3.5,274,2927,8,2013,2,1,34.3
2.6,258,2433,6,2012,1,0,41.6
2,199,2905,4,1973,3,1,35.7
1.7,156,2585,4,2020,3,1,48.2
3.3,275,3178,8,1976,3,0,26
4.5,454,3012,12,1975,3,1,12.1
5,449,3210,12,1977,1,2,12.5
2,183,2378,4,1979,3,1,40.2
1.6,154,2597,4,1976,2,0,38.9
1.9,158,2301,4,1974,2,1,40.5
1.7,172,2288,4,2017,0,1,48.3
3.5,335,3537,8,1997,0,0,26.3
3.6,306,2862,8,1983,3,1,25.2
1.5,159,2828,4,2023,2,0,48.2
1.9,186,3127,4,1984,3,1,35.6
3.6,329,3457,8,2017,0,0,28.6
3.2,261,2926,8,2020,3,0,34.5
3.9,325,3724,10,1980,2,0,16.6
2.1,187,3209,6,2023,0,2,42.4
3.1,327,3100,8,2024,2,2,33.9
4.4,367,3453,10,2015,3,2,24.9
1.9,127,2468,4,1982,2,1,41.9
1.5,97,2653,3,1977,1,0,44.6
1.6,185,2893,4,2009,3,0,43.4
2.6,247,3016,6,2009,2,2,36.7
1.6,157,2417,4,1985,1,1,44.8
5.2,417,3430,12,2010,3,2,17.4
3,260,2706,8,2018,3,2,37.7
1.3,148,2172,4,1973,3,2,44
1.7,121,2158,4,1986,1,1,46.9
4.8,420,3628,12,2010,0,2,19.8
1.2,82,2765,3,1980,1,1,44.9
4.1,370,3152,10,1997,2,2,21.7
1.8,157,2949,4,1994,3,1,42.1
3.8,352,3608,10,2006,3,1,21.8
1.4,139,2819,4,1989,1,1,44.3
2.1,180,2359,6,2020,1,1,48.3
4.7,469,3167,12,1972,3,1,9.5
3,283,2561,8,2013,2,0,35.3
3.6,308,3119,8,2005,1,0,29.3
1.8,180,2744,4,1997,0,1,41.4
2,134,3036,4,2021,0,0,45.3
4.7,475,3046,12,2023,3,1,21.2
3.9,330,2924,10,2004,0,0,28.1
2.3,270,3214,6,2005,3,1,33.9
4.5,397,3317,12,1987,0,1,15.6
3.1,293,2948,8,1986,0,1,30
1.6,139,2670,4,2012,3,2,46.6
2.9,244,2547,6,1999,0,2,39.8
2.2,221,2309,6,2014,2,2,44
1.5,128,2601,4,2006,1,0,47.7
5,445,3551,12,1983,2,0,9.6
3,309,2706,8,1987,0,1,31.3
2.3,220,2840,6,2013,2,1,41.7
2.8,196,3289,6,1975,3,2,31.6
3.8,364,2969,10,1975,0,2,22.2
2.7,192,2452,6,1995,2,1,39.2
1.8,185,2754,4,1975,2,2,40.2
2.4,192,2794,6,1973,2,2,34.6
1.4,138,2488,4,2006,2,2,47.4
2.3,225,3279,6,2020,3,1,38.5
3.5,277,2820,8,2006,2,2,32
4.1,392,3406,10,1973,1,0,17.7
2,138,2888,4,2007,1,1,45.6
1.3,130,2286,4,2021,2,0,51.7
4,379,3178,10,2016,0,2,26.2
1.7,191,2375,4,2014,3,1,45.4
1.4,178,2541,4,1979,0,0,41.2
1.7,137,2924,4,1988,1,2,43.7
3.4,325,3251,8,2015,1,1,32.2
2.5,211,3185,6,1971,1,1,30.9
2.8,257,3302,6,2012,0,0,35.6
2.8,217,2984,6,2000,1,2,38.5
3.4,338,3524,8,2004,3,2,26.4
5.1,443,4099,12,2019,3,0,14.4
3.3,280,3160,8,1994,0,1,31.4
1.4,151,2932,4,2021,1,0,46.3
2.1,173,2850,4,2006,3,2,41.8
4.4,377,3127,10,1998,0,0,22.6
3.9,370,3410,10,1990,2,0,18.7
1.6,190,2395,4,2005,2,1,46.5
1.5,191,2633,4,2015,2,1,48.2
3.7,370,3046,10,1989,2,2,21.7
4.1,387,3634,10,2020,2,1,23.7
4.9,414,3486,12,2004,3,1,16.2
2.2,217,2443,6,1978,1,0,36.4
2.3,262,3085,6,1980,3,1,30.2
4.6,396,3511,12,2004,1,1,17.2
1.7,171,2281,4,1994,2,0,45.2
1.1,127,2769,3,1995,3,2,45.4
1.5,105,2695,3,1984,1,2,45
2.7,226,2666,6,2006,2,0,39.4
2.2,246,3166,6,2016,1,0,38.4
2,187,2939,4,1986,0,2,40
3.3,305,2840,8,2014,0,2,34.1
2,122,2344,4,2005,3,1,47.8
3.5,267,3410,8,2003,2,2,31.1
2,199,3141,4,1999,2,2,39.9
2.6,213,2776,6,1981,3,0,35.4
1.3,166,2660,4,1993,3,0,43.6
2,116,2931,4,2013,1,0,45.3
1.8,125,3026,4,2005,0,1,44.3
4.4,365,2930,10,1987,0,2,23.2
5,410,3343,12,2009,2,2,19.9
4.6,441,3658,12,2005,1,1,15.4
1.7,176,2338,4,2024,2,2,51.4
3,336,2569,8,1999,3,2,30.4
2.8,234,3292,6,2005,3,0,35.3
1.6,141,2680,4,1980,2,2,42
2.8,218,2750,6,1984,3,0,33.7
1.6,192,2585,4,1981,1,2,40.4
1.4,97,2976,3,2000,0,0,47.3
1.9,163,2786,4,1994,0,1,43.2
3.3,337,2993,8,1971,2,1,24.1
1.8,125,2358,4,1989,2,1,44.7
2.2,266,3241,6,1994,2,1,31.5
1.4,119,2515,4,1992,1,1,47.9
2.1,170,3208,4,1978,1,0,36.9
3.9,393,3036,10,1997,0,2,24.3
1.8,193,2143,4,2018,1,2,49.5
1.9,157,2198,4,1975,0,0,43.3
2.9,229,2902,6,2000,2,2,36.3
1.4,143,2742,4,2002,3,0,46.5
1.7,139,2920,4,2000,3,2,42.2
3.6,324,3212,8,2015,3,2,30.4
3.1,314,2928,8,1977,3,1,26.4
2.6,199,3184,6,2007,2,0,37.2
3.7,287,2809,8,2015,1,0,35.3
2.8,185,3382,6,2007,2,2,36.4
3.5,281,2663,8,2020,0,2,36.4
2.5,255,2915,6,1981,3,1,31.4
2.4,258,2354,6,1994,2,1,37.5
1.9,115,2908,4,1994,3,0,43.6
3,295,2538,8,1990,0,2,33.9
1.8,132,2357,4,1994,2,0,45
2.6,232,2521,6,1991,0,2,39.3
4.7,443,3874,12,1978,2,2,11.5
1.9,155,3093,4,1991,2,1,40
2.8,244,3310,6,2024,2,0,36.1
1.5,145,2404,4,2000,3,2,45.4
2.6,228,3250,6,1999,1,0,34.5
3.9,390,3698,10,2008,0,2,24.1
2.1,162,2619,4,2006,2,2,46.9
1.5,113,2283,4,1994,0,1,48
5.1,396,3776,12,2016,2,0,19.4
1.4,155,2942,4,1979,3,0,38.5
1.3,155,2011,3,2020,2,0,52.7
1.3,190,2805,4,2016,3,0,44.4
3.1,319,3185,8,2022,3,0,32.8
1.7,170,3070,4,1986,1,1,39
4.9,399,3447,12,1987,3,2,16.1
3.6,336,2934,8,1997,2,0,28.6
3.5,300,3211,8,2006,0,0,29.6
3.9,333,3546,10,1971,1,1,16.4
2.6,257,2973,6,1993,3,1,34.8
1.3,189,2125,4,1989,2,1,44.7
1.3,128,2435,4,2013,3,2,51.1
4.7,455,3659,12,1977,0,1,11.9
2,146,2316,4,2004,0,0,46.8
1.7,167,2114,4,1975,0,1,43.6
1.6,96,3020,3,1977,1,0,40.9
2.4,247,2896,6,1995,3,1,36.4
2.7,190,3307,6,1976,1,0,33.1
2.8,238,2917,6,1984,1,1,32.2
3.2,316,2671,8,1992,3,1,29.6
2.9,257,2522,6,1985,3,2,33.2
3.7,276,2889,8,1987,2,0,29.2
1.1,111,2060,3,1995,2,2,51.5
1.8,150,2738,4,1995,1,2,42.9
4.3,388,3343,10,2012,0,0,25.2
1.9,172,2401,4,2022,1,1,49.9
3,312,3180,8,1972,2,1,24.2
1.7,144,2556,4,1987,2,1,45
1.9,181,2757,4,1982,3,0,37.1
2.6,228,2602,6,1973,3,2,33.2
3.6,307,2926,8,1971,2,0,23.6
2.7,255,2834,6,2001,3,2,35.1
4.1,391,2963,10,1988,0,1,21.4
2.3,268,2799,6,2011,2,2,40.3
2,138,2202,4,2012,1,0,49.7
1.5,133,2657,4,1981,0,2,41.8
1.8,196,2627,4,2013,0,2,47.9
5.2,440,3252,12,1994,3,0,15.6
1.7,124,2869,4,2013,3,0,47.7
1.8,174,2502,4,1993,3,0,41.9
2.4,253,3024,6,1975,2,1,31.2
1.4,151,2111,4,2003,2,0,47.5
3.1,268,3224,8,2010,2,0,32.2
1.4,97,2109,3,1978,1,2,47.4
1.4,146,2880,4,2019,0,0,47.9
1.4,196,2520,4,2023,3,1,50
1.8,192,2345,4,2015,2,2,47
1.3,181,2121,4,2007,0,0,50.6
2.4,195,3278,6,2002,1,0,37.5
3.4,251,2984,8,1973,1,2,29.3
1.6,159,2728,4,1990,2,0,41.2
4.3,391,3322,10,1997,2,0,19.2
3.1,292,2702,8,1979,1,1,29.4
5,441,3713,12,1976,2,0,9.7
2.5,180,3291,6,2011,2,2,39.4
1.9,136,3027,4,1985,3,2,38.5
2.5,220,2779,6,2007,1,0,40
3.4,278,3487,8,1988,1,1,25.1
2.1,152,2966,4,1985,0,1,41
5.3,432,3441,12,1983,0,0,11.8
3.4,301,2706,8,1987,2,1,28
1,118,2401,3,2013,2,0,53.3
1.6,136,2738,3,1983,1,0,41.7
5.3,411,3852,12,1980,1,2,10.3
2,140,2999,4,1980,3,0,38.6
2.2,266,2763,6,2018,2,0,39.5
2.9,262,3140,6,1992,0,1,33.8
5.2,450,3657,12,2011,3,1,15.7
2.1,138,2918,4,1989,0,2,40.7
4.2,354,3221,10,1985,3,0,18.2
2.6,187,2763,6,1986,1,0,37.2
5.2,473,4125,12,1991,1,1,9.4
1.5,160,2487,4,1991,3,0,43
5.1,418,4129,12,1994,0,0,11.7
1.5,152,2308,4,2008,2,2,49.6
3.2,270,3270,8,2013,1,0,34.2
1.7,151,2756,3,2015,2,2,47.7
2.4,217,3224,6,2005,0,0,36.8
1.6,111,2377,3,1991,0,0,48.2
1,148,2451,3,2005,3,0,48.2
4,392,3450,10,1992,2,0,20.2
2.1,255,2473,6,2007,3,1,40.9
2.7,249,3139,6,2006,1,2,35.6
2.3,210,2923,6,1996,1,2,37.6
1.3,110,2603,4,1970,0,0,43.7
2.2,192,3087,6,2016,2,1,40.6
3,293,2799,8,2002,1,1,32.6
1.8,127,2983,4,1982,1,0,40.8
2.5,181,2949,6,1988,1,1,37.7
2.2,246,2268,6,2000,2,0,38.6
2.8,255,2795,6,1983,3,1,30.8
3.6,259,3412,8,1975,1,1,26
1.5,126,2153,3,1980,2,0,46.7
4.6,399,3095,12,1995,0,0,18.2
5,421,3574,12,1990,0,0,14.9
3.4,271,3241,8,2024,1,0,33.4
1.4,135,2446,4,1970,2,0,39.9
1.7,138,2435,4,1985,1,1,44
1.8,192,2848,4,1974,2,1,36.1
2.8,189,3184,6,1985,0,1,33.9
3.1,334,3261,8,1983,3,1,25.1
2.2,232,2300,6,1974,0,1,37.6
2.9,318,2707,8,2016,0,2,37.3
4.8,476,3492,12,1978,1,2,12
1.8,158,2727,4,2011,2,1,45.6
1.8,130,2262,4,1987,0,0,45.5
3.5,273,2702,8,2020,0,2,36.4
2,171,2890,4,1999,3,2,41.1
1.4,154,2727,4,1999,3,2,46.4
3.6,335,2762,8,1994,3,0,26.3
1.2,120,2189,3,2013,0,2,55.5
2.5,204,2735,6,2013,2,0,41.8
4.6,410,3154,12,1975,2,2,14.6
1.4,152,2216,4,1976,3,0,43.9
2.4,216,2878,6,1979,2,0,32.8
2.6,237,2866,6,1987,2,0,35.5
1.5,171,2596,4,1975,3,1,40.7
2,146,2890,4,2023,0,1,47.3
1.5,124,2553,3,2012,2,2,52
3,333,3073,8,1971,0,0,22.5
2.4,265,2412,6,2009,0,1,42
2.2,200,2695,6,2021,0,1,45.5
2.8,235,2783,6,1996,0,0,36.3
2.5,241,2980,6,1993,3,2,33.4
3.7,291,2748,8,2002,0,2,32.4
2,167,3122,4,1996,3,1,40.1
2.2,223,2328,6,1983,2,1,39.6
2.3,215,3177,6,2023,3,1,41.8
2.1,144,3118,4,2010,0,0,44.7
2,186,2722,4,1975,2,2,37.3
3.3,270,2821,8,2018,3,1,34.3
4.2,348,3853,10,2004,2,1,19.9
2.1,176,2984,4,1981,3,0,37
3.6,336,3462,8,1983,3,1,22
1.5,153,2721,3,2008,3,1,45.4
1.1,95,2897,3,2010,1,0,51.1
3.5,303,3196,8,2004,1,2,29.8
1.9,169,3038,4,1985,0,1,40.3
1.6,104,2199,3,1983,3,2,45.8
1.6,156,2911,4,2011,1,1,45.2
2.7,215,3383,6,1988,2,1,33.1
3.3,300,2859,8,2016,2,2,35.1
2.7,204,3093,6,1993,1,1,36.1
3.1,304,3339,8,2021,1,2,33.8
2.8,225,3095,6,2000,2,2,37.3
2.4,215,3306,6,1977,1,0,29.7
1,133,2735,3,1991,1,2,47
1.5,159,2670,4,1987,3,1,42.9
1.4,128,2392,4,2019,3,2,53
1.9,153,2686,4,1998,3,2,42.5
3.3,292,3340,8,1983,2,1,24.1
1.8,153,2344,4,1979,0,1,41.9
2.6,243,2838,6,1974,2,1,31.9
1.5,160,2916,3,1994,3,0,41.7
2.9,268,2877,6,2010,2,0,34.7
1.4,113,2181,4,1974,0,2,45.5
1.9,196,2829,4,2020,3,1,46.8
1.5,170,2151,4,2015,3,1,49.5
2.8,242,2600,6,1978,3,2,33.6
3.4,259,2865,8,1972,2,2,27.3
1,141,2672,3,1971,1,0,41.4
2.2,224,2374,6,1981,2,0,37.1
2.3,194,2330,6,2016,2,2,46.4
2.1,178,2536,4,2009,0,1,46.9
1.8,118,2610,4,2009,1,0,46.9
3.3,332,2799,8,1998,0,2,29.3
1.5,148,2351,3,1978,3,0,42.4
3.2,337,3310,8,2005,2,2,27.3
1.5,160,2916,4,2003,3,0,43
4.9,466,3679,12,2019,2,0,16
2,178,2616,4,2020,0,2,49.1
2,135,2967,4,2019,2,1,47.3
2.8,212,3386,6,1984,1,0,29.9
1.9,189,2836,4,2003,2,1,44.2
1.6,142,2836,4,1980,2,0,41.2
1.9,185,2189,4,1988,2,2,44.3
1.3,192,2347,4,2003,0,1,48.6
2.9,187,2927,6,1980,2,0,34.9
5.2,392,3247,12,1970,1,2,13.5
3.9,388,3324,10,2001,3,2,22.1
4.9,475,3602,12,1991,1,1,12.5
2.3,198,2917,6,2020,0,0,43.3
3.1,289,2814,8,1999,2,1,32.7
1.8,122,2237,4,1982,3,0,45.4
4.9,408,3391,12,2022,2,0,21.6
1.6,116,2229,4,1974,2,1,42.7
1.3,76,2750,3,1988,3,1,48.1
1.3,171,2459,4,1986,3,2,42.5
1.7,181,2766,4,1988,2,1,40
1.5,118,2724,4,2002,0,2,48.3
2.1,119,2948,4,2014,3,1,44.9
1.6,126,2655,4,2024,1,1,49.5
3.6,261,2861,8,2019,2,0,33.9
3.9,376,3611,10,1979,2,2,18.3
1.2,105,2633,3,1980,2,2,47
3,260,2626,8,2007,2,1,36
1.5,185,2119,4,2003,3,1,48.4
3.4,300,3391,8,1987,1,1,26.6
3.6,287,3178,8,1992,0,2,28.9
2.9,263,2695,8,1989,2,1,31.7
4.4,376,3837,10,2008,2,1,20.4
2.1,191,2904,4,2008,0,0,43.7
2.7,180,3106,6,2008,3,0,39.2
3,279,3324,8,1976,3,1,25.9
1.7,171,2794,4,1996,1,2,44
1.3,121,2770,3,2020,3,1,48.9
1.5,163,2664,4,1990,1,2,44.8
1.9,131,2517,4,2005,0,1,48.7
5.1,393,3481,12,1980,2,1,12.6
4.7,457,3870,12,2018,3,1,15.1
2,159,2754,4,1995,2,0,40.4
1.5,130,2088,4,1971,3,1,43.8
1.7,166,2823,4,2008,2,0,45.9
4.7,414,3091,12,2019,2,1,21.3
2.1,133,2571,4,2017,2,0,47.8
1.5,176,2495,4,1974,0,0,39.8
2.8,218,3255,6,1987,1,1,33
1.5,122,2495,4,1979,3,2,44.3
2.1,186,3202,4,2024,1,0,45
3.6,292,3422,8,1975,2,1,24.6
3.2,263,2800,8,2002,3,2,31.9
4.5,345,3914,10,2009,2,1,20.4
2.4,236,3145,6,1984,3,0,31.1
1.7,142,2542,4,1981,3,1,43.1
3.4,292,2826,8,1972,1,2,28.3
5,392,3319,12,2021,2,2,22.2
1.5,195,2839,4,1976,0,1,37.2
2.1,121,2263,4,1991,3,1,45.3
3,291,2914,8,2010,1,2,34.1
1.4,128,2492,3,2001,1,2,50.9
2,132,3157,4,1972,1,2,36.5
3.3,266,2702,8,2018,2,1,35.3
3,256,3190,8,1999,0,0,30.5
2,193,2933,4,2015,2,1,43.2
3.2,263,2889,8,2005,0,2,33.9
2.1,239,3047,6,1989,0,0,33.1
1.6,192,2470,4,2014,2,1,45.6
1.7,89,2638,3,1971,0,0,42.3
1.4,148,2249,4,1982,1,1,46.7
1.9,198,2185,4,2005,2,1,46.6
1.5,193,2333,4,2006,3,1,45.2
3.2,269,3556,8,1975,0,2,26.1
1.8,165,2859,4,1989,0,2,42.2
2.4,235,3070,6,1972,2,2,31.7
4.8,434,3230,12,2009,0,1,18.2
1.9,114,2750,4,2002,0,1,47.6
1.8,195,2716,4,2023,3,1,47.9
3.3,250,3237,8,1974,0,2,27.8
1.4,153,2600,3,1980,1,0,44.6
2.8,195,3058,6,2007,3,2,39.8
3.8,380,3110,10,1970,2,1,16.9
2.3,225,2443,6,1987,1,0,37.2
3.1,329,3255,8,1997,1,0,29.2
4.7,453,3990,12,2024,1,0,15.8
4.9,477,4051,12,1991,2,0,9
4.2,375,3827,10,2023,3,0,22.8
1.5,180,2786,4,1985,3,0,40.1
2.4,254,2651,6,2003,3,0,38.6
2.2,233,2356,6,2010,3,2,44
3.8,321,3697,10,2020,0,2,26.6
2.3,234,3095,6,1988,1,1,35.7
4.3,388,3296,10,1983,3,0,16.6
3.6,301,3417,8,2021,1,1,30.9
2.7,217,2577,6,1985,0,0,36.7
2,188,2326,4,1978,3,1,38.8
3.1,279,2574,8,1972,1,2,29.2
2.4,239,2767,6,2018,3,2,41.2
4.7,465,3948,12,1973,0,2,9
2.2,254,2842,6,1996,1,0,38
1.8,182,2957,4,2010,0,1,43.2
1.5,150,2299,4,2004,1,1,49
1.1,135,2803,3,1995,2,0,45.4
2,168,2357,4,1994,0,0,45.6
1.7,164,3100,4,1973,2,0,35
2.9,202,2992,6,1971,2,2,33
1.6,183,2751,4,2016,2,1,47.9
4.1,361,3740,10,2002,1,1,19.8
1.5,160,2897,3,2000,3,2,46
4.6,405,3660,12,2023,3,2,19.3
1.4,137,2835,4,1992,1,0,43.7
2.4,240,2625,6,1992,0,0,36.9
3.5,269,3139,8,1990,3,2,30.1
1.3,86,2253,3,1992,0,2,49.7
2.1,189,3226,4,1999,2,2,38.2
1.3,106,2073,3,2013,0,0,54.3
2,113,2423,4,2017,3,1,49.2
2.5,190,2697,6,1983,1,2,36.9
2.4,201,2991,6,2003,3,2,38
2.9,286,2979,8,1990,3,0,30.1
2.7,253,2987,6,2018,2,2,37.5
3.5,274,3164,8,1994,0,0,30.6
1.1,127,2676,3,2002,0,1,50
1.3,134,2111,4,1972,2,2,42.9
1.3,131,2131,4,1978,0,0,46.9
2,125,3007,4,2005,3,2,43.3
1.9,111,2963,4,2023,2,2,49.8
3.1,336,2826,8,2023,3,1,34.3
1.7,176,2991,4,1999,2,1,42.1
5.2,449,4159,12,1980,1,0,9
4.7,457,3986,12,1971,1,2,9
3.3,324,2836,8,2022,0,0,35.1
3.2,285,3462,8,2013,0,0,32.8
2,158,2704,4,2018,3,1,46.8
2.3,212,2740,6,2008,1,1,40.5
1.9,169,2295,4,1994,2,2,44.9
3.9,321,3650,10,1994,0,2,21.8
3,313,2686,8,2003,1,2,32
1.5,175,2160,4,2020,3,0,48.5
1.5,186,2159,4,1987,2,2,45.4
3.1,309,2730,8,1971,2,0,24.5
3.9,345,3347,10,2006,2,0,25.3
1.8,185,2930,4,1992,3,0,40.8
1.6,142,2342,4,2000,2,2,49.1
4.3,328,3203,10,1981,3,1,19.4
2.7,238,2701,6,1991,3,1,36.6
1.1,120,2390,3,1986,0,1,49.2
1.9,116,2371,4,1981,1,1,46
1.5,182,2684,4,1983,1,2,42.7
3.8,361,2929,10,2008,3,1,26.2
2,135,2784,4,2005,2,1,46.1
2.1,155,2567,4,1984,1,1,40.8
2.2,266,2806,6,2008,3,2,36.9
4.9,428,3908,12,1994,2,0,12.8
3.7,267,3103,8,1983,0,0,26.7
2.9,221,3115,6,1989,2,1,32.4
3.4,322,3391,8,1993,0,0,24.9
4.5,422,3470,12,2000,1,0,15.3
1.4,115,2823,4,1978,3,0,41.5
1,164,2139,3,2013,1,2,54.4
1.2,123,2867,3,1973,2,0,43
4.2,328,3837,10,1971,2,2,16
3.9,407,3169,10,1985,1,2,21.4
1,82,2562,3,2023,0,2,54.1
4.6,441,3361,12,2016,1,1,20.6
2.5,256,2481,6,1974,2,1,34.9
1.4,155,2525,4,1978,0,0,43.3
3.3,261,2799,8,2014,0,1,36.9
4.4,330,3539,10,1997,1,2,22.7
3,316,3148,8,1991,2,0,27.3
4.2,374,3679,10,2013,2,1,22
1.5,168,2389,4,2016,0,2,48.4
1.3,187,2618,4,1984,0,2,40.7
2.2,196,2367,6,2005,0,1,44.2
3,258,3207,8,1979,0,2,29
2.2,214,2685,6,1988,2,0,35.7
2,142,2842,4,1974,3,0,39.4
3,254,2691,8,2003,2,2,34.8
3,321,3191,8,2009,2,0,31.8
4.6,398,3892,12,2001,2,0,14.7
2.1,261,2986,6,2020,2,1,39.1
3.3,337,3576,8,2018,2,2,30.2
2.4,245,3138,6,2017,2,1,39.3
3.5,288,3184,8,2017,1,0,33.5
2.8,183,2915,6,1989,2,1,34.9
5,450,4020,12,1998,0,0,12
2,188,2269,4,2002,1,1,45.5
2.1,166,2739,4,2004,1,0,44.4
1.3,191,2977,4,1996,0,2,41.2
1.9,151,2800,4,1985,0,2,40.4
1.4,177,2557,4,2023,2,0,48.4
1.5,183,2903,4,1996,0,0,42.3
4.1,355,2953,10,2009,3,0,24.7
2.7,181,3310,6,2009,0,1,37.4
3.6,329,3218,8,1992,2,1,27.4
2,147,3001,4,2019,3,0,46.6
1.3,135,2819,3,1997,1,1,45.1
2.2,266,2596,6,2003,3,1,37.3
1.6,163,2930,4,1973,0,2,40.7
5.1,451,3220,12,2012,0,0,19.7
1.4,164,2716,4,2003,2,1,44.9
3.3,274,2818,8,1983,0,2,31.6
2.6,213,2449,6,2016,3,0,42.4
1.6,163,2722,3,1994,3,0,43.8
2,158,2427,4,1987,0,0,43.8
2,193,2638,4,1971,3,2,37.9
4.1,332,3040,10,1971,1,0,21.3
3.6,338,3473,8,1972,0,1,19.9
2.1,186,3202,6,1973,0,0,32.7
1.8,110,2392,4,2013,0,2,49.8
3.8,376,3384,10,1991,1,1,22.3
3.7,356,3077,10,1994,1,1,24.8
4.4,363,3834,10,1971,0,0,12.8
3.7,297,3459,8,2009,3,1,29.5
1.5,181,2334,4,1983,1,2,43.1
1.6,147,2918,4,1976,1,0,40.4
1.4,184,2880,4,2003,1,2,45.2
1.6,179,2626,4,1989,0,2,44
4.2,341,3039,10,2004,2,1,26.6
5.3,475,3994,12,1980,1,1,9
1.7,178,2341,4,1974,0,0,41.8
3.1,255,3259,8,1977,3,0,27.2
2.3,238,3099,6,1982,0,0,34.4
1.4,136,2403,4,2012,3,0,49.2
3.4,281,3048,8,1996,2,0,29.8
3.9,371,2899,10,2023,0,1,29.8
2.2,202,2445,6,1974,1,1,36
5,414,3215,12,1984,0,1,17
4.9,457,3108,12,2018,0,2,22.3
1.8,182,2772,4,1970,1,1,36.7
4.2,332,3841,10,2009,0,0,22.1
4.2,321,3464,10,2001,0,1,24.3
3.4,264,3103,8,1980,0,1,29.4
3.8,402,3069,10,2020,2,0,26.7
1.4,114,2406,4,2020,3,0,52.2
3.2,340,2645,8,2001,0,0,32.5
3.2,307,3310,8,2018,0,1,32.5
2.7,216,2482,6,2018,1,1,44.2
2.1,190,3018,4,2011,0,2,42.2
1.5,123,2309,4,2001,3,2,48.8
2,177,2748,4,1997,0,1,43.1
2.7,200,3094,6,1982,1,0,32.6
1.4,147,2791,4,2003,3,1,46.3
5,450,3751,12,2008,3,0,13
5.1,479,3847,12,2004,2,1,13.6
3.9,327,3344,10,1988,1,0,21.2
3.6,290,3328,8,2005,0,0,29.8
1.8,116,2630,4,1981,2,1,42
2.3,256,2518,6,2014,1,1,41.6
1.2,139,2188,3,2012,0,1,53.2
4.3,342,3641,10,1993,2,2,19.5
2.2,255,2761,6,1988,2,1,35.1
2.6,181,2798,6,2008,1,1,42.7
5.3,469,3802,12,1992,1,1,10.9
3.7,336,3436,8,2008,0,1,29.2
2,152,2831,4,1992,1,0,42.2
1.4,162,2178,4,1973,0,1,42.6
2.1,198,2973,6,1991,3,1,37.8
1.2,87,2182,3,2011,2,0,52.8
3.7,362,3207,10,1981,0,0,21
1.3,115,2384,4,1996,0,0,48.6
2.1,254,2729,6,2023,1,2,43.5
1.7,171,2159,4,1985,2,1,42.9
4.9,443,3302,12,2019,0,2,21.4
4.6,414,3976,12,2000,3,1,14.3
1.2,136,2186,3,1975,0,1,45.3
2.9,236,2640,6,2003,2,2,37.8
4.5,375,3512,10,1985,3,1,16.3
2.1,120,2691,4,1974,2,1,40.3
2.8,250,3204,6,2005,3,2,33.1
1.4,168,2844,4,1973,3,2,38.1
1.6,192,2830,4,2004,1,1,43.3
2.3,209,2727,6,1994,0,0,38.9
1.8,160,2151,4,1981,1,2,45
1.1,119,2208,3,1987,0,0,47.1
4.5,411,3940,12,1995,0,2,13.2
3.4,253,3406,8,2020,0,2,36
3.4,319,2728,8,2007,0,0,32.5
1.9,155,2724,4,2009,0,1,47.9
4.3,362,3107,10,1987,1,2,21.2
1.6,181,2654,4,1992,2,1,44.1
1.3,80,2717,3,1978,0,1,44.5
3.7,326,3434,10,2010,3,1,26.9
1.8,117,2467,4,2001,2,0,47.1
4.5,366,3059,10,2014,1,0,26.3
3.2,297,3092,8,1990,2,0,28.2
3.4,306,3325,8,1993,2,0,24.9
3.2,267,3136,8,1990,0,2,31.4
2,158,2972,4,1976,1,2,38.7
5.3,395,3517,12,2008,2,1,18.1
1.9,150,2462,4,2022,0,0,48.9
2.4,182,2977,6,1979,0,0,36.3
1.4,178,2053,4,2014,0,1,51.9
1.2,93,2660,3,2015,1,1,52.2
4.8,394,3289,12,2014,0,2,23.2
1.5,118,2902,4,1994,1,2,46.6
1.3,186,2059,4,2012,0,1,51.7
1.6,178,2107,4,1988,2,0,45.3
3.9,385,3585,10,1975,1,1,17.8
2,129,2833,4,1989,0,2,43
4.7,465,3602,12,2008,2,0,13.5
1.4,184,2094,4,2021,0,1,50.1
1.1,116,2639,3,2002,0,0,48.8
4.9,415,3589,12,2017,1,1,20.8
1.7,152,2893,4,2015,1,0,45.7
2.1,191,2442,4,2012,1,0,45.5
1.9,198,2343,4,2019,1,1,46.7
4,324,3383,10,1986,1,2,21.5
1.7,178,2874,4,2017,2,1,44.7
2,110,3184,4,1998,3,1,42
1.1,85,2386,3,1974,3,2,44.6
3.6,331,3076,8,1984,1,2,24.3
3.2,339,3290,8,1976,3,1,23.3
1.9,198,2341,4,1992,3,1,42.8
4.8,477,3991,12,1980,2,2,9
2.2,230,2954,6,1993,0,0,36.9
1.8,126,2448,4,2004,0,0,47.8
4.7,467,3020,12,1998,1,1,16.8
3.9,347,2794,10,2018,2,2,28.7
2,196,3067,4,1990,3,0,38.6
2.2,181,3146,6,2000,3,1,37.3
1.2,95,2568,3,1994,0,2,47.7
1.6,176,2137,4,1990,0,2,47.3
2.3,194,2910,6,2000,2,2,38.3
1.8,115,2413,4,1976,3,1,42.9
3.2,274,2668,8,2024,2,1,37.9
2.8,207,2492,6,2006,2,1,42
3.4,261,3018,8,2005,0,1,33.1
3.3,271,3216,8,2020,2,2,33.5
1.5,143,2541,4,1974,1,1,43.5
2.1,181,2448,6,1987,2,0,38.2
2.6,191,3238,6,1999,1,2,37.9
1.7,199,3096,4,2024,0,2,47.4
4.8,472,3557,12,2004,3,0,14
1.8,155,2868,4,2022,0,0,46.2
1.5,169,2334,4,2000,2,1,45.5
2.3,236,2840,6,2001,2,2,37.1
2.7,229,2582,6,2013,1,0,42.2
2.4,254,3219,6,1983,1,0,30.5
3,264,3145,8,1985,1,1,28.3
1.6,119,2164,4,2016,1,2,52.2
3,287,2621,8,2002,3,1,32.9
4.7,477,3720,12,2011,1,1,13.8
1.2,113,2388,3,1972,1,1,44.4
2,189,2660,4,2022,1,2,47.4
1.6,148,2764,4,1981,3,1,39.2
1.4,115,2203,4,2021,2,2,52
2.2,244,2605,6,2010,3,0,39.2
5.3,455,3560,12,1984,0,0,9.3
4.4,376,3720,10,1975,3,2,13.1
3,287,3294,8,2002,1,2,29.4
3.8,361,3491,10,1996,3,1,19.8
3.6,250,3573,8,2018,2,0,32.5
2.1,142,2813,4,1993,2,1,41.5
5,434,3906,12,2023,3,2,16
2.5,263,2432,6,2024,3,0,41.8
2.6,269,2499,6,2023,1,0,41.1
2.1,183,2735,4,1975,1,0,37.4
1.9,137,2494,4,1972,2,0,38.8
1,104,2520,3,2019,1,1,52.3
1.5,145,2522,4,2004,2,2,46.2
1.1,164,2458,3,1980,3,2,44.3
2.3,235,3018,6,1987,2,0,32.4
1.4,121,2478,3,2002,1,2,48.6
4.5,376,2993,10,2005,2,1,25.7
2.7,244,3217,6,2018,2,0,38
2.1,186,2839,4,1991,2,2,38.8
3,317,3144,8,2014,3,2,33.2
1.6,155,2320,4,1985,0,2,46.6
1.6,159,2459,4,1993,1,0,43.3
4,384,2865,10,1976,3,0,19.6
2.1,150,2295,4,2015,2,0,49.9
4.2,364,3336,10,2006,1,0,23.1
1.7,119,3027,4,2019,1,1,49.5
2.1,158,2409,4,1988,1,2,44.3
4.3,382,3181,10,1979,0,2,20
1.6,111,2221,3,1978,2,0,46.9
3.1,277,2541,8,2003,3,1,34.6
5.1,422,3599,12,2024,1,2,19.5
2,135,2691,4,2022,0,2,49.5
2.9,232,3137,6,2001,3,2,35.7
2.3,270,2977,6,1975,1,1,31.8
2.2,183,2838,6,2008,3,2,41.3
2.9,257,2623,6,1983,3,0,31.2
3.1,331,2891,8,1989,3,2,27.6
4.4,367,3310,10,1994,2,2,21
2.1,188,2590,4,1983,2,2,41.8
2.5,185,2515,6,1971,2,0,36.7
1.9,186,2937,4,2004,2,1,42.9
2.4,226,3282,6,2013,3,2,38.9
5.2,391,3733,12,1980,0,0,11.2
2.8,203,3433,6,1972,0,0,29
1.9,198,2621,4,1998,3,0,40.1
1.6,135,2750,4,2013,2,1,49.2
1.4,90,2820,3,2006,1,1,49.9
2.2,211,3107,6,2011,2,0,38.6
3.3,313,2604,8,2014,3,1,32.5
3.1,292,2596,8,1991,1,1,33
3.6,312,3167,8,1985,1,0,26
2.4,249,3102,6,1975,3,0,29.3
5,455,3610,12,1987,0,0,11.4
4.1,370,3726,10,1997,1,0,18.4
2.3,227,2965,6,2008,3,1,38.5
2.9,320,2885,8,2010,2,2,32.2
3.1,321,3166,8,1972,0,2,25.8
1.5,123,2882,4,2022,1,0,48.5
1.4,125,2290,4,1995,2,1,47
3.8,371,2815,10,1970,0,0,22.1
1.6,178,2642,4,1981,3,1,39.5
1.6,164,2355,4,1992,3,2,46.2
5,417,3248,12,2020,3,2,20.3
1.2,116,2896,3,1989,1,0,45.9
2.7,226,3099,6,1982,1,2,33.3
4.8,423,3520,12,1973,0,0,12.2
1.3,101,2769,3,2002,0,0,48.7
1.8,141,2606,4,2012,3,2,47.9
1.8,195,2286,4,1971,1,1,40.7
2,164,2947,4,2003,1,0,43.6
1.8,166,2440,4,1981,0,0,43
2.9,255,3051,8,1976,1,1,30
3.5,299,3371,8,2000,0,0,27.8
1.5,111,2453,4,2019,2,0,50.5
2.7,205,2817,6,2001,1,0,39.7
1.8,138,2323,4,2023,0,0,51.7
5.1,433,3145,12,2003,3,2,18.8
1.6,165,2782,4,1975,0,0,38.6
1.8,146,2770,4,2008,1,0,45.3
1.9,178,2843,4,2007,2,0,44.5
1.8,162,2669,4,2012,1,0,44.7
1.6,117,2634,4,2017,3,2,50
1.8,137,2578,4,1984,0,2,42.9
2,134,2620,4,2010,0,2,49.4
2.8,224,2893,6,1994,3,1,34.6
1.7,127,2767,3,1997,1,2,46.7
2.7,240,3327,6,1998,2,1,33
1.7,151,2353,4,2006,3,2,49.3
2.1,227,2791,6,1998,0,0,37.8
5.1,408,3876,12,1983,2,0,12.1
1.1,127,2370,3,1980,1,2,47.6
1.6,160,2172,4,1995,0,0,45.6
3.5,264,3142,8,2018,2,2,35.5
4.2,390,3352,10,1997,2,2,20.1
2.2,261,3208,6,1999,0,0,35.7
1.6,151,2269,4,1995,3,1,47.1
1.4,152,2443,4,1975,0,0,43
3.3,257,3004,8,2019,2,2,35.7
2.9,227,2590,6,2011,0,2,42.7
2.9,214,3206,6,1979,2,0,30
3.6,279,2843,8,1984,2,2,30.2
3,306,2706,8,1977,3,1,28.9
4.7,409,3764,12,1979,3,0,11.9
1.3,111,2074,4,1990,1,2,48.3
1.7,177,2507,4,1997,0,2,45.5
3.1,304,2882,8,1974,2,0,27.5
2.6,238,3261,6,1988,3,2,31.8
3.7,326,3315,8,1998,0,0,27.9
1.5,133,2160,3,1980,0,2,48.2
1.4,103,2472,3,2016,0,0,54.3
2.4,269,2690,6,2011,2,2,38
1.6,130,2664,4,2022,1,0,49
2.8,187,3410,6,2019,1,2,40.9
2.3,267,2615,6,2019,0,1,39.9
1.4,112,2259,3,2020,2,1,53.1
1.5,152,2935,4,1983,2,1,40.3
1.8,135,2502,4,2014,1,1,50.7
1.3,164,2638,4,1985,0,1,42.5
3.2,308,2964,8,2017,2,0,34.9
1.8,173,2957,4,1982,0,2,39.5
1.5,151,2209,4,2007,3,1,50.1
1.7,193,3082,4,2020,3,1,45.5
2.4,261,3033,6,2021,2,2,38.9
1.7,124,2741,4,1999,1,1,44.4
1.5,167,2497,4,1986,2,1,44.1
4.6,461,3876,12,2017,3,1,14.7
2.9,290,2922,8,2004,2,0,33.7
1.7,143,2121,4,2002,3,1,48.2
3.1,309,3143,8,1993,2,0,27.8
1.9,152,2914,4,1987,0,2,40.9
1,158,2283,3,1979,2,0,43
1.5,186,2308,4,1973,3,2,40.1
1.3,188,2165,4,1971,3,1,40.2
1.8,136,2180,4,2001,1,0,49.8
2.8,213,3219,6,1992,3,0,34.2
5.1,479,3214,12,1972,3,1,9.3
1.5,177,2283,4,2022,0,2,51.6
2.5,187,2605,6,1999,2,0,40.5
1.7,188,2756,4,1985,3,1,40.5
4.3,358,3623,10,1975,0,1,16.7
1.8,122,2432,4,2010,1,1,50.9
3.5,301,3271,8,1982,3,1,26.2
1.6,140,2106,4,1990,0,2,48
1.5,110,2796,4,2020,2,2,49.8
2.1,180,2491,4,1999,0,1,43
1.4,123,2846,4,2014,0,0,47.2
3.6,268,3598,8,2002,1,2,27.9
1.2,162,2143,3,1982,3,0,45.8
2.9,180,2929,6,2018,0,2,42.3
3.3,336,3017,8,1994,1,0,26.2
3.8,377,3151,10,2003,1,0,24.2
4.7,404,3723,12,2019,0,1,18.4
4.9,422,3171,12,2024,3,2,20.5
2.3,261,3275,6,1976,1,0,29.7
1.2,109,2567,3,2003,1,2,52
1.8,129,3006,4,1978,3,2,39.9
4.1,393,3761,10,2005,1,2,20.5
1.7,185,2614,4,2000,2,2,43
4.8,479,3062,12,1991,1,0,15.1
1.7,145,2909,4,1994,3,0,41.8
3.1,313,2576,8,1991,2,2,32.5
4.7,397,3314,12,1993,0,1,18.8
1.9,135,3164,4,1990,2,2,40.3
1.8,185,2338,4,1981,0,1,41.6
4.6,466,3203,12,2001,2,1,18.1
3.5,269,2840,8,2021,3,2,34.4
1.3,136,2719,3,1988,3,1,45.4
1.8,174,2767,4,1979,1,1,38.5
3.2,316,3512,8,1998,0,1,27.7
1,79,1964,3,2023,3,2,58
3.2,275,3037,8,2013,1,0,33.5
3.2,303,3477,8,2006,1,0,29.3
3.2,295,2760,8,1979,1,2,29.2
3.2,272,3097,8,1996,3,1,30.7
3.7,267,3585,8,1987,1,2,26.1
4.4,387,3773,10,2012,3,0,21.6
3,340,2702,8,1974,0,2,27.4
1.5,77,2965,3,2020,2,1,51.9
1.3,151,2379,4,1985,0,1,46.6
3.2,311,2754,8,1970,1,1,27.8
1.4,112,2531,4,1974,0,0,44
4,371,3770,10,2019,1,2,24.8
3.4,298,2746,8,1971,3,2,26.8
4.1,320,3175,10,1985,2,2,21.8
1.7,124,2221,4,1986,0,2,46.5
1.3,147,2733,4,1970,1,0,38.4
4.7,397,3703,12,2015,0,0,18.4
3.6,336,2889,8,1986,0,1,25.4
4.9,427,3219,12,1982,1,2,13.5
3.2,331,3531,8,2011,2,1,28.2
3.1,334,3101,8,2014,2,1,32.7
1.4,89,2792,3,2024,2,1,53.5
1.6,103,3042,3,1974,2,0,40.4
1.4,89,2525,3,1974,1,2,45.2
3.5,298,3647,8,2021,3,1,31.4
1.5,134,2181,4,2013,2,1,52.7
1.9,114,2894,4,2008,1,1,46.6
1.5,186,2283,4,1984,3,1,42.5
2.5,215,2706,6,1976,2,1,34.6
3.5,335,3465,8,2012,3,0,27.1
3.6,256,3667,8,2015,2,1,30.2
3.3,339,2920,8,2018,2,1,33.5
1.6,156,2522,4,2004,1,0,48
4.7,438,3450,12,2011,2,0,16.8
3.3,267,3273,8,2019,2,0,33
1.9,173,3073,4,1975,0,1,38.5
2.6,238,2617,6,2016,0,0,39.5
4.9,412,3691,12,2012,1,2,18.7
3.2,297,3464,8,1982,3,1,26
2.4,269,2903,6,2010,0,1,38.8
4.5,479,3449,12,1976,3,2,10.1
3.3,268,3419,8,1976,1,1,24.1
2.1,233,2477,6,2009,1,1,43.3
1.6,101,2343,3,1989,1,0,47.8
1.5,184,2808,4,2014,0,0,46.9
2,167,2864,4,1981,0,0,39.9
3.3,319,3341,8,1975,2,2,24.7
1.9,162,2291,4,2002,3,0,46.4
2.1,188,3061,4,2014,3,0,42.9
1.6,162,2551,4,1998,0,0,46.8
4,354,3455,10,1972,3,2,18.7
2.4,217,2692,6,1999,1,1,38.9
2,179,2359,4,1997,2,0,44.2
1.7,200,2650,4,1984,1,0,40.7
2.5,245,2550,6,1975,1,0,33.3
3.2,332,2937,8,2016,2,2,31.7
1.5,192,2615,4,1987,3,1,42.7
1.5,78,2297,3,1981,3,2,47
2.4,218,3137,6,2024,2,2,40.1
1.8,137,2772,4,1990,3,0,43
1.6,76,2878,3,2001,3,2,48.6
1.5,152,2142,3,2016,1,2,53.7
1.6,187,2276,4,1982,2,0,41.3
1.9,181,2186,4,2000,0,0,47.8
4.7,461,3505,12,1990,0,1,14
1.7,180,2693,4,1990,2,1,41.4
1.9,198,2932,4,1973,1,0,36.4
2,154,2665,4,2016,0,0,47.7
2.1,185,3176,4,1997,0,2,40.2
1.5,90,2500,3,2012,0,1,51.6
1.5,155,2505,4,1979,2,1,42.5
2.8,194,2874,6,2001,2,0,36.3
1.9,150,2636,4,1970,0,2,38.6
1.5,145,2693,4,2024,3,1,50.8
2.7,266,2585,6,1981,3,0,32.7
2.6,185,3015,6,2008,1,0,40.6
2.1,178,2523,4,2023,0,0,46.7
3,314,3320,8,2019,1,0,32.9
1.1,83,2537,3,2019,1,0,55.2
4.5,403,3278,10,2019,3,2,23.8
1.8,160,2219,4,2018,0,0,50.2
1.4,182,2392,4,2004,0,1,48.7
2,185,2715,4,2012,2,1,43.5
2.4,254,2476,6,1987,1,1,35.4
4.3,372,3089,10,2017,1,2,26.6
4.4,339,3303,10,2020,1,2,27.8
3.2,306,3396,8,2014,1,2,32.1
1.6,120,2103,4,2008,2,0,49.8
2,114,2385,4,1990,0,1,44.5
2.3,210,2596,6,2006,0,0,40.6
3.4,305,3115,8,2022,0,1,34.8
3.4,296,3571,8,2023,0,1,30.5
5.2,457,3176,12,2016,0,0,20.7
3,310,3448,8,1981,3,0,23.9
1.3,158,2045,4,2003,2,1,50.5
2.5,188,3090,6,1999,3,1,36.3
1.7,129,2561,4,1984,1,2,43.2
2.3,244,2555,6,1979,1,2,36.1
2.3,183,3109,6,1973,0,0,31.8
3.7,332,3020,10,1996,3,1,24
2.3,219,3021,6,1978,1,2,35.4
1.4,114,2094,4,1999,1,2,51.5
3.5,337,3534,8,1992,0,0,22.5
1.6,190,2952,4,1998,1,2,41.1
4.9,411,3846,12,1982,3,1,11.8
3.3,264,3194,8,2014,3,2,33.6
1.9,133,2836,4,1992,3,2,41.4
1.3,125,2013,3,1998,2,0,50.4
2.8,216,3120,6,1989,0,0,35.1
1.5,196,2812,4,2006,2,1,42.4
1.4,134,2367,4,1977,0,0,42.7
1.5,152,2836,4,2023,0,2,49.6
1.7,121,2471,4,2001,0,1,48.3
2.7,244,3395,6,1998,0,0,32.6
1.6,135,2645,4,2013,0,2,48.7
5.1,414,3564,12,1972,2,0,11.7
4.1,324,3018,10,1993,3,2,25.9
4.5,419,3915,12,2001,0,1,15.5
3.2,303,3357,8,2019,2,2,31.8
4.6,476,3941,12,1989,2,2,11.6
2.1,270,2426,6,1996,3,0,38.3
3.4,266,3210,8,2004,0,2,31.4
3.9,404,3585,10,2005,3,0,21.8
5.1,426,3436,12,2001,3,2,15
1.6,176,2265,4,2004,2,1,46.3
1.5,127,2680,4,1976,2,2,41.8
1.4,131,2396,4,2009,2,1,50.9
1.2,98,2521,3,1978,2,1,46.8
1.9,136,2710,4,1989,1,0,43.1
2.3,232,2872,6,2016,2,2,39.2
1.5,171,2126,4,2015,0,0,51.9
1.6,126,2892,4,1992,0,1,45.5
1.4,185,2487,4,2016,0,0,48.4
5.1,471,3470,12,2000,2,0,15
4.1,355,3751,10,1993,3,0,20.3
1.5,116,2325,4,2004,1,1,51.4
4.4,351,3619,10,2009,0,0,24
2.9,241,3149,6,1988,0,2,31.8
1.7,187,2683,4,2009,1,0,46.1
1.1,81,2813,3,1986,2,0,47
1.5,102,2486,3,1980,0,1,44.7
1.2,120,2263,3,2019,0,2,53.5
2.8,200,3264,6,1978,1,2,33.3
3.8,363,3005,10,2009,2,1,25.3
4.5,430,3255,12,2023,3,1,21.3
3.2,292,3538,8,2015,3,1,29.8
1.6,153,2118,3,2018,1,0,52.5
2.9,339,2521,8,1992,2,2,29.9
3.1,283,3198,8,1983,3,1,27.3
4,356,3168,10,2012,0,1,28.3
2,132,2865,4,2013,3,2,46.4
2.4,222,3092,6,2006,2,1,38.5
3,253,2746,8,2004,3,1,33.7
2.8,230,2777,6,1995,1,1,35.4
2.3,241,2531,6,1991,2,0,38.5
3.1,310,2672,8,2018,1,2,36.8
1.5,107,3007,3,2024,2,2,50.6
1.5,199,2252,4,1995,3,0,44.3
5.1,462,3614,12,2016,0,1,17
4.8,398,3950,12,2005,3,2,15.1
2.4,183,2929,6,2012,0,1,42.3
1.3,168,2562,4,1993,2,2,45.8
3.2,317,3554,8,1973,0,0,21.7
2,169,2868,4,1980,2,2,39.9
2,121,2747,4,1985,2,1,42.7
3.4,289,2809,8,1975,3,1,28
1.5,89,2235,3,1994,1,2,49.4
1.9,196,2743,4,1994,1,2,42
3.8,340,3602,10,2010,0,1,24.3
3.5,328,2971,8,1979,1,2,26.5
3.9,322,2878,10,2017,2,2,30.9
3.5,283,3464,8,2011,1,0,30
1.5,128,2356,4,2016,2,0,51
3.2,282,3398,8,1987,3,0,24.5
3.9,356,3737,10,1993,2,2,21.4
1.4,181,2777,4,2017,0,1,47.6
2,179,2522,4,1996,0,1,45.5
1.8,149,2616,4,1982,2,1,40.1
1.3,93,2126,3,2024,0,1,57.3
1.5,171,2874,4,1994,2,2,42.9
1.3,195,2680,4,2005,3,2,42.8
2.2,209,2567,6,2017,3,0,41.4
4.2,372,3003,10,1976,1,1,20.7
2.1,188,2514,6,1981,2,0,37.6
2.3,234,3216,6,2017,0,0,38.6
4.8,444,4024,12,1992,0,0,11.5
4.7,427,3754,12,2024,1,2,18.3
2.8,264,2717,6,1975,3,2,30.5
4.7,396,3230,12,1974,2,0,14.6
1.2,157,2580,3,2017,3,2,50.8
1,159,2518,3,2003,1,0,46.8
1.6,183,2442,4,1982,3,1,42.8
4.6,458,3706,12,2021,2,0,16.3
1.9,153,3161,4,1982,1,0,38.6
3.1,328,2938,8,2014,0,2,32.6
1.5,153,2279,3,1996,0,2,48.2
1.4,130,2825,3,1977,2,2,43.5
3.2,257,2574,8,2011,1,2,37.7
2.2,251,2562,6,1975,1,2,33.3
2.2,260,3085,6,2003,0,1,35
2.7,227,3400,6,1982,3,0,29.7
1.4,166,2724,4,1982,1,0,41.8
1.9,127,2202,4,1970,3,2,41.2
1.8,174,2409,4,1994,3,0,44
1.5,196,2671,4,2016,0,0,46.1
3.4,306,3505,8,2005,3,2,28
1,160,2821,3,1985,0,0,44.5
1.2,78,2248,3,1992,1,2,52.4
2,172,2412,4,2001,2,2,46.7
3.1,315,2836,8,1986,1,1,30.5
3.1,297,3011,8,1992,0,2,30.4
3.3,265,3144,8,1974,0,2,28.2
1.9,120,2667,4,2006,3,1,48
3.7,252,2968,8,1989,0,2,29.2
1.7,198,2913,4,1988,0,0,38.9
1.9,137,2229,4,2023,0,0,52.4
3.2,336,3020,8,1986,2,2,26.5
2.4,205,3310,6,2017,1,0,39.4
1.7,113,2121,4,1974,3,2,44.2
1.5,181,2203,4,2017,1,2,49.8
2.8,199,2495,6,2006,2,2,41.7
1.7,193,2978,4,2011,0,0,42.3
1.9,119,2632,4,1994,1,2,45.9
1.4,150,2833,4,1984,1,1,41.6
4.8,400,3378,12,2008,0,1,19.7
3.6,325,2758,8,2005,0,0,31
1.4,174,2975,4,1974,0,0,38.6
4,408,3789,10,2021,0,1,21.4
2.6,215,2395,6,1983,0,1,36.8
2.3,245,2346,6,1987,1,2,38.4
3.6,258,3302,8,1992,3,2,29.5
3.8,367,3448,10,2023,3,0,27.2
2.7,180,2554,6,2023,2,0,46
2,180,2799,4,1977,1,1,39.2
2,119,2448,4,2024,2,2,52.1
3.4,256,3109,8,1973,0,2,27.9
3,322,2501,8,2016,2,0,36.5
4,332,3673,10,1987,1,2,20.8
3.1,299,2582,8,2021,3,0,36.6
2.1,167,3171,4,2004,2,1,42.7
3.2,284,2938,8,1979,2,0,27.1
2,142,3174,4,2023,0,1,45.5
4.3,362,2998,10,1990,3,1,23.1
4.1,328,3205,10,1980,3,1,19.6
5.2,425,3615,12,2003,1,0,16.5
1.4,77,2799,3,1987,2,1,45.7
4.5,448,3915,12,1980,1,1,9.7
3,268,2943,8,1995,3,1,30.1
1.7,157,2771,3,1994,0,1,45.5
1.4,114,2022,4,1980,0,1,46.6
1.3,198,2889,4,1972,2,0,35.8
1.3,122,2226,4,1994,3,2,46.6
3.3,317,2795,8,2001,3,1,29.9
3,290,2715,8,1994,1,2,31.5
2.4,247,2514,6,2023,3,1,41.8
1.7,145,3009,4,2023,3,2,48.7
1.5,113,2987,4,1992,1,1,44.1
3.5,328,3360,8,2021,1,0,29.7
1.3,189,2109,4,2005,3,0,46.6
2.2,189,2689,6,1976,3,0,36
4.6,425,3065,12,1984,2,1,16.5
1.7,101,2931,3,2011,0,0,46.9
1.7,141,2954,4,1984,2,0,40
1.8,175,2934,4,2002,2,0,43
1.4,156,2747,3,1975,0,0,40.7
1.8,144,2233,4,1984,3,2,44
2.6,248,3220,6,2015,1,0,36.9
3,256,2700,8,1988,1,2,32.7
1.7,177,2366,4,2016,3,1,46.5
3.2,307,2625,8,1971,0,0,25.7
4.5,345,3211,10,1981,3,2,19.1
2.1,183,2502,6,1996,0,1,43.2
4.3,357,3552,10,2012,1,1,22.7
4.3,353,3438,10,2005,2,2,24.7
2.2,193,2939,6,2005,3,0,38.3
3.2,268,2810,8,1981,3,1,30.3
2.5,207,2491,6,1975,3,1,35.8
1.9,114,2894,4,1993,3,1,41.9
4.3,354,3796,10,1975,2,1,15.2
2.8,210,3008,6,2019,1,1,41.1
4.7,432,3361,12,1974,1,0,11.9
3.9,396,3018,10,1990,1,1,21.4
5.3,450,3494,12,2018,2,2,16.2
2,147,2539,4,1976,2,1,41.9
2.3,183,2620,6,1985,2,1,38.5
4.8,441,4004,12,2012,2,2,15.5
1.6,145,2196,4,1997,0,0,48.9
3,265,2727,8,1971,3,2,30
1.8,147,2848,4,1983,2,1,42.3
4.5,455,3909,12,2009,1,0,16.5
4.4,332,3178,10,1980,0,0,19.6
4.1,330,3196,10,1992,1,2,22.6
3.2,302,3467,8,1974,1,0,24.4
1.4,123,2733,4,1982,0,2,42.6
2.7,222,2978,6,2022,3,0,39.8
1.9,140,2828,4,2019,1,2,47.2
1.7,154,2158,3,1974,3,0,42
2.5,261,3190,6,1982,2,2,30.5
4.6,428,3089,12,1970,3,0,12.5
2.1,186,3066,4,1995,1,2,41.5
2.1,246,3118,6,2019,3,2,39
4.8,414,3696,12,1970,1,1,11.9
1.6,121,2896,4,2019,1,1,50.3
3.5,320,3199,8,2015,3,1,29.2
3.1,291,3521,8,1974,3,1,24.7
3.9,332,2981,10,2014,3,1,28.7
1.3,159,2969,4,1998,2,0,44.2
1.6,190,2422,4,1984,0,0,43.6
1.3,98,2300,3,2016,1,0,52.1
2,167,2705,4,2005,2,0,42.4
3.2,255,2674,8,2019,3,0,35.7
3.5,313,3162,8,1996,1,1,27.4
1.5,125,2830,4,2017,3,0,48.5
2.9,288,2586,8,2018,0,2,37.9
1.7,134,2870,4,2013,3,1,46.2
1.5,156,2237,3,2000,3,2,49.1
3.2,292,3067,8,1974,3,0,25
1.4,92,2622,3,1971,2,0,43.1
4.1,326,3437,10,2007,0,1,27
1.8,130,2182,4,1994,1,0,47
2.7,220,3244,6,2016,3,1,38.6
3.2,262,3351,8,1994,2,0,27
2.1,250,2503,6,2010,0,1,40
1.3,146,2512,4,1981,3,1,42.9
2.3,246,2676,6,2016,0,2,40.5
1.4,143,3002,4,2017,1,1,45.8
3.3,340,3323,8,2011,3,2,30
1.4,158,2346,4,1973,0,1,42.4
4,370,3792,10,1983,2,0,16.7
1.8,127,2197,4,1994,3,0,45.2
3,284,3197,8,1975,3,2,26.3
1.5,140,2751,3,1998,1,1,46.4
4.2,376,3310,10,2000,3,1,21.3
3.1,253,2727,8,2003,1,0,35.4
1.7,157,2503,3,1982,1,2,42.4
3.4,307,2918,8,2016,1,0,34.7
3.4,337,3031,8,1990,0,1,25.5
1.9,186,2484,4,2005,2,0,43.4
3.3,265,2974,8,1990,0,0,31.1
3.4,287,2655,8,2007,2,2,33.1
2.5,190,3123,6,1976,1,0,34.3
3.4,325,3366,8,2015,3,2,30
4,402,3592,10,1987,2,2,17.2
1.3,157,2701,3,1978,1,1,40.8
3.2,292,2720,8,1993,0,2,31.4
2,174,2337,4,2008,3,2,48
1.7,135,2196,4,1984,3,0,43.2
1.5,199,2198,4,2004,2,1,47.9
1.2,150,2065,3,2024,0,1,53.4
3.2,339,2711,8,2000,3,0,29
1,119,1972,3,2016,0,2,57.8
2.5,224,2563,6,2022,0,2,42.9
3.2,268,3145,8,1987,1,1,30
2,190,2619,4,1995,0,1,43.5
1.6,112,2730,4,1977,0,0,43
1.4,143,2650,4,1994,0,2,44
2.4,182,2399,6,2010,0,2,43.4
3.1,325,2677,8,1985,3,0,26.4
2,154,2751,4,2002,0,1,44
2.7,265,2915,6,1991,3,1,34.3
1.4,120,2110,4,1998,3,0,50.3
5.2,419,3257,12,2007,3,0,16.7
3.1,335,3030,8,1997,0,1,30.2
1.7,127,2378,4,2002,0,1,48.3
3.7,286,3008,8,1996,2,0,30.4
1.5,195,2234,4,2001,0,1,47.7
3,302,3103,8,2008,2,0,29.6
2.2,233,2339,6,1974,0,0,34.5
2.5,258,2988,6,1996,3,2,35.9
4.9,413,3717,12,1995,0,0,14.3
3.5,263,3410,8,2002,0,1,31.3
1.9,118,2627,4,2012,2,0,46.3
2.1,259,3118,6,1990,2,1,32.6
2.6,185,2557,6,1990,2,2,38.8
2.6,199,2909,6,1998,0,2,39.4
4.1,381,3679,10,1974,1,1,15.3
2.6,270,2945,6,2015,0,2,38
2,190,2579,4,1994,0,0,42.3
2.5,263,2522,6,1983,3,1,32.5
1.3,138,2764,4,1990,2,1,44.6
4.3,345,3857,10,2005,2,2,20.4
1.5,121,2236,4,2013,2,0,50.3
2,110,3153,4,2005,2,2,45.2
3.2,309,2668,8,2009,2,1,32.4
2,111,2649,4,1979,0,1,43.6
3.7,373,3157,10,2002,2,1,23
5.2,409,3282,12,2018,1,2,21.6
5.1,395,3274,12,2001,2,2,19.4
2.7,256,2996,6,2003,1,1,34.5
4.6,459,3262,12,1984,2,1,14.9
4.2,388,2895,10,1985,0,0,19.6
3.3,329,2600,8,1984,3,1,27.8
4,347,3547,10,1997,1,1,21.9
1.3,123,2986,3,1984,1,0,44.2
3.3,325,3284,8,2005,1,2,29.3
1.4,161,2627,4,1993,3,2,43.1
3.8,409,2961,10,2000,2,0,23.7
1.4,185,2021,4,1975,0,2,43.4
3.4,264,3213,8,1985,3,2,28.3
4.4,340,3104,10,2000,0,1,24.9
2,169,2396,4,2002,1,2,46.6
2.1,125,3105,4,1986,3,0,38.8
3.1,261,2836,8,1978,1,1,29.1
2.7,227,2814,6,2017,0,0,40.9
1.4,129,2779,4,2019,1,1,48.4
3.6,313,3657,8,1993,1,1,24.6
2.7,258,2478,6,1991,2,2,35.4
2.4,220,2978,6,1972,1,0,30.3
5.2,413,3847,12,2013,3,2,16.2
3.7,294,3705,8,2016,0,1,29.7
1.5,162,3042,4,1997,0,2,42.9
3.7,315,3696,8,1985,2,1,22
1.7,177,2419,4,2008,2,0,45.5
2.4,250,3112,6,2019,3,1,40
5,437,3705,12,1981,2,0,9
1.5,148,2855,4,2006,1,0,44.4
1,164,2349,3,2011,0,0,49.3
2.4,244,3054,6,2003,0,2,37.2
1.7,180,2538,4,1989,1,0,43.6
1.7,116,2988,4,1977,3,0,40.9
1.6,194,2644,4,2019,1,0,45.5
2.7,237,2718,6,2005,3,1,36.3
2.5,220,2730,6,1997,3,0,35.8
2.2,183,2548,6,1973,0,2,38.8
3.2,275,2849,8,1989,0,2,31.6
3.9,337,3694,10,1999,2,2,22.5
1.9,195,2505,4,2008,1,1,46.7
2,114,2294,4,1991,0,0,46.3
1.6,160,2321,4,1984,2,2,43.1
1.1,115,2236,3,1973,3,1,46.9
1.7,195,2779,4,2012,2,1,45.7
3.1,274,3122,8,1979,0,2,28.7
2.4,249,3159,6,1979,0,1,33.2
1.3,139,2110,4,1990,0,1,46.6
3.2,278,3198,8,1979,3,2,26.3
1.5,170,2670,4,2014,1,0,47.9
1,77,1905,3,2020,3,0,57.5
1.7,111,2555,4,1979,1,2,45.3
2.8,221,2540,6,1971,2,2,33.5
1.5,122,2818,4,2004,0,1,45.2
5.2,439,3672,12,1998,3,1,14.7
1.6,174,2224,4,2007,0,2,48.3
3.1,257,3233,8,1994,3,2,31.6
2.1,186,3084,4,2013,2,1,43.9
3,314,2931,8,2012,0,2,32.2
3.3,323,2975,8,2008,1,2,33.1
2.2,188,2792,6,1998,0,0,39.4
2.1,116,2636,4,2023,0,2,51.5
1.6,165,2139,4,2009,1,2,50.5
3,314,3084,8,1997,0,1,30.8
2.9,232,2641,6,2022,2,2,40.8
4.9,393,3128,12,2023,1,2,25.3
2.8,226,3418,6,1988,3,2,30.7
1.9,178,3045,4,1996,2,1,40.2
1.8,162,2851,4,1994,0,1,41.4
1.7,145,2269,4,2020,0,0,49.7
2.2,187,2612,6,1974,1,1,35.9
3.9,409,3288,10,1987,0,2,19.6
1.1,163,2073,3,1984,1,0,45.3
1.8,127,2156,4,1996,0,2,47.6
3.7,275,3041,8,1984,2,2,28.8
1.4,131,2268,4,2005,2,2,48
3.7,325,3352,8,2019,1,1,29.6
4.5,332,3771,10,2010,2,1,22
1.5,131,2678,4,1990,1,0,43.9
1.3,78,2427,3,1996,1,1,51.5
2.1,200,2827,6,2007,3,0,39
2.5,197,2541,6,1999,0,2,42.8
4.3,325,3098,10,1994,1,2,24.2
3.6,324,3587,8,1990,3,1,24.6
3,266,2869,8,2004,0,1,34
3.7,335,3541,10,1985,0,2,22.6
2.1,136,2410,4,1985,2,2,42
1.4,156,2810,4,2020,0,0,49.7
1.8,177,2610,4,1970,3,0,37.8
3.1,306,3370,8,2004,1,1,30.3
3.2,310,3131,8,1996,3,1,28.3
1.7,175,2647,4,2009,1,2,46.2
3.9,356,3510,10,1992,2,1,21.8
1.5,150,2412,4,1996,2,1,44.9
2.2,187,2827,6,1976,2,1,35.2
4,410,3192,10,1973,2,1,15.8
2.8,182,2619,6,1999,2,1,41.5
1.6,83,2941,3,2017,1,1,49.6
3.5,295,2967,8,1999,3,1,28.6
3.5,313,3593,8,2001,2,2,26.1
3,278,3209,8,1976,3,2,27
1.3,110,2627,4,1974,3,0,42.4
1.5,168,2343,4,1983,3,2,41.7
4.6,457,3521,12,2008,2,2,16.5
2.1,186,2400,4,1993,2,0,42.9
1.5,127,2917,4,1978,3,0,41.2
2.6,212,3143,6,2013,0,0,40
2.1,240,2953,6,1979,2,0,32
1.3,198,2174,4,2011,2,1,47.7
2.1,240,2373,6,1986,0,0,36.3
4.5,377,3527,10,2014,0,2,23.2
1.5,186,2134,4,1990,3,0,43
1.3,121,2236,4,2016,1,0,52.9
1.6,96,2947,3,1972,1,2,42.1
1.5,134,2976,4,1984,2,2,42.8
2.4,223,2862,6,1977,3,2,33.7
5.2,444,3693,12,1981,0,2,10.6
4.6,463,3070,12,2019,1,2,22.2
2,132,2953,4,1990,1,0,42.3
4.5,362,3771,10,2023,2,1,23
2,110,2328,4,2010,1,2,50.9
2.7,257,2513,6,1973,2,1,32
5.3,391,4030,12,2021,1,0,17.5
2.3,184,3229,6,2022,3,0,39.2
1.4,169,2777,4,1974,2,2,39.9
1.7,162,2401,4,2009,1,2,49
2.3,214,2418,6,1993,3,0,39.1
1.6,124,2942,4,1982,1,2,41.1
3.6,288,2753,8,1992,3,0,28
2.8,253,3208,6,2003,0,0,35.8
1.7,164,2819,4,2010,0,2,45.1
2.4,199,3099,6,1976,3,0,33
2.6,247,3251,6,1997,0,1,33.2
3.6,261,3487,8,1972,1,0,22.3
3,261,3290,8,1987,1,2,27.8
3.3,258,2887,8,2020,1,0,34.8
1.4,158,2522,3,1998,3,1,44.8
2.1,134,2830,4,1980,2,1,40.7
4,369,3051,10,2007,1,2,26
3.7,332,2892,10,2023,0,2,31.3
1.8,175,2536,4,2015,3,2,45.4
3.7,298,3084,8,1983,0,2,27.1
2,152,2283,4,1970,0,2,40.6
3,287,2680,8,2011,2,1,34.7
4,336,2913,10,1977,0,2,21.7
2.9,276,2565,8,1996,3,0,33.1
2,113,3170,4,1998,2,0,41.7
1.5,194,3004,4,2008,3,2,42.3
3.6,320,3356,8,2016,1,2,30.4
1.3,155,2490,4,2011,3,1,49.8
3.7,270,3124,8,1973,2,0,24.2
1.4,160,2494,4,2003,0,1,47.4
4.6,415,3198,12,2024,3,2,23.3
1.4,149,2775,4,2010,0,0,48.1
1.1,99,2688,3,1999,1,2,50.2
3.6,278,2908,8,1987,3,1,30
1.7,148,2950,4,1991,0,2,44.2
1.7,154,2511,4,1984,2,0,40.5
1.4,193,2635,4,1986,0,0,39.8
2.7,269,2497,6,1996,1,0,36.1
3.3,275,3281,8,2008,2,1,32
1.4,111,2557,4,1992,0,0,44.7
2,120,3087,4,1975,1,1,39.1
2,159,2901,4,1983,3,0,37.6
1.1,76,2351,3,1978,2,1,46.2
4.2,357,3339,10,1986,1,1,20.8
2,158,2954,4,1974,0,0,36.1
3.4,270,3525,8,2024,0,1,32
2.4,214,2957,6,1974,0,1,33
1.3,119,2346,4,1997,1,0,49.7
4.2,398,2946,10,1991,2,1,23
2.9,210,2971,6,1988,2,1,33
1.5,116,2102,4,2009,3,0,49.7
2.9,183,3297,6,1985,2,2,31.9
2.8,241,3287,6,2021,2,2,37
1.8,177,3081,4,1989,3,0,36.9
1.7,135,3074,4,1983,1,1,40.8
4.1,360,2839,10,2019,1,0,29.1
1.7,145,2400,4,1986,1,0,44.4
3.1,317,3237,8,2013,0,0,31.2
2.4,246,3318,6,1997,3,0,33.6
1.2,127,2117,3,1992,3,2,50.2
3.6,284,3381,8,1991,1,0,26.6
1.9,167,2873,4,2020,0,2,45.7
2.2,217,2959,6,1975,1,2,33
2.1,161,2952,4,1996,1,1,42.3
2.1,141,2829,4,1976,3,2,37.4
1,125,2393,3,1982,2,0,45.9
3.9,337,3325,10,2007,3,0,23.4
1.5,195,2644,4,1971,3,1,39
2.3,259,3206,6,1971,2,1,28.7
3.2,309,3047,8,2019,0,1,34.8
1.8,139,2755,4,2007,1,0,47.2
1.4,177,2263,4,1990,0,1,43.9
1.6,157,2435,4,2013,1,2,50
1,112,2192,3,1973,0,2,48.6
1.7,196,3096,4,2013,2,2,44.2
1.6,161,2365,4,1972,3,2,41
1.4,130,2797,4,2012,2,2,46.9
2.7,225,2840,6,1997,0,1,35.6
3.4,251,3579,8,1973,3,0,24.6
3,271,2838,8,1999,2,2,34.3
1.4,190,2688,4,1992,0,2,44.9
1.7,199,2871,4,2005,3,0,43.4
4.1,338,3164,10,2013,2,2,27.9
1.8,140,2812,4,2008,0,2,45.9
3.4,262,2953,8,2022,3,0,34.4
2.9,250,3136,6,2022,1,1,37.4
3.3,286,3128,8,1999,1,2,32.3
1.9,111,2352,4,1971,0,2,42.4
2,111,2498,4,2005,0,0,47.4
2.8,244,2729,6,2012,3,1,40.1
3.4,284,2866,8,1997,2,1,29.8
2.2,193,3223,6,1980,0,1,34
1.7,127,2229,4,1978,0,0,45.6
2.9,286,2706,8,1998,1,2,34.5
1.2,132,2719,3,2021,3,0,49.3
2.2,257,2921,6,2017,1,2,41.8
2,120,2634,4,1989,1,2,45.8
5.2,401,3310,12,1977,1,0,11.5
2.3,187,2741,6,1995,0,2,38.7
3.9,330,3678,10,2013,3,2,23.1
2.9,237,3193,6,2004,1,0,36.6
5.2,418,4047,12,1983,0,0,9.7
1.4,135,2683,4,1975,3,1,41
4.9,476,3850,12,2011,1,1,16.1
2.6,239,3245,6,1989,1,0,32.3
1.8,192,3100,4,2007,3,1,40.1
1.5,140,2159,4,2016,3,1,51.2
5,448,3194,12,2003,1,0,18.7
5.1,450,3605,12,2000,2,1,15.5
1.5,146,2508,4,1999,0,1,45.6
2,137,2796,4,1973,1,2,39
4.8,471,3207,12,2015,1,2,18.5
2.4,219,3277,6,1984,2,1,32.1
5.2,430,3800,12,2024,1,1,17.9
3.4,250,3485,8,2019,2,2,35.1
2.7,201,2918,6,1994,1,2,36.3
1.4,140,2427,4,2005,3,1,48.3
1,86,1908,3,1985,1,1,51.4
2,174,2204,4,2002,0,1,46.6
1.8,147,2804,4,1985,3,2,41.4
2.8,249,2932,6,1986,1,1,34.1
1.3,98,2060,3,1982,3,2,46.9
3.3,275,2795,8,1996,2,1,31
2,159,2934,4,1982,3,2,38.5
3.6,273,2690,8,1976,2,1,29.1
2,138,3034,4,2012,2,0,45.4
1.3,115,2626,4,2000,1,1,47.5
3.2,259,3094,8,1974,2,1,25.5
3.3,250,3170,8,2024,3,0,35.8
1.7,131,2270,4,2018,1,2,51.3
1.3,99,2837,3,2015,0,1,49.4
1.5,141,2451,4,2001,1,1,46.4
1.6,142,2360,4,2014,0,2,48.9
3.8,388,3628,10,1997,1,0,19.4
1.4,162,2484,4,1980,3,1,41.8
1.5,141,2720,4,2008,0,0,47.5
2,129,2662,4,2002,1,2,46.9
1.4,167,2058,4,2009,0,2,49.2
1,90,2503,3,1994,0,2,50.4
1.6,179,2748,4,1995,2,0,41.8
1.5,104,2164,3,2004,2,2,50.6
2.1,158,2769,4,1981,1,0,39.1
3.3,329,3555,8,2001,3,1,25
3.4,252,3255,8,1997,0,0,30
1.4,178,2865,4,1975,3,2,39.8
1.3,164,2443,3,2004,2,0,47.4
1.5,140,2922,3,2007,3,2,47.3
4.4,365,3772,10,2008,3,2,22.2
1.9,172,2302,4,2022,3,1,50.3
3.5,295,3578,8,2024,3,0,30.6
1.4,186,2787,4,2002,1,2,42.8
2.7,243,3127,6,2014,1,2,36.6
3,309,3474,8,1980,3,2,24.7
2,192,2492,4,2007,3,2,44.8
4.3,393,3867,10,1979,3,2,14.7
2.1,148,2910,4,1974,0,0,37.6
3,300,2899,8,1996,3,2,32.1
1.8,186,2533,4,1986,2,0,40.4
1.8,186,2745,4,2003,3,0,44
1.7,197,2735,4,1991,0,2,43.2
1.9,195,3079,4,2016,2,2,45.4
4.2,406,3072,10,2013,2,2,25.7
1.3,127,2857,4,2007,0,0,47.5
1.7,197,2996,4,1990,0,2,39.5
4.4,337,3092,10,2015,0,0,27.8
2.5,232,3072,6,1999,1,2,36.1
3.7,297,3079,8,1982,3,2,26.6
3.8,373,3152,10,1971,3,1,18
1.7,146,2437,4,2010,1,1,48.7
1.4,121,2511,4,1981,3,1,43.7
4,407,3179,10,1979,3,2,16.9
4.3,378,3237,10,1984,1,1,21
2.1,128,2611,4,2020,2,0,49.4
2.4,223,3113,6,2017,2,1,40.4
2.3,196,3259,6,2004,0,1,39.7
1.4,166,2922,4,1973,3,1,36.4
1.4,141,2329,4,1998,0,1,49.4
1,84,1923,3,1993,1,1,51.9
2,151,2730,4,2016,3,0,46.9
1,123,2390,3,2021,3,2,52.2
1.5,189,3028,4,2002,1,2,41.6
2.3,236,2519,6,1995,0,1,38.3
2.9,270,2606,8,2004,0,0,34.5
3.5,318,3424,8,2002,0,2,29.6
1.6,145,2885,4,1977,2,1,39.7
1.4,119,2720,3,2005,0,0,49.4
1.7,120,2359,4,1970,1,0,43.4
1,155,2878,3,2016,0,0,49.1
1.7,146,2251,4,1976,1,0,44.6
1.9,112,2923,4,1978,0,1,40.6
1.9,128,2828,4,2003,2,2,44.6
4.8,390,3486,12,1975,3,2,13
1.9,114,2788,4,1997,1,0,46.1
1.6,184,2110,4,2005,3,2,48.8
1.8,171,2484,4,1987,3,0,43.2
1.1,137,2451,3,2020,2,0,51.6
1.9,137,2205,4,2007,0,1,49.8
1.9,177,3095,4,1984,3,2,36.5
2.6,238,3332,6,2022,2,0,39.5
1.4,137,2407,4,1988,3,2,44.6
1.8,189,3070,4,2014,2,0,42
3.5,304,3013,8,1993,1,0,28.4
1.4,123,2538,4,1973,3,0,43.1
1.4,184,2571,4,1977,1,1,41.4
4.2,355,3217,10,2017,1,0,27.9
1.7,140,2875,4,2012,2,2,44.9
1.6,169,2856,4,2021,1,1,46.2
4.5,356,3197,10,1991,3,0,19.7
2,178,2515,4,1971,3,2,39.6
2.6,190,2758,6,1984,1,0,35.7
4.2,352,3397,10,1979,2,1,19
3.6,256,3307,8,1973,0,2,24.6
3.1,284,3036,8,2023,3,1,36.4
3.2,286,3013,8,2003,1,2,33.2
2.3,204,3070,6,1972,3,2,31.7
1.8,143,2653,4,1999,0,1,45.5
1.5,140,2629,4,1999,0,2,45.3
2.6,251,2912,6,2024,1,1,41.2
1.5,195,2421,4,2021,3,2,50
2,130,2831,4,1970,0,1,38.5
4.3,378,3571,10,2013,1,2,21.8
3.4,327,3116,8,1989,2,2,28.1
3.5,326,3473,8,2016,2,0,29.9
2.5,263,2834,6,1989,1,1,34.6
2.7,229,3274,6,2004,1,2,35.3
1.6,142,2960,4,2009,0,1,45.8
1.2,96,2846,3,2003,3,1,49
2.1,196,2805,4,2001,0,1,43
2.6,260,3093,6,1998,3,1,32.6
2.1,188,2492,6,2014,1,2,45.5
1.7,129,2217,4,1990,1,2,48.5
2.5,189,2434,6,1975,3,1,37
1.9,143,2921,4,1974,3,2,37.5
2,116,2451,4,2003,3,0,47.4
1.5,187,2855,4,1979,2,1,38.3
4,330,3295,10,1984,3,0,20.7
1.2,161,2323,3,1977,2,1,42.5
1.5,168,2748,4,2020,1,1,49.5
2.2,232,3108,6,2018,3,0,39.5
1.9,158,3055,4,2011,2,1,43.5
2.6,199,2441,6,1971,3,0,33.7
1.6,139,2154,4,2019,3,1,52.1
1,80,2710,3,1992,1,0,50
1.4,135,2135,3,1998,1,0,49
3.6,324,2765,8,2016,3,0,30.7
1.2,76,2425,3,1997,1,2,50.5
2.7,195,2508,6,2009,3,2,43
1.3,150,2001,4,1971,1,1,43.4
1.4,170,2112,4,1971,3,2,40.7
3.3,269,3311,8,1980,3,1,26.9
1.6,168,2871,4,2004,2,2,44.4
1.5,164,2105,4,1979,3,0,43.8
1.4,159,2941,4,1976,0,2,40
4.3,329,3536,10,1972,2,1,15.8
3.5,303,3149,8,2014,2,0,30.6
1.7,197,2644,4,2007,2,0,43.5
3.5,306,3053,8,2000,1,1,28.4
2.2,229,2465,6,2017,1,0,42.8
2,133,2436,4,2020,1,1,49.9
2.6,269,2980,6,2004,2,1,36.9
1.5,198,2067,4,2022,2,0,49.3
2.8,215,2651,6,1983,0,1,35.9
2.8,257,2448,6,2008,1,1,38.2
2.9,293,2860,8,1978,2,2,26.8
4.2,374,3642,10,1989,3,2,16.5
1.6,134,2345,4,1989,2,0,43.5
4.7,404,3597,12,1970,3,0,9
4.5,390,3943,10,1981,0,1,14.8
2.5,267,2640,6,2016,2,2,40.1
2.1,122,3169,4,1972,1,2,36.6
1,106,2840,3,1975,3,0,42.2
1,91,2167,3,2021,2,0,55.1
1.4,114,2090,4,2018,3,2,52
3.1,311,3489,8,1986,1,1,23.9
3.9,377,2825,10,2007,1,2,27.6
3,314,3229,8,2016,3,2,32.1
1.7,199,2435,4,2001,3,2,44.9
2.8,242,3044,6,2003,1,2,38
3.6,291,2996,8,1975,1,1,25.2
3.4,308,2829,8,1970,0,2,26.5
1.5,126,2927,4,2006,2,1,45.1
1.7,144,2830,4,1985,2,0,41.4
5.1,434,3344,12,1979,1,2,12.6
1.8,178,2192,4,1995,3,1,45.8
1.8,114,2222,4,1993,0,0,46
1.7,193,2398,4,1993,0,1,43.9
3.5,257,3641,8,2005,1,1,30
1.7,164,3076,4,2000,2,1,42.6
2.4,216,2807,6,2020,2,2,41.8
3.5,306,2994,8,1986,2,0,25.6
1.5,139,2601,4,2007,1,2,49.1
2.3,205,2351,6,1980,0,0,37.4
3.8,389,2775,10,1999,0,2,26.5
5.2,437,3933,12,1996,3,2,11.4
1.9,149,2334,4,1982,3,0,42
4.9,414,3342,12,1987,1,2,15.7
3.3,285,3140,8,1993,2,1,29.4
2,177,2281,4,2010,2,1,46.5
2.6,193,3118,6,1993,1,1,36
4.1,390,3487,10,1991,3,2,18.2
1.1,144,2435,3,2004,1,0,48.4
1.4,132,2720,4,2008,3,1,46.5
1.9,114,2597,4,1973,3,0,39.4
4.8,442,3956,12,1993,0,2,11
2,153,2264,4,1979,3,1,41.9
3.1,281,3510,8,1970,2,1,22.8
2.8,265,3039,6,2001,0,0,33.1
4.5,390,2959,10,1974,3,1,18.4
1.5,179,2280,4,1995,3,1,46.5
1.2,101,2111,3,2010,1,1,53.7
1.4,130,2837,4,1978,0,1,41.1
2.8,207,2776,6,1985,0,0,36.4
3,315,2816,8,1978,3,1,26.9
1.6,142,2789,3,2002,2,0,45.3
1.6,169,2560,4,1983,1,1,43.8
3.1,259,2754,8,2011,3,2,37.1
3.5,262,3391,8,2003,3,2,30.9
1.1,99,2477,3,1972,0,1,46.3
4.3,387,3399,10,1996,1,0,21.6
1.7,191,3001,4,2014,3,0,42
1.2,85,2463,3,2008,3,0,51.6
2.5,199,2468,6,2014,0,2,44.3
1.5,197,2136,4,1980,2,1,41.1
3.4,283,2718,8,1990,0,0,31.5
1.3,161,2305,4,2012,1,1,51.3
1.9,152,2895,4,1989,3,0,40.7
4.6,439,3333,12,1996,0,1,17.8
1.9,115,2908,4,1971,0,1,40.9
2,174,2623,4,2010,3,1,44.5
2.1,258,2936,6,1981,3,2,32
2.2,193,2373,6,2004,0,0,42.1
1,117,2667,3,1989,2,1,48.2
1.1,120,2418,3,2003,3,2,50.3
2.1,120,2882,4,1981,0,1,41.8
1.6,163,2118,4,1998,3,0,46.7
3.5,255,3160,8,1980,0,2,29.1
4.8,466,4000,12,1977,2,1,9
2.4,218,3058,6,1970,0,1,32.2
2.5,225,2373,6,1990,0,1,39.5
1.5,137,3028,4,2007,1,1,46.6
5.1,433,4117,12,2002,1,1,11
3.2,260,3454,8,1975,1,0,25.2
2.5,215,2679,6,1989,0,0,38.5
3.5,318,2809,8,2012,3,2,33.4
2.7,231,2752,6,1989,1,2,36
3.5,262,3578,8,2016,0,0,32.5
2.8,266,3342,6,2016,3,2,34.3
1.5,120,2934,4,2014,1,1,49.3
3.2,259,2856,8,2003,0,2,32.9
3.8,372,2787,10,1974,3,0,20.4
1.7,112,2876,4,2008,2,2,45.5
1.2,86,2536,3,2007,2,2,52.8
1.3,137,2722,4,2013,2,1,48.8
3.1,293,3266,8,2007,2,2,30.8
1.4,122,2256,4,1991,0,2,49.6
4.2,356,3749,10,1976,0,0,17.5
3,261,3344,8,1999,1,2,31.5
3.6,272,2824,8,2012,3,0,32.8
3.3,268,3161,8,1982,3,2,28
1,101,2800,3,1986,3,2,46.2
2.9,237,2503,6,2000,2,2,38.2
1.4,192,2418,4,1996,1,2,44.4
2,115,2861,4,1999,0,1,46.3
1.9,178,2969,4,1975,0,2,36.6
1.7,136,2276,4,1980,3,2,42.4
1.4,182,2233,4,2021,1,1,49.9
2.6,202,2826,6,2004,3,2,37.5
4.5,385,3324,10,2015,3,0,23.8
2.1,230,3102,6,2017,1,0,39.5
3.6,271,3584,8,2020,2,0,32.2
2.2,251,2895,6,1989,2,2,34.6
4,398,3346,10,1981,3,0,18.4
2.5,258,2988,6,2024,0,0,41.8
4.5,340,3030,10,2018,1,1,27.9
1.6,154,2816,4,1974,3,0,37.6
3,334,2721,8,1988,2,0,29
4.9,423,3812,12,1972,1,1,10.5
4.7,421,3620,12,1982,2,0,12.8
3,262,2608,8,2009,2,1,34.7
2,189,2815,4,1979,1,1,38.9
4.5,353,3816,10,2010,2,0,20
4,363,3255,10,1990,0,1,21.9
3.6,336,3230,8,2001,1,0,26.9
2.5,251,2510,6,1970,1,1,31.7
5.1,433,3895,12,2022,0,2,17.4
1.9,145,2934,4,2010,2,1,46.7
2.9,309,3156,8,1971,2,0,24.3
4.4,395,3016,10,1997,1,2,24.1
1.7,155,2394,4,1983,2,1,41.7
3.7,290,2727,8,2004,3,1,32.4
2.8,247,2791,6,1981,1,2,34.9
3.7,392,3122,10,1990,1,2,20.8
3.8,402,3154,10,2000,1,0,21.4
3,258,3183,8,1989,1,2,31.2
4.4,404,3615,10,1996,0,2,19
3.7,272,3125,8,1971,2,0,22.6
3.3,332,3423,8,1986,1,1,23.3
1.7,150,2853,4,2002,2,1,45.6
1.5,157,2102,4,1980,0,0,45
3.4,269,3409,8,2004,3,2,29.8
2.5,240,3185,6,2023,1,2,39.7
2.6,202,2705,6,2019,1,0,43.9
2.7,234,3186,6,2005,2,0,37.2
2.7,244,3398,6,2022,3,2,36.5
4.6,421,3689,12,2000,3,1,15.3
4.5,406,3021,10,1983,1,0,17.2
1.8,128,2472,4,1999,0,0,46.6
3.3,340,3156,8,1999,3,1,26.6
1.5,165,2691,4,2020,2,0,47.1
2.7,251,3207,6,1981,2,1,32.1
3.2,308,2748,8,2022,0,0,34.7
1.9,182,2500,4,1972,0,0,39.1
1.9,161,2303,4,1987,3,1,42.4
1.6,178,2464,4,1979,0,0,40
4.4,360,3140,10,1970,2,2,18
2,172,3166,4,1974,2,1,36.7
3.9,403,3121,10,2019,2,1,27.3
1.7,172,3092,4,1995,1,0,41.3
1.5,150,2196,4,1996,3,2,48.1
2.2,233,2749,6,2012,3,1,40.5
3.1,301,3423,8,2000,3,1,29.5
3.3,300,3259,8,2019,3,0,32.8
1.4,179,2435,4,1979,2,2,42.8
3.8,383,3699,10,1978,0,1,16.7
1.7,136,3037,4,1976,3,1,38
4.1,371,3438,10,1987,3,2,17.6
1.3,190,2346,4,1988,3,1,43.5
3.3,280,3366,8,2002,3,2,27.7
1.5,149,2877,4,2022,0,1,48.5
2.3,222,2628,6,1989,1,2,38.6
3.1,292,2765,8,2006,1,0,33.5
1.6,146,2970,4,2015,0,1,46.8
1.8,198,2865,4,2002,3,2,41.5
4.3,399,3189,10,1980,1,0,16.6
1.9,117,2918,4,2002,3,1,43.5
1.9,136,2278,4,1975,1,0,41.8
1.7,109,2980,3,1997,0,2,47.5
1.5,156,2800,4,1979,0,2,42.5
2.1,146,3128,4,2000,0,2,41.3
2,188,3110,4,2007,0,0,41.1
4.5,459,3922,12,1976,1,0,9
4.2,336,2902,10,1986,0,1,23.3
1.7,121,2423,4,1987,2,0,46.3
1.7,169,2903,4,2019,1,0,46.3
5.1,468,3668,12,1970,2,1,9
1.8,187,2766,4,1996,1,0,40.6
1.4,198,2239,4,1987,2,1,43.7
2.4,268,3192,6,2002,2,1,34.7
4.5,466,3938,12,1986,1,1,9.8
2.8,205,2828,6,1987,0,0,37.1
3.6,301,3020,8,2015,0,1,34.6
4.8,452,3599,12,1975,2,1,9.2
3.3,329,3047,8,2007,1,0,30.7
2.5,193,3336,6,2004,1,1,37.3
2.5,197,2745,6,2016,1,0,41.6
1.9,198,2447,4,2002,3,2,43.1
2.8,267,3208,6,1975,2,2,28.9
2.2,269,2622,6,2003,1,2,37.5
2,162,2256,4,1990,3,2,45.2
2.9,299,3351,8,1996,1,2,27.7
1.6,179,2973,4,1976,2,0,37.7
4.2,339,3624,10,1986,2,0,19
3.4,308,2975,8,1999,0,0,29.4
1.9,115,3160,4,2008,3,1,44.8
1.5,138,3026,4,1982,2,2,40.5
1.9,176,2184,4,2007,0,1,49.2
1.9,137,2789,4,1981,1,0,39.1
1.9,138,2744,4,1980,3,0,39.6
4.3,381,3886,10,1975,0,2,16.5
1.4,158,2960,4,1980,3,1,38.4
3,279,2994,8,2002,3,2,32.7
4.1,379,2964,10,1971,3,2,17.5
1.5,156,3040,3,1991,2,0,40.7
1.8,177,2771,4,1998,0,1,42.7
1.3,152,2564,3,1993,1,2,45.3
1.7,129,2457,3,1986,0,2,47.4
3,311,3474,8,2018,3,2,31.2
3.3,259,2977,8,1984,0,1,29
3.2,266,3033,8,2015,3,2,32.9
1.7,159,2316,4,1998,3,2,45.6
1.7,170,2995,4,2007,0,2,43.3
3.9,332,3116,10,1999,0,2,25.1
3.5,289,2930,8,1998,0,0,30.1
4.9,463,3266,12,1978,3,0,9.6
1.7,198,2761,4,1996,2,2,40.5
2.7,262,3290,6,1981,0,1,29
4.6,416,3823,12,2024,1,1,20.4
3.9,355,3418,10,1990,3,0,19.2
2.9,244,3171,6,1985,1,1,31.5
1.5,184,2403,4,2019,2,0,49
1.1,134,2354,3,2023,0,2,55.3
3.2,300,3064,8,2019,2,1,33.4
2.7,206,2988,6,2002,3,1,37
3,337,2616,8,1979,2,2,28.7
2.5,222,2976,6,2022,1,1,40.2
3.7,329,3530,10,1999,2,0,23.5
2.3,209,2418,6,1971,3,1,36.1
2.8,216,3386,6,2020,0,2,37.3
3.5,254,3392,8,1997,2,0,30
1,160,2506,3,1972,3,2,42.3
1.7,146,3073,4,1976,2,1,39.7
1.4,118,2615,4,2010,3,2,49
2,114,2442,4,2020,0,2,51
2.1,133,2417,4,2023,1,1,52.3
1.9,165,2892,4,1990,1,2,43.2
2.1,201,2890,6,1981,2,2,35.8
2.6,206,3005,6,2004,2,2,37.9
4.9,431,3697,12,1983,0,0,11.4
4.2,375,3697,10,2014,1,1,22.2
1.5,119,2285,4,2002,0,1,50.3
3.9,389,3664,10,1991,0,2,20.3
4.7,407,3984,12,1992,0,0,14.6
1.9,177,2798,4,1974,1,1,39.8
1.5,181,2219,4,2002,1,2,48.3
4.9,424,3274,12,2014,0,2,20.1
1.5,160,2534,3,2011,2,2,48.5
1.6,89,2761,3,2015,3,2,51.5
1.8,151,2934,4,1994,1,1,42.6
4.2,331,3564,10,1986,2,1,21.1
4.3,339,3117,10,1980,1,0,21.3
1.4,132,2692,4,2011,3,2,47.2
3.6,284,3135,8,1989,3,0,25.1
4.5,392,3366,10,1970,3,2,14
1.7,142,2246,4,2010,1,1,49.6
3.5,274,3150,8,2011,0,2,32.8
1.4,138,2087,4,1970,2,2,42.9
2.4,260,3078,6,2001,2,1,36.3
1.4,136,2340,3,1984,2,2,44.9
1.6,194,2893,4,1972,2,2,37.5
2,175,2361,4,1972,1,2,38.8
3.6,270,3670,8,1982,2,2,25.2
1.7,126,2905,4,2011,0,0,46.2
2.2,198,2433,6,2022,2,0,46.2
1.9,165,2480,4,1975,0,1,41.9
2.4,217,3293,6,1976,0,2,30.8
2,126,2612,4,1998,3,2,46.7
2.1,140,3202,4,2005,2,1,42.9
3.7,370,3560,10,2006,1,1,22.4
1.4,164,2090,4,2002,1,0,47.2
3.1,335,3471,8,1996,0,2,28.2
2,116,2337,4,1981,0,0,43.2
1.5,181,2743,4,1981,2,2,41.2
4.6,427,3795,12,1992,1,0,12.8
2,119,2782,4,1998,2,0,43.6
3,297,2971,8,2010,3,2,33.9
3.2,305,3334,8,2015,2,1,31.9
1.9,195,2316,4,2017,2,0,48.8
3.7,265,3617,8,2021,2,1,30
3.7,273,3453,8,1990,1,1,27.1
3.4,336,3402,8,2012,2,1,28.3
4.2,388,3204,10,1986,1,0,18.6
5.1,399,3628,12,1987,2,1,13.7
2.3,239,2746,6,1992,3,1,34.7
1.6,140,2336,4,1995,0,2,48.6
4,403,3518,10,1990,2,0,17.8
1.5,110,2816,4,1986,3,2,44.9
2.5,221,3106,6,2015,2,2,38
1.3,195,2255,4,2021,1,1,51.6
4,389,3023,10,1992,3,0,20
2.1,121,2913,4,1972,0,0,37.6
3.4,326,2898,8,1970,0,2,24.5
3.4,260,3609,8,1983,1,2,25.6
2.1,236,3193,6,2003,1,1,35.7
2.6,237,2824,6,2019,1,1,41.4
1.8,118,2949,4,2005,3,0,44.1
2.1,113,2763,4,2019,2,2,50.1
1.8,174,3113,4,2015,1,1,44.6
1.7,115,2368,4,2010,3,2,49.8
2,132,3002,4,1988,3,2,40.4
3,316,3087,8,2007,1,0,31.3
2,170,2567,4,1979,2,1,40.3
1.6,197,2608,4,1992,0,1,41.6
2.9,249,3100,6,2022,3,2,38.7
2.5,195,2881,6,1980,1,1,35.4
1.6,126,2900,4,1970,0,2,40.2
1,138,2544,3,2014,0,1,50.1
2.9,270,3354,8,2008,1,2,32.3
2.4,248,3096,6,1981,0,2,34.5
1.6,115,2897,4,2004,2,2,45.6
1.7,145,2796,4,1981,0,1,43.2
1.9,112,2630,4,1983,0,0,44.6
3.2,311,2856,8,1972,0,2,26.6
1.5,126,2706,4,1983,0,1,42.1
4.7,394,3784,12,2014,2,1,19
1.6,128,2584,4,2014,0,2,50.9
3.4,299,3182,8,1984,0,1,25.8
2.3,227,3216,6,1979,3,1,31.8
2.8,205,2958,6,2018,3,2,39.8
4.5,438,3252,12,2021,3,1,19.5
2,119,2802,4,1987,1,2,44.1
4.2,395,3322,10,1978,1,1,18.3
1.5,105,2874,3,1972,2,0,40.3
1.5,99,2230,3,1979,3,2,45.3
3.6,317,3011,8,1986,0,0,24.9
1.5,193,2110,4,2016,1,2,50.6
2.8,183,3312,6,2008,0,1,36.9
5.1,471,4030,12,1988,0,1,9
1.8,190,2550,4,1989,1,2,41.9
1.2,125,2762,3,1981,0,2,43
3.8,347,3379,10,2013,3,2,27.3
1.8,154,2732,4,2004,2,0,45.4
3.4,329,2750,8,1973,2,1,25.5
2.4,200,3189,6,2021,1,2,42.9
4.6,465,3741,12,1974,0,0,9.4
2.2,227,2526,6,1984,0,2,37.8
2.3,248,3104,6,2018,1,2,39.6
3.3,318,3076,8,1987,2,0,26.1
1.2,150,2328,3,2008,2,2,51.4
3.1,292,3120,8,2010,2,0,33.3
4.9,430,3335,12,2020,2,0,20.9
2.3,250,3232,6,1971,2,2,30.5
5,426,3207,12,1995,1,2,18.1
3,254,3237,8,1973,1,2,26.8
1.7,145,2382,4,1982,1,0,41.6
1,128,2863,3,2017,1,2,51.6
2,185,2656,4,1974,0,2,38.1
2.1,176,2546,4,2005,0,0,46.1
3.4,338,2932,8,1970,3,0,21.6
2.2,264,2973,6,2016,0,1,39.6
3.1,319,3007,8,1978,2,0,27.1
3,330,3234,8,1983,0,0,25
2.8,209,3425,6,2024,0,2,38.5
2.3,250,2338,6,2003,3,0,39.3
3.1,254,3293,8,2006,3,2,32.8
2.2,210,3099,6,1999,2,0,36.7
2.5,201,3014,6,2016,2,0,38.4
1.8,198,3081,4,1976,2,1,34.8
2.4,228,2617,6,1981,2,0,34.3
1.3,86,2944,3,1982,3,0,45.1
2.1,256,2664,6,1979,0,0,34.2
1.3,144,2445,4,2000,2,1,45.8
1.4,179,2543,4,2015,2,1,48.7
2.1,229,2774,6,2011,3,2,41.5
3.5,272,3084,8,2018,0,1,33.1
3.7,321,2915,8,2009,0,0,32.6
1.9,197,2692,4,2018,0,0,45.7
1.6,111,2796,4,1996,3,2,45.3
1.9,111,2176,4,2006,0,1,51.9
1.6,147,2781,4,1979,2,0,41
5,470,4033,12,1990,3,0,9
1.5,151,2456,3,2024,0,1,53.3
1.4,151,2625,3,2024,3,1,51.1
3.5,260,3076,8,2018,1,0,32.8
2.1,132,2861,4,2008,1,1,45.9
1.4,115,3020,3,1991,3,0,44.7
1.9,137,2942,4,1970,2,0,36.2
1.3,116,2444,4,2002,3,0,47.9
4.3,364,3796,10,1997,3,2,19.9
1.4,199,2627,4,1984,3,0,41.2
1.4,147,2532,4,1978,0,1,43.8
1.9,114,2696,4,1991,3,1,45.2
2.1,165,3036,4,1992,1,2,39.2
1.3,82,2949,3,2020,3,1,50.4
4.3,337,3692,10,2017,1,0,25.8
1.8,178,2847,4,1992,2,2,42.9
1.8,176,2343,4,1980,1,0,40.9
1.6,122,2272,4,2000,2,0,49.8
2,170,2992,4,1994,3,0,38.8
4.6,405,3342,12,2021,3,2,21.4
1.1,142,2769,3,2004,3,2,46.8
2.6,189,2899,6,1973,0,0,33.2
2.6,245,2755,6,2019,3,0,40
3,321,2764,8,1982,2,1,29
1.5,149,2894,4,1975,1,1,41.4
1.3,129,2498,3,1989,3,1,46
1.9,198,2280,4,1977,2,0,40.8
4.9,435,3758,12,1978,2,1,11.6
3,289,3346,8,1986,3,2,26.9
4.1,401,3709,10,1995,1,1,19.6
1.2,160,2921,3,1986,3,1,42.5
1.5,185,2990,4,2017,0,2,47.1
3.4,252,2849,8,1991,1,0,32.7
3.6,325,2812,8,1976,1,0,27
3.3,327,3054,8,1986,0,2,27.7
1.4,117,2172,4,2024,1,0,53.7
4.5,322,3697,10,2017,2,2,24.9
4.6,430,3551,12,1973,1,0,9.7
3.2,282,2651,8,1997,3,0,32.5
1.4,145,2134,4,1972,0,1,42.7
5,423,3553,12,1974,1,2,11.5
5.1,431,3819,12,1972,2,0,9
1.6,152,2355,4,1994,2,1,45.6
3.3,315,3187,8,2023,1,0,32.2
1.4,190,2164,4,1992,3,0,42.7
3.4,313,3599,8,1982,3,1,22
1.7,132,2192,4,2016,2,2,51.8
1.8,124,3101,4,1983,3,0,40.2
1.4,145,2854,4,1991,2,2,44.3
2.2,182,2657,6,1984,1,0,39.6
3.6,316,3458,8,1992,3,1,23.1
3.2,282,2573,8,1994,2,2,33
1.4,86,2893,3,1978,2,2,45.1
1.7,112,2631,3,2014,1,2,49.2
3.3,331,2683,8,2022,1,1,34.3
1.8,115,2149,4,2001,0,2,48.8
4.7,404,3257,12,1977,2,2,15
2.6,229,2931,6,1983,3,2,35.1
1.4,167,2185,4,1970,3,2,41.3
1.7,157,2298,4,2005,0,2,47.7
1.6,118,2554,4,2010,2,1,48.9
1.5,142,3031,4,1976,1,0,37.6
1.6,167,2860,4,1983,0,1,40.4
1.9,170,2472,4,1973,2,1,38.5
1.8,155,2174,4,1983,1,1,44.9
2.7,220,2855,6,2002,1,0,37.8
3.7,308,3507,8,1975,2,0,22.4
1.6,178,2341,4,1985,1,0,43.2
3.7,334,2868,10,2013,3,1,30.1
2.2,205,2302,6,2007,2,1,44.6
2.7,182,3386,6,2023,2,2,42.1
1,119,2202,3,1980,0,2,49.6
1.8,167,3096,4,1972,2,0,35.1
2.1,158,2960,4,2003,0,2,42.9
4.5,368,3825,10,2010,3,2,20.4
3.7,339,2861,8,1989,0,2,26.5
4.9,460,3223,12,1986,0,1,12.9
4.1,321,3036,10,1983,1,2,22.9
1.4,119,2632,4,1994,1,2,47.5
2.6,188,3036,6,2013,1,2,42
1.9,152,2197,4,2011,1,0,49.8
2.3,256,2800,6,2004,1,2,39.2
2.2,232,3029,6,2016,3,0,38.9
1.5,137,2786,4,1989,0,2,43.8
2.4,236,3275,6,1975,2,1,31.5
1.7,122,2902,4,1981,1,0,40
2.5,222,2469,6,1986,1,2,37.5
2.2,212,2923,6,1986,2,2,34.7
1.3,110,2695,3,1977,1,0,45.4
2.8,224,3383,6,2010,3,0,36.5
1.3,127,2314,4,1999,1,1,50
2.6,181,2481,6,2023,3,0,45.7
2,187,2868,4,1994,0,2,42.4
4.2,326,3162,10,1998,2,1,24
3.6,327,3203,8,1977,3,2,24.7
3.4,286,3096,8,1985,2,1,28.9
2.8,229,2651,6,1990,0,1,36.7
1.8,173,2954,4,1980,3,2,37.5
1.8,156,2505,4,1988,3,2,42.3
1.4,175,2041,4,1998,3,1,47
2.8,220,3080,6,2012,3,1,38.6
1.7,134,2906,4,1973,0,1,40.5
2.6,224,2444,6,2019,0,0,42.9
2.5,197,2614,6,1998,0,2,41.9
4.7,451,3863,12,1999,0,0,14.9
2.8,254,2696,6,2021,3,0,38.8
1.5,77,2110,3,1981,0,2,50.9
3.7,304,3689,8,1991,0,2,24.6
5,449,3806,12,1997,3,1,12.4
1.6,115,2857,3,2016,1,2,51.2
3.4,264,3143,8,1974,2,1,26.1
4.4,389,3592,10,1980,2,2,17.6
5.2,392,3493,12,1986,0,0,14.6
2.3,217,3148,6,1979,1,0,32.2
2.1,176,2769,4,1997,1,0,42.9
3.6,312,2746,8,1986,0,2,29.8
1.5,198,2959,4,1990,3,2,41.3
1.9,197,2512,4,2012,3,2,44.4
5.2,391,3994,12,2024,1,1,18.5
5,394,3814,12,1983,3,1,12.5
3.6,306,3013,8,1982,2,0,27.3
5.2,419,3925,12,1988,2,2,10.8
1.8,141,2428,4,2002,3,2,47.8
4.2,400,3841,10,2024,1,2,21.8
1.8,182,2267,4,2020,1,0,49.1
3,326,3393,8,2018,3,2,31.3
1.4,155,2523,4,1994,3,1,43.4
1.5,152,2761,4,1984,3,1,41
1.4,151,2040,4,2009,0,0,49.5
1.6,138,3012,4,2012,2,2,45
1.1,77,2581,3,2017,0,0,52.4
2,185,2834,4,1977,2,2,39
1.4,195,2732,4,2000,3,1,44.1
1.4,163,2360,4,1970,0,1,41.9
1.3,152,2608,4,2017,3,0,46.9
1.4,155,2131,4,1988,0,1,47.7
5.2,454,3463,12,2006,0,1,16.7
1.2,126,2132,3,2022,1,0,56.2
3.2,290,2885,8,1994,1,0,30.8
1.4,144,2537,4,1993,3,2,43.9
3.6,331,3597,8,2018,2,1,28.7
1.9,132,3043,4,2012,3,1,44.1
2.8,245,3292,6,2008,3,2,35.2
3,255,3444,8,1979,0,2,26.4
3.5,312,2743,8,1999,2,1,29.9
3.5,305,2904,8,2013,1,2,34.8
2,178,2230,4,1989,2,0,44.5
1.5,132,2578,3,1985,1,0,44.3
4.5,449,3603,12,1976,2,0,9.6
4.1,344,3076,10,1992,3,2,22.4
1.6,172,2097,4,1980,0,1,42.9
3.2,312,3092,8,2003,1,1,30.2
3.5,319,3112,8,2004,3,1,30.3
4.8,460,3255,12,2017,2,2,20.2
1.7,147,2628,4,1981,2,1,42
3.6,287,3048,8,2019,2,0,33.4
1.5,157,2059,4,1991,3,0,44.6
3.1,261,2586,8,2009,3,0,35.2
3.7,356,2986,10,1975,3,1,22.1
2.6,268,2708,6,2002,3,0,36.3
2,157,2877,4,1980,2,1,39.5
4.7,427,3072,12,2002,1,0,17.8
2.4,194,3268,6,2019,0,0,42
1.3,124,2895,3,2006,3,0,46.2
1.2,122,2758,3,1984,1,1,45.6
2.8,204,2957,6,1972,1,1,32.1
1.6,160,2414,4,2016,2,1,48.4
1.2,158,2329,3,2011,3,2,49.6
1.8,193,2621,4,2006,1,2,43.9
1.6,171,2157,4,2021,0,0,50.9
5,401,3316,12,1981,3,1,15
2.6,258,2965,6,1995,2,1,33.8
2,161,2424,4,1990,2,1,44.7
1.6,163,2512,4,2001,1,2,47.8
3.2,317,3063,8,1983,2,0,25.3
1.9,170,2573,4,2008,1,1,47
2,161,2296,4,2018,3,2,50.8
1.9,135,2469,4,2009,3,0,48.4
3.7,349,3377,10,1974,1,0,19.9
1.7,118,2984,4,1989,2,0,41.2
2,114,2514,4,1985,1,0,43.8
1,155,2365,3,1985,1,2,44.8
3.6,317,3024,8,2004,0,1,28.9
1.9,136,3127,4,1977,0,0,39.2
2.4,221,3298,6,2007,3,2,36.1
1.3,199,2020,4,1975,0,1,42.3
1.4,145,2320,3,1996,2,0,46.2
5.1,453,3727,12,2009,3,0,13.3
3.9,357,3621,10,2003,1,1,22.6
3.2,321,2845,8,2023,2,1,35.3
1.6,107,2613,3,1979,2,2,44.8
3.7,331,3666,10,2005,0,1,23.9
4.7,424,3294,12,1993,0,2,17.9
1.3,133,2013,4,2020,1,1,55.7
3.6,262,3135,8,2000,3,2,31.2
4.3,371,3441,10,2020,1,1,26.7
1.8,196,2474,4,1984,0,1,41.2
2,163,2986,4,1996,1,2,42.2
5.1,443,3952,12,2002,3,0,12.1
1,78,2444,3,2003,0,2,53.8
3.7,321,3582,8,1980,1,0,21.6
3,280,3328,8,2012,1,1,31.2
1.9,180,2534,4,1984,3,2,40
1.3,165,2658,4,1972,0,1,40.1
4.8,441,3642,12,1992,3,1,14.3
2,169,3158,4,1983,2,0,35.8
2.9,339,3046,8,2001,2,0,28.1
2.3,253,2682,6,1987,3,0,36.2
5,393,3874,12,2015,0,0,16.6
2.5,260,3042,6,2023,0,0,38.1
3.1,310,2886,8,1990,0,0,29.9
1.4,139,2584,4,1987,3,2,45.5
3.1,294,2980,8,2001,3,1,31.8
3.2,283,2906,8,1987,1,1,29.9
3.9,356,3276,10,1970,0,0,18.5
2.6,241,2654,6,2005,3,1,38.8
3.3,272,3268,8,2001,3,2,30.4
2.6,269,2980,6,2023,1,1,38.1
2,125,2992,4,2014,3,1,44.5
2.4,212,2757,6,2010,2,2,42.2
1.7,172,2385,4,1990,2,2,42.9
2.2,221,2856,6,1995,3,1,38.6
1,122,1901,3,2001,1,0,53
2.1,242,2383,6,1988,0,0,39.5
5.1,450,3136,12,1974,1,2,11.7
1.7,183,2455,4,1989,2,2,41.6
1,165,2689,3,2010,0,1,49.7
1.4,193,2478,4,2008,3,2,45.7
1.6,121,2837,3,1998,1,0,45.1
3.6,330,3180,8,2000,1,1,27
1.6,134,2282,4,1999,0,0,47.7
3,302,3442,8,2003,2,2,30.5
2.5,187,2838,6,1977,1,1,35.9
3,297,2983,8,1972,2,2,26.9
1.3,92,2374,3,1992,1,0,47.4
1.5,194,2467,4,1998,1,2,45.2
3.2,299,3503,8,2021,0,0,33.4
4.7,472,3114,12,2012,0,1,18.8
2.3,269,2312,6,2021,3,2,42.2
1.8,182,3042,4,1996,3,1,41.1
3.4,318,3133,8,2022,3,0,31.8
1.8,126,2431,4,1992,3,1,45.5
2.3,206,2545,6,2008,1,2,43
1.6,142,2410,4,1971,0,1,41.2
4.1,334,2951,10,2016,3,2,28.6
3.2,312,3399,8,1992,2,1,27.5
2.4,212,3014,6,2022,2,2,42.1
1.5,161,3006,4,1985,2,0,40.7
3.1,301,2848,8,1987,0,1,28.1
1.4,123,2303,4,1987,2,0,46.9
1.5,146,2838,3,1974,3,1,38.7
2.3,238,2685,6,2016,3,0,40.9
3.5,331,3489,8,1983,0,2,24.1
2.9,196,3456,6,1975,0,2,29.7
1.5,147,2286,4,1981,1,0,43.1
1.3,171,2017,4,2018,3,1,52.5
1.1,162,2842,3,1996,2,0,43.9
4.8,465,3686,12,2021,3,2,16.7
1.8,145,2486,4,1991,1,1,45.3
1.6,121,2744,3,1978,2,2,41.8
4.9,417,3810,12,1990,2,0,11.4
1.4,98,2746,3,1980,3,2,45.3
1.6,192,2855,4,1987,1,2,40.9
1.8,160,2507,4,1990,1,2,43.5
1.9,113,3005,4,2023,3,2,47
1.1,120,2296,3,1992,0,2,48.1
1.7,124,3064,4,1970,0,0,38.7
1.8,172,2412,4,1985,3,0,40.7
1.9,187,2290,4,1990,1,1,43.4
1.3,136,2280,3,1991,1,0,49
1.5,153,2280,4,2022,2,0,52.2
1.7,113,2132,4,1989,2,0,46.6
3.7,308,3002,8,1988,0,2,28.5
1.8,172,2791,4,1977,3,2,37.1
1.4,183,2876,4,1974,1,2,39.4
4.1,400,3595,10,2000,2,0,18.4
3.1,271,2886,8,2007,3,2,34.7
1.8,151,2605,4,2017,1,2,50
1.4,139,2582,4,2001,1,0,47.8
3.8,368,3139,10,2024,3,0,29
1.7,133,2504,4,1980,1,2,42.7
1.6,106,3038,3,2010,0,1,48.9
2.7,203,2716,6,2011,3,2,39.4
2.2,197,2328,6,2009,1,2,45.5
4,328,3212,10,2023,0,1,28.1
1.5,179,2676,4,1978,3,1,39.9
2.1,266,2543,6,2019,2,1,42.8
1.2,141,2565,3,1989,2,1,44.1
3.6,336,3656,8,2006,2,2,24.9
1.9,187,2221,4,2010,0,0,49.2
1.5,115,2944,3,1980,1,0,42.9
2.8,252,3007,6,2022,2,2,40
2.3,246,2299,6,1978,0,1,37.2
3.4,281,2648,8,1996,0,1,33
3.7,309,2919,8,2000,3,0,27.8
2.9,238,2997,6,1995,1,2,34.2
3.5,282,3063,8,2022,2,0,33.5
3.6,251,3476,8,1997,2,0,29.4
5.1,462,3249,12,1983,3,1,10.4
4.8,399,3179,12,1971,3,1,14.1
2.1,123,2918,4,1982,1,0,39.6
4.4,346,3005,10,1994,0,1,23.2
2.5,210,2819,6,1977,0,1,33.5
1.5,188,2945,4,1975,2,1,36.4
4.3,377,3722,10,1980,2,0,14.8
1.5,128,2868,4,1997,1,1,44
2.7,231,2465,6,2003,1,1,38.2
3.7,296,2973,8,1996,3,0,27.6
2.5,182,3291,6,1978,2,1,31.9
3.1,319,3026,8,1990,0,1,27.8
1.7,198,2944,4,1985,0,0,37.7
1.7,88,2117,3,1972,3,1,46.1
2.5,212,2414,6,1981,1,0,35.7
2.5,228,2949,6,2015,3,2,37.9
3.1,273,3400,8,2007,2,2,31.7
2,162,2985,4,1976,0,1,38.6
2.8,218,2454,6,2016,3,0,42.7
2.5,252,2353,6,2013,3,2,41.6
2.2,203,3202,6,1991,0,1,35.1
3.1,294,3310,8,1988,0,0,27.3
3.5,273,3184,8,1977,0,2,26.7
1,160,2886,3,1970,2,0,39.4
4.7,391,3205,12,2015,1,0,22.8
1.4,144,2963,4,1996,2,1,44.7
2.9,293,3356,8,1978,2,2,26
2.1,130,2327,4,1977,2,0,42.5
1.8,183,2820,4,1976,0,2,37.6
3.8,382,2814,10,1979,1,0,21
3,339,3477,8,1998,0,1,26.8
2.3,268,2424,6,1978,2,1,33.4
3.3,278,3442,8,1990,3,0,26
3.4,265,3568,8,1994,3,2,28.1
1.3,125,2366,3,1994,2,0,47.2
2.7,236,2766,6,2002,1,0,36.2
1.4,124,2168,4,1998,2,1,50.5
1.7,126,3098,3,1991,3,2,43.2
3.5,321,2855,8,1985,3,0,25.5
3.3,290,2843,8,2011,3,0,32.7
1.4,170,2191,4,1982,2,0,44.5
1.8,163,2308,4,1985,3,2,42.5
1.6,178,2776,4,1980,1,2,40.1
1.7,116,2874,4,2007,3,2,47.8
2.4,239,3298,6,2019,3,0,37.5
3.2,333,2764,8,2015,2,0,34.1
4.4,351,3479,10,2010,3,1,22.4
4.3,395,3378,10,2022,0,1,23.9
1.3,145,2913,4,2017,0,2,47.2
1.5,159,2649,3,1978,1,2,41.7
2.1,213,2423,6,1984,2,2,38.6
3.4,281,3410,8,2009,1,2,32.3
1.4,198,2191,4,1987,2,2,44.9
1.2,124,1989,3,2021,1,2,55.5
2.6,191,2560,6,1988,2,1,38.3
1.7,139,2193,4,2008,3,1,50.3
2.1,201,2980,6,1996,3,0,38
1.6,81,2660,3,2003,1,2,49.5
3.1,300,3367,8,2024,2,1,31.6
3,293,2713,8,2009,3,0,33.9
2.6,250,2717,6,1971,2,2,31.8
3.5,301,3626,8,1988,3,0,24.2
3.5,280,3272,8,1984,2,0,27
2.2,214,2462,6,2005,0,0,42.6
2,155,2679,4,1974,2,0,37.6
1.2,100,2666,3,1970,0,1,44.8
1.8,188,2805,4,2003,1,1,44.9
2.4,250,2346,6,1993,0,1,37.5
3.5,313,3171,8,1973,2,1,22.9
5.1,476,4039,12,2006,0,1,12.1
1.4,164,2060,4,1981,1,1,44.7
2.4,195,3278,6,1991,0,2,34.5
4.5,409,3191,12,2008,2,2,20.4
1.2,82,2914,3,1990,0,2,45.9
1.5,159,2310,4,2021,2,0,51.3
3.2,312,3332,8,2014,3,2,29.6
4.4,340,3473,10,2020,2,0,24.7
2,144,2975,4,1986,0,2,40
3.1,276,3109,8,2023,3,0,35.5
4.7,423,3602,12,1996,1,0,15.1
1,153,2212,3,1983,2,1,46.7
2.6,263,3184,6,1991,0,1,32.9
4.9,468,3957,12,2009,2,2,14.6
2,128,2866,4,2010,1,0,46.1
1.9,180,2828,4,1979,0,2,41
1.8,194,2981,4,2003,2,2,41.5
3.4,319,2902,8,1995,1,1,29.5
1.4,113,2660,4,2011,1,2,49.2
2.3,213,3216,6,1973,3,0,30.2
2,180,3155,4,1971,2,1,36.3
4,387,2825,10,1992,0,2,25
1.2,143,2714,3,1995,1,0,45.3
2.1,200,2380,6,2018,2,1,44.4
2,196,2801,4,1978,0,0,36.4
1.9,199,2444,4,2016,3,1,47.5
2.1,133,2363,4,2006,2,0,45.6
1.3,152,2193,4,2022,1,2,54.4
1.5,77,2313,3,1986,3,0,48.3
2.4,251,3251,6,1980,1,0,31.3
1.8,121,2992,4,1986,0,2,41.7
2.2,227,2337,6,2003,1,1,41.6
1.5,130,2846,4,1971,1,0,40.2
2.7,225,2474,6,1989,2,2,35.7
4.1,339,3611,10,2019,3,1,23.7
3,322,3156,8,2023,2,0,31.4
3.4,330,2748,8,2019,0,1,34.9
2.2,220,3051,6,1974,2,1,33
1.8,128,2244,4,1977,0,2,44
2.4,208,2790,6,1988,3,0,34.8
3.2,306,2874,8,1996,3,0,29.2
3.7,315,2711,8,1970,3,1,23.3
1.3,199,2910,4,1985,1,1,41.1
4.5,405,3355,12,1986,2,1,16.5
1.5,194,2546,4,2000,3,0,42.6
1.8,195,2337,4,1974,2,0,38.3
5.3,450,3948,12,2006,1,0,13.6
3,329,3016,8,2010,1,2,31.9
5,452,3480,12,1971,2,2,9
4.2,390,3028,10,1974,1,2,20.2
1.4,173,2143,4,2001,3,2,48.1
3.9,389,2953,10,2024,2,2,28.2
1.4,120,2416,4,1970,2,0,43.8
2.1,235,2938,6,2022,1,2,42.6
4.6,472,3390,12,1975,1,0,12
3.2,287,2865,8,2019,3,1,33.2
3.5,302,3113,8,1999,2,2,29.9
1.8,180,2353,4,1973,1,0,40.4
3.6,268,3142,8,2010,0,0,33.5
1,121,2540,3,1990,1,1,47.8
1.8,137,2903,4,1997,1,2,43.3
2.7,228,2728,6,1995,0,0,36.8
1.6,164,2753,4,1982,3,2,40.6
1.6,157,2207,4,1992,3,1,46
4.3,371,2954,10,2003,2,0,24.5
4.2,339,3790,10,2009,1,1,23.8
2.2,202,2508,6,1974,1,0,35.6
4.4,350,3449,10,1987,0,1,20.2
2.7,224,2911,6,1998,0,0,36.5
3.2,324,3188,8,1985,0,1,26.5
1.6,126,2885,4,2002,2,0,43.7
2.4,223,2808,6,2012,2,2,41.9
3.6,260,3655,8,2019,1,2,30.6
1.4,84,2614,3,1999,3,0,47.9
1.6,184,2239,4,1984,2,0,42
5.2,429,3164,12,2011,0,0,17.9
1.2,98,2420,3,2006,0,1,53
2.7,226,2492,6,2009,2,1,41.6
1.9,142,2673,4,2011,0,0,47.6
3.5,255,2817,8,1979,0,0,29.3
1.7,198,2365,4,2020,3,0,47.3
3.4,258,2981,8,2001,0,2,33.6
3,304,3410,8,1987,1,2,25.5
3.3,265,2972,8,1987,0,0,29
4.3,339,3356,10,1985,0,1,19.2
4.4,334,3888,10,1988,3,1,18.6
3.4,289,2757,8,2003,0,1,31.6
1.7,171,2219,4,1975,0,0,42.3
1.6,114,2163,4,2010,2,1,52.9
1.8,120,3018,4,1988,3,1,41.9
2,171,3148,4,1993,3,2,38.1
1.4,133,2894,4,1981,2,2,43.2
1.5,153,2086,4,1978,3,0,44.8
1.6,133,2696,3,1987,2,0,44.3
2,146,3092,4,1985,1,1,41.4
3.3,332,2621,8,1979,1,0,25.5
4.4,382,3524,10,1985,1,0,17.7
1.3,135,2676,4,1998,2,1,45.1
2.3,223,2968,6,1994,3,1,35.3
1.7,199,2464,4,1995,0,2,44.6
2.9,191,2695,6,2007,2,1,39.9
2,147,2712,4,2009,1,2,46.7
1.1,79,2119,3,1991,3,1,49.1
1.9,176,2824,4,1996,0,0,42.2
3.5,279,3150,8,1974,2,2,24.3
1.3,195,2238,4,2023,3,2,49.9
3.2,328,3300,8,2003,0,0,28.8
4.5,361,3733,10,1982,1,1,18.6
1.5,127,2966,3,2006,3,1,45.5
1.9,136,3160,4,2001,3,2,43.3
2,180,2550,4,1976,3,0,38.5
2.3,256,3114,6,2023,1,1,41.6
2.3,200,2406,6,1979,2,1,36
3.6,333,3021,8,2002,0,1,29
1.6,110,2105,4,2019,3,0,54
1.4,184,2533,4,1997,2,2,45.1
3.2,298,2707,8,1984,1,0,28.9
4,361,3341,10,1990,0,1,23.3
1.7,198,2865,4,2006,2,0,43
1.6,134,2670,4,1973,2,2,41.8
1.9,197,2519,4,1982,2,2,39.3
1,134,2512,3,1981,2,0,46
2.4,236,2718,6,2005,1,0,38.4
2.4,269,3001,6,2006,0,1,35.2
3.1,321,3223,8,1983,1,0,24.4
1.6,125,3018,4,2013,2,1,45.3
1.3,146,2551,4,2014,1,2,49.8
3.5,273,3542,8,1996,1,2,29.6
3.4,325,3194,8,1990,3,2,25
1.2,150,2482,3,1997,2,2,46.6
1.6,158,2514,4,2005,1,2,48.8
1,156,2106,3,2001,3,2,48.8
1.2,111,2945,3,1975,3,1,43.4
3.6,332,3639,8,1988,0,2,22.6
1.4,160,3002,3,2019,0,1,46.9
2.7,228,3365,6,1973,2,1,28.9
1.5,135,2757,4,1987,3,0,43.3
3.2,309,3222,8,1997,1,1,28.2
1.4,195,2485,4,1985,1,0,42.6
3,278,2907,8,2014,1,0,35.5
3.9,330,3706,10,1972,1,0,18.1
3.4,318,2786,8,2015,0,1,34.6
5.3,425,3714,12,1988,3,2,12.1
3.4,304,2645,8,2023,0,0,36.8
4.1,400,3122,10,2013,2,0,24.2
4.8,394,3910,12,1991,0,1,12.7
1.9,182,3149,4,2020,0,1,43.7
2.6,246,3259,6,1975,3,2,30.8
1.4,189,2898,4,1999,3,1,41.7
2.2,243,2852,6,1990,2,0,34.2
1.8,184,2395,4,1977,2,1,42.2
2.8,270,3278,6,1995,2,0,31.8
1.3,162,2308,4,1998,2,0,47.7
1,161,2283,3,2004,1,1,49.1
2,182,2545,4,2024,3,2,49.5
5.1,437,4095,12,1990,2,1,11.6
1.4,183,2649,4,1987,1,1,43.9
1,137,2288,3,1993,2,2,47.7
2.5,209,2993,6,1999,2,1,37.1
4.1,401,3530,10,2000,2,1,20.7
1.4,146,2567,4,1978,1,2,43.9
3.4,275,3436,8,2012,2,1,29.4
2.1,130,2761,4,1998,1,0,45.2
4.3,346,3295,10,1974,0,2,19.7
1.5,140,2905,4,1983,1,0,40.7
2,111,2269,4,2015,1,2,50.4
1.8,111,3014,4,1990,0,1,44.2
4.3,386,3117,10,2017,2,0,23.5
1.1,134,2876,3,2006,0,0,47.5
2.9,267,2943,8,1976,2,2,28.9
3.2,264,2768,8,1977,2,0,28.2
3.9,343,3039,10,2005,3,1,27.4
5.2,425,4130,12,1980,3,1,9.6
1.8,167,2705,4,2018,3,0,46.6
3.3,255,2811,8,1991,1,1,31.9
1.3,199,2381,4,2003,2,2,45
2.3,236,2842,6,1978,1,2,35.3
4.9,428,3250,12,1976,0,2,13.3
4.8,412,3629,12,2002,0,1,17.5
2.3,193,2939,6,2024,1,1,44.8
1.4,111,2808,4,2005,2,1,45.8
2.7,242,2791,6,1985,1,0,32.3
1.6,176,2411,4,2011,1,0,48.4
3.1,257,3323,8,2021,0,0,35.6
4.8,478,3352,12,2001,2,2,15.8
3.5,306,3020,8,1977,1,1,26.2
3.6,301,3596,8,1970,2,0,20.1
3.1,320,3357,8,1978,3,0,21.9
1.7,177,2868,4,2002,1,2,44.8
5.3,468,4061,12,1975,1,2,9
4,335,2871,10,1993,2,2,26.3
2.5,212,2685,6,2021,0,0,42.5
4.8,449,3321,12,2011,1,2,19.4
2.7,255,2417,6,2008,3,1,38.8
1.9,146,2193,4,1988,0,1,46.4
2.5,189,2936,6,2018,0,1,42.1
3.5,313,2898,8,2014,1,2,33
1.8,165,2457,4,1975,2,2,41.8
1.7,170,2665,4,1970,2,2,38.4
3.2,300,3484,8,1973,1,1,23.9
1.7,118,2835,4,1973,0,2,42.5
2.6,259,2799,6,2007,2,1,37.7
2.7,195,3384,6,2018,1,1,38.8
2.5,260,3018,6,1986,2,2,32.8
1.6,181,2090,4,1990,3,0,43.2
1.7,140,2227,4,1994,0,0,47.6
2.8,200,3191,6,2021,3,1,40.5
1.4,134,2464,3,2020,2,0,50.6
1.4,102,2964,3,2007,0,0,47.8
3.9,350,3211,10,2018,1,1,28.4
1.6,193,2297,4,2005,1,0,44.7
2.7,253,2587,6,2011,2,2,41.1
2.4,180,2512,6,2019,0,2,47
1.9,161,3083,4,1999,0,1,42.6
4.3,383,3017,10,1984,3,2,21.5
1.4,155,2675,4,1976,2,0,41.9
3.6,288,3165,8,2004,3,0,29.4
2.1,187,2235,6,2000,1,1,44.8
1.3,139,2239,4,1980,3,1,45.5
1.4,121,2087,4,2007,1,0,52
2,142,2646,4,1974,2,2,39.1
3.1,269,3196,8,2003,1,0,32.8
2.8,258,3018,6,1991,0,1,34
1.9,153,2818,4,1994,3,0,41.9
1,93,2198,3,1979,3,2,49.4
3.2,299,2956,8,2007,1,1,33.4
1.7,198,2555,4,1985,2,1,42
2,184,2933,4,2012,1,1,43.2
1.6,178,2362,4,2000,1,1,45.5
1.5,167,2248,4,1979,1,2,43.8
2.5,206,2990,6,1972,2,1,31
1.6,149,2220,4,2022,1,1,53.6
5,442,3304,12,2020,0,1,20.6
1.7,125,2489,3,1994,3,1,45.9
1.3,85,2350,3,2004,0,2,51
1.4,127,2457,4,1972,0,1,43.9
2.9,217,3183,6,1994,0,2,36.5
1.8,197,3052,4,2021,0,0,46.3
2.1,255,2681,6,2024,3,0,43.3
3.1,252,3023,8,1987,1,2,29.8
1.3,155,2813,4,1989,3,0,40.7
3.3,276,3477,8,1977,3,0,23
1.8,141,2251,4,1998,1,0,46.7
1.3,168,2264,4,1998,0,1,47.1
3.9,360,3119,10,2017,2,1,26.3
1.5,179,2879,4,1991,0,0,41.2
1.5,169,2840,4,2022,3,2,48.4
4.6,430,3187,12,1980,3,1,12.8
1.9,129,2346,4,2008,3,0,46.6
2.4,186,3027,6,1996,1,1,39.3
3.1,301,3443,8,2003,2,2,29.5
2.5,247,2763,6,2003,3,0,36.8
2,149,2939,4,2002,1,1,42.4
4.6,475,3310,12,1981,0,0,12.9
4.8,407,3730,12,1970,2,2,12
4.6,445,3609,12,1975,0,0,9.5
2.9,280,3417,8,1987,2,1,26.6
1.2,157,2276,3,1980,2,1,43.6
2.2,254,2838,6,1995,0,0,36.6
2,167,2248,4,1978,2,0,40.4
1.5,145,2177,4,1998,3,1,45.8
3.2,319,3386,8,2003,0,2,28.7
3,303,2561,8,2003,3,2,34
3.3,276,3558,8,2006,3,1,29.4
2.5,187,2922,6,1970,3,1,32.8
1.5,181,3025,4,2006,3,1,41.1
3.6,259,2851,8,1996,0,2,33.9
1.7,192,2659,4,1987,3,2,40.8
1.6,171,2386,4,2001,2,1,47
2,157,2957,4,1975,0,0,37.1
1.8,111,3014,4,2003,1,2,46.9
3.5,291,3165,8,2012,2,2,32
1.6,163,2647,4,1994,0,2,45.9
2.7,199,2549,6,2020,2,1,44.3
2.7,220,2613,6,1999,3,0,37.9
3.4,271,3165,8,1980,2,0,25.4
3.1,272,3514,8,1971,0,1,25.9
2,124,2600,4,2018,3,0,49.3
2.8,207,2764,6,2001,0,0,37.5
1.4,161,2511,4,1977,0,1,41.7
3.8,346,3323,10,1983,2,2,21.2
3.5,305,3546,8,2010,1,2,30.6
3.5,281,2765,8,2000,3,1,32.2
1.6,174,2636,4,1970,2,1,39.1
2.7,189,3306,6,2009,0,1,39
2.8,258,2938,6,1975,2,1,29.5
4.6,467,3732,12,1987,3,1,9
1.6,130,2880,4,2011,3,1,47.3
1.2,101,2828,3,2000,2,1,48.4
3,286,3216,8,1985,2,1,28.8
1.7,113,2889,4,1988,1,0,42.3
1.7,178,2312,4,1989,1,2,45.9
1.4,191,2236,4,2009,2,2,48.3
1.3,138,2474,4,1972,2,0,40.5
2.5,246,3024,6,2019,3,2,37.5
4.1,353,2858,10,1981,3,1,22.7
2.1,265,2695,6,2017,1,0,42.2
2.7,242,2606,6,1985,0,2,37.6
4.6,398,3338,12,1989,3,2,17.1
2,173,2941,4,2021,2,1,45.5
1.6,143,2211,4,1976,1,2,42.9
2.7,217,3363,6,1987,0,0,33.2
2.1,192,3129,4,1997,2,1,39.5
1.9,158,2320,4,1998,2,1,46.5
2,122,2525,4,1976,1,2,41.1
4.3,372,3801,10,1974,1,0,15.7
1.7,140,2194,4,1972,3,2,43.8
3.4,297,2830,8,1988,1,1,27.9
1.6,190,2600,4,1970,2,2,39.5
1.3,191,2466,4,1977,2,0,40.6
2.3,217,2897,6,2021,3,0,40.4
2.9,263,2796,6,2016,1,0,39.8
4.5,408,3617,12,1995,0,2,16.7
2.8,211,2552,6,2018,0,0,42
2.1,180,3192,4,2018,1,0,44.7
1.9,136,2398,4,2017,0,2,49.5
2.6,192,2868,6,2022,1,1,44.6
4.8,433,3960,12,1985,2,1,11.5
3.3,267,2872,8,2019,0,1,36.6
2.8,192,2966,6,2003,0,2,38.7
2,189,2539,4,2005,1,2,46.3
2.2,258,3162,6,1996,3,0,31.9
1.6,161,2212,4,2019,1,1,51.3
1.9,136,2791,4,2000,1,1,44.1
2.5,247,2940,6,1995,0,1,34.5
4.5,357,3844,10,1970,3,2,14.2
1.6,113,2451,4,1971,2,0,43.6
3.9,370,3592,10,2014,3,2,25.5
1.7,155,2990,4,1999,2,0,44
3.6,298,3169,8,1991,0,1,28.6
1.8,137,2213,4,1991,0,2,46.8
2.8,216,2647,6,2015,0,0,40.8
3,302,3322,8,2014,3,0,29.5
2.7,235,2436,6,2004,3,2,39.1
1,158,2282,3,1986,0,2,47.3
2.1,136,3096,4,2017,1,0,44.7
2,154,2971,4,1991,0,2,41.2
1.3,128,2712,4,2007,1,2,49.3
3.5,312,2855,8,2013,0,2,34.5
1.7,194,2231,4,2011,0,0,48.7
3.2,299,3391,8,1982,3,2,23.8
2.8,184,3056,6,2022,1,2,42.2
1.4,165,2020,4,1976,1,2,43.6
4.9,420,3821,12,2001,2,2,14.8
2,132,2296,4,2011,0,2,50.2
1.9,123,2628,4,2016,2,2,50.7
2.6,217,2409,6,1997,1,2,41.3
3.5,283,2802,8,1991,3,1,30.2
1.3,125,2493,4,1984,2,2,44.2
1.7,163,2473,4,1980,1,1,40.8
4.8,475,3908,12,1977,1,1,9
1.4,183,2973,4,1975,3,0,38.3
3.6,331,3417,8,1981,3,0,23.6
1.7,170,3047,4,1978,1,0,37.6
4.4,344,3426,10,1983,3,0,20
1.5,143,2842,4,1998,3,0,44.8
2.3,220,2749,6,1994,1,2,37
4,361,3187,10,2013,0,1,26.3
4.2,380,3305,10,1996,1,0,19.8
5.1,408,3200,12,2017,1,1,20.6
3.6,282,3425,8,2005,2,1,29.3
4.7,436,3587,12,1974,2,1,10.3
1.5,163,2092,4,2024,3,2,51.6
1.3,118,2615,3,1975,3,1,42.2
4.6,457,3151,12,1983,3,0,14.1
2,118,2476,4,2021,0,1,52.9
2,116,2512,4,1978,1,0,42.5
2.4,246,2943,6,2018,2,1,38.5
2.5,198,2856,6,2001,3,0,37.6
1.7,116,2286,4,2020,2,2,52.4
1.5,166,2993,4,2011,0,0,46
2,163,2874,4,2000,3,0,43.5
1.4,153,2742,4,1986,1,0,42
3.5,271,3242,8,1980,2,0,24.7
2,120,2793,4,1992,0,1,42.8
4.1,347,3452,10,2014,1,1,26.7
1.1,135,2109,3,1973,2,1,46.4
2,131,2817,4,2005,0,2,46.5
1.5,150,2846,4,2016,3,0,46.5
4.9,480,3617,12,1973,3,1,9.4
2.4,183,2872,6,2000,0,0,38.3
1.6,164,2282,3,1976,3,0,42.9
2.1,208,2327,6,1979,1,2,36.9
3.9,359,2999,10,1988,3,2,21.4
4.4,338,2982,10,1971,1,0,21.2
2.5,191,2355,6,2001,0,0,41.9
3.6,309,3043,8,2021,2,0,32.3
1.7,130,2158,4,2000,2,2,47.5
3.6,310,3229,8,1983,1,0,25.3
2.7,246,2935,6,2009,1,0,38
3.6,313,2862,8,1978,3,1,24.9
2.4,215,2693,6,1972,1,2,35.8
5,445,3173,12,1983,1,0,13.2
2.3,180,2428,6,1972,0,1,36.7
2,123,2955,4,1970,0,2,39.9
1.6,83,2947,3,1981,0,1,44.3
2.6,227,2761,6,1990,3,2,37.5
1.5,186,2797,4,1974,1,1,39.2
3.3,265,2898,8,2020,0,0,35.3
4.4,388,3074,10,1986,2,1,21.5
4.4,409,3493,10,2022,0,2,22.6
3.1,304,3278,8,2007,0,1,31.7
1.4,197,2216,4,1974,2,0,42.5
1.4,185,2557,4,2009,1,0,47.7
2.9,216,2833,6,2024,0,2,44
4.1,383,3296,10,2002,2,0,21.8
2.6,218,2515,6,2004,1,0,41
1.8,120,2304,4,2021,2,0,50.3
2.8,265,2627,6,1995,3,1,36.4
1.1,130,2798,3,1987,0,1,46.3
1,101,2394,3,1997,3,2,51.2
2,162,2861,4,1995,2,0,41.9
1.5,135,2798,3,1970,0,0,40.7
4,406,3502,10,1998,1,2,21.1
1.4,119,2624,4,1995,3,2,44.3
2.3,216,2504,6,2022,3,0,44.6
4.8,475,3704,12,2010,3,0,12.8
1.4,158,2022,3,1986,0,0,47.7
1.7,127,3095,4,1972,0,2,39.2
1.6,114,2489,3,2000,3,0,48.3
1.7,135,2185,4,2007,0,2,51.4
1.6,191,2796,4,2005,3,2,43.5
2,199,2377,4,2013,0,0,48.1
1.5,136,2350,4,1980,2,0,43.9
2.1,169,3195,4,2001,1,0,39.1
2.2,224,3055,6,2015,3,1,39.1
2.9,227,3212,6,1998,0,1,35
1.7,149,2396,4,1983,1,1,43.1
1.8,120,3023,4,1988,1,1,40.8
4.6,429,3688,12,2001,3,1,13.8
1.5,143,2441,4,2002,0,0,47.4
1.4,152,3004,3,1990,3,2,41.5
2.1,199,2394,4,2006,0,2,47.1
2.7,233,3188,6,1993,0,2,32.8
3.1,271,2974,8,1976,1,2,29.7
1.4,124,2889,4,2023,0,2,49.9
1.4,160,2610,3,2002,1,1,48.2
2.1,250,2406,6,2024,0,1,43.4
1.4,121,2484,4,1977,1,0,44.7
1.8,173,3131,4,1983,3,2,38.3
3.2,276,2947,8,1985,2,0,29.8
2.8,193,3208,6,1974,0,2,32
3.1,331,3380,8,1989,0,0,26.1
3.6,316,3558,8,2023,1,0,29.6
1.5,175,2059,4,1972,0,0,41.3
2.4,247,3013,6,1988,0,2,34
5.1,402,3821,12,1970,3,2,10.7
4.3,343,3042,10,2005,1,1,27
5.2,403,3826,12,1978,0,0,11.3
2.6,188,2389,6,1996,2,1,39.3
3.4,285,2924,8,2002,0,2,33.4
3.1,289,2587,8,2014,1,2,35.2
1.3,127,2069,3,2001,2,1,50.6
2.8,257,3011,6,2003,2,1,35
2,182,2270,4,2012,2,0,47.5
1.4,151,2590,4,1999,2,0,46.3
2,176,2817,4,1986,0,0,41.6
2.5,244,2841,6,1980,3,2,33.5
2.3,205,3179,6,2015,3,1,40.1
2.3,243,3066,6,2014,1,0,37.2
3.7,308,3539,8,2018,3,2,29.9
1.9,114,2452,4,1993,1,1,45.1
1.8,131,2535,4,1978,2,1,43
2.5,265,3218,6,1984,2,1,32
1.7,116,2934,3,1994,1,1,43.7
5.2,434,3512,12,1987,3,2,12.9
3.2,266,2884,8,2015,2,0,35.7
1.3,112,2809,4,1978,2,0,42.4
2.7,193,3279,6,2023,2,1,38.8
1.7,90,2232,3,2017,0,1,55
1.8,159,2520,4,1978,2,0,41
2.5,263,2551,6,2020,3,1,40.2
2,114,2315,4,1990,2,1,45.3
1.6,89,2838,3,1978,3,1,43.7
3.2,258,2919,8,1992,2,2,31
1.5,125,2894,3,2000,0,2,45.6
1.5,135,2431,3,1990,1,1,47.6
1.9,166,2813,4,1982,3,1,39.4
2.3,191,2730,6,1973,2,2,34
2.3,233,2740,6,1971,2,0,33.9
4.8,465,3452,12,2017,3,2,16.4
2.1,230,3219,6,2008,2,0,37.5
4.2,385,3021,10,2016,3,1,27.2
3.3,289,2892,8,1999,2,1,30.8
1.4,172,2797,4,1970,1,1,37.4
4.3,327,3829,10,1991,1,0,19.5
1.7,135,2311,4,2001,2,1,48.8
3.8,352,3226,10,1975,3,0,18.5
3.9,377,3764,10,1985,3,1,16.4
2.7,257,2606,6,2017,0,1,41.4
2.7,191,3300,6,2020,0,2,41.9
1.3,184,2189,4,1992,0,1,45.4
4.7,464,3315,12,1993,0,2,15
1,90,2517,3,1983,1,0,46.7
3.4,262,2881,8,1997,1,0,33.3
5.1,465,3596,12,1992,3,0,10.6
2.7,235,2506,6,2009,3,2,40.6
1.7,141,2521,3,1981,1,0,41.9
3.7,376,3564,10,2008,2,0,23.5
1.8,200,2984,4,1983,0,0,36.9
3.6,270,3203,8,1994,2,1,27.9
4.3,403,3864,10,1996,1,1,19
2.9,270,3361,8,1972,3,0,26
4.5,322,3530,10,1987,1,1,20.4
3.9,337,3078,10,1997,2,0,23.6
3.3,257,2922,8,1995,2,2,31.6
1.5,149,2410,4,2015,2,0,49
5.2,433,4157,12,1988,0,2,11.1
1.4,147,2930,4,1995,2,2,44.5
4.8,454,3496,12,1979,0,2,11.5
1.4,123,2801,3,1984,0,1,45.6
5,424,3804,12,1979,3,1,9.3
1.9,171,2414,4,1990,2,2,44.4
4,323,2996,10,2013,1,0,28.8
2.2,227,2538,6,1978,1,0,36.8
4.6,464,3218,12,1985,3,0,12.6
2.2,195,2268,6,1975,3,2,37.3
4.7,394,3068,12,2003,3,0,18.2
1.9,161,2434,4,1981,0,1,40.9
2.4,262,2898,6,2010,3,2,35.9
1.3,104,2636,3,2007,3,0,50.2
4.3,364,3486,10,2011,2,1,23.5
1.5,171,2491,4,1986,1,2,44.8
1.4,120,2450,4,1974,3,0,41.5
2.4,198,2767,6,2020,0,0,44.9
3.7,296,2926,8,1982,1,2,28
1.8,137,2180,4,2020,0,0,53.5
2.8,249,2748,6,1984,0,1,34.4
1.6,145,2207,4,2006,1,0,47.9
2.4,241,2411,6,2015,3,1,40.8
1.4,134,2020,3,1970,1,0,46.1
1.6,152,2856,4,2022,3,1,46.4
1.7,150,2545,3,1997,3,1,45.6
1.9,111,2405,4,2003,2,1,47.5
1.4,158,2497,4,1998,2,2,45
1.8,161,2956,4,2017,0,2,46.2
3.3,276,3129,8,1978,2,2,25.4
1.4,130,2159,4,2004,2,0,51.1
1.5,163,2491,4,2001,2,0,44.2
4.8,420,4003,12,2024,3,2,17.1
1.7,126,2802,4,2024,2,2,50.5
3.4,311,3332,8,1972,1,1,22.6
3.2,317,2834,8,1993,0,1,29.4
4.8,420,3859,12,1985,1,2,11.7
2.1,152,2935,4,2022,2,0,45.9
2.9,268,3445,6,1978,2,0,26.8
2.5,241,2779,6,2003,2,1,36.2
3.3,265,3332,8,1987,0,0,29.4
1.5,157,2205,4,1977,3,2,43.1
2.1,175,2364,4,1978,1,2,41.2
5.3,429,3973,12,2010,1,2,15.6
1.9,145,2405,4,1983,1,0,42.5
3,277,2760,8,2004,0,1,36.1
2,187,3043,4,1981,3,1,37.2
2.9,182,3286,6,2006,1,1,38.5
1.6,115,2524,4,1982,1,0,44
3.6,266,3608,8,1978,3,2,23.6
4.7,464,3167,12,1976,1,0,11
4.2,338,3398,10,2003,2,2,22.7
2.4,263,3249,6,2017,1,1,37.3
5.2,442,3756,12,2017,3,2,16.5
1.8,200,2781,4,2018,1,1,45.8
3,302,2513,8,1972,0,1,28.1
4.9,405,3229,12,2006,2,1,20.5
3.5,300,3504,8,2020,3,1,30.7
2.8,262,2595,6,1985,0,0,33.2
1.8,151,2785,4,1993,1,2,42.9
1.9,197,3024,4,2004,0,0,41.6
1.3,176,2887,4,1975,3,0,37.4
1.5,124,2408,4,1990,1,2,47.7
5,462,3342,12,1984,0,2,11.3
5,473,3510,12,2024,3,1,17.3
1,104,2488,3,2020,1,0,52.1
2.3,265,2458,6,2000,2,1,37.2
1.4,164,2784,4,2019,1,0,47.9
5.2,436,3780,12,2010,3,0,14.7
2.7,198,2885,6,1998,3,1,35.9
2,128,2794,4,2004,0,2,46.5
2.5,181,3270,6,1998,0,1,36
1.9,165,2635,4,1982,2,0,41.7
3.2,263,3493,8,1994,0,0,29.1
3.2,278,2894,8,2001,1,2,33.9
1.5,167,2837,4,2021,2,0,46.4
3.2,255,2963,8,2015,3,0,33
2.6,184,2813,6,1976,3,1,34.9
2.9,296,3091,8,1973,1,1,27.2
1.9,127,3014,4,1994,2,0,43.6
1.9,176,2297,4,1976,0,0,41.1
4,385,3559,10,2001,0,1,22.4
3.8,345,2808,10,1987,3,2,23.9
4.8,462,3340,12,1998,3,1,13.6
2.9,197,2729,6,1981,2,2,36.5
3.3,305,2924,8,2009,1,1,32.9
5.3,399,3443,12,1983,0,0,12.4
4.4,377,3816,10,1980,3,0,15.2
3.5,282,2962,8,1973,1,2,26.6
2,117,3098,4,1979,2,1,38.7
3,302,2519,8,2014,2,2,37.5
5.1,431,3293,12,1971,2,1,10.9
1.5,197,2210,4,2008,0,1,46.5
3,290,3287,8,2014,2,2,33.8
4.7,417,3361,12,2009,2,0,20.3
1.5,156,2300,4,2015,2,1,48.8
2.3,201,2367,6,1975,3,0,36.1
3,290,3451,8,1984,3,0,24.2
2.1,179,2629,4,2013,2,1,45.3
4.5,395,3296,10,2013,3,2,23.2
3.2,335,3118,8,2002,0,1,28.4
2.1,134,2959,4,1984,3,2,40.2
2,194,2961,4,1973,2,2,35.6
3,339,2960,8,2020,3,2,33.5
2.6,223,2380,6,1973,0,0,33.6
2.4,203,2765,6,1978,0,2,35.3
2,160,2740,4,1988,2,0,40.4
3.5,255,3374,8,2006,2,0,31.2
2.4,251,3257,6,1975,2,0,29.9
2.1,181,2722,6,1988,2,0,36.5
1.4,85,2218,3,1990,2,0,50.4
1,124,2099,3,2003,3,1,50.4
1.6,126,2784,4,2017,3,1,46.7
2.7,212,2558,6,1995,2,2,40.3
2,133,2939,4,1979,3,2,40.8
2.2,240,2604,6,1973,1,1,33.6
2.6,229,3320,6,1993,1,2,35.7
1.3,163,2822,4,2016,3,2,47.9
1.5,135,2264,4,1996,0,1,49.6
2.7,206,3193,6,2018,2,2,39.7
3,274,2812,8,1973,2,2,28.4
2.9,205,2794,6,2005,2,0,39.8
2,175,2457,4,1971,3,1,37
3.1,324,2735,8,1982,2,2,27.2
1.4,134,2214,4,2018,2,0,52.8
2.3,185,2589,6,1988,2,0,39.8
2.1,189,2515,6,1984,3,2,40.1
2.4,262,2540,6,2010,2,1,41.1
2.8,219,2808,6,1999,1,1,36.7
1.8,125,2964,4,2019,0,2,46.9
2.2,258,3051,6,1998,0,2,36.7
2,156,2480,4,1974,2,1,41.3
1.6,148,2203,4,1972,0,0,42
2,158,2563,4,2020,0,0,47
1.8,144,2341,4,1970,0,0,43.2
3.4,310,3406,8,1997,1,2,27.9
3.4,328,3472,8,1974,3,0,21.6
1.5,125,2282,4,2007,3,0,49.1
2.3,198,3116,6,2020,1,0,41.6
1.6,197,2192,4,2016,1,1,50.5
1.7,181,2775,4,1998,0,0,42.5
1,147,2699,3,1985,3,2,43.4
1.4,174,2645,4,1996,2,0,42.5
1.9,148,2780,4,2018,3,0,47.2
3.3,330,2875,8,1976,3,0,25.9
4.1,376,3434,10,2010,2,0,23.3
2.4,220,3089,6,2008,0,1,38.2
4,379,3392,10,1999,3,1,22.3
1.4,129,2749,4,1978,1,1,41.5
1.7,168,2547,4,2003,0,2,48
2,171,2216,4,2008,0,2,46.9
2.5,212,2457,6,2006,0,1,41.1
1.5,191,2552,4,2021,2,2,49.4
1.5,121,2066,3,1975,0,1,46.8
3.4,283,3519,8,1972,0,1,23.9
2.8,261,3211,6,2005,2,2,35.5
1.6,195,2212,4,2016,3,0,48.5
3.9,332,3756,10,1970,1,1,15.2
3,328,2796,8,2012,3,0,32.2
1.8,156,2423,4,2013,1,2,47.7
3.3,301,2631,8,1997,3,2,30.8
2.6,219,2872,6,1973,2,2,32
2,182,2703,4,1972,0,1,38.5
2.2,250,2774,6,1987,2,2,34.8
1.7,120,2162,3,2009,2,1,49.9
3.6,306,3656,8,2020,0,1,29.4
2,113,2945,4,1986,3,0,39.6
2.8,217,2796,6,2002,1,2,37.8
1.6,81,2380,3,2010,2,0,51.6
1.3,108,2417,3,2001,2,0,50
4.8,415,3319,12,2004,3,0,18.4
3,323,2582,8,1975,0,1,29.4
1.6,196,2970,4,2009,3,2,44.8
5.1,473,3252,12,1974,0,2,12
1.3,168,2132,4,1992,3,1,47.2
1.2,116,2243,3,2009,2,1,51.6
1.6,145,2631,4,2011,0,0,48.5
3.2,308,3326,8,1986,2,1,24.6
2.7,204,2960,6,2003,1,1,37.6
2.1,141,2875,4,1982,3,1,39.2
3.1,259,3060,8,2017,0,0,36.8
1.4,113,2029,4,2024,1,2,55.9
1.6,139,2574,4,2014,1,0,50.3
4.3,334,3853,10,1995,2,2,20
1.6,146,2542,4,1993,3,2,44.1
2.9,226,2627,6,2002,3,0,36.6
5.2,408,4129,12,1973,2,1,9.4
1.7,115,2117,4,1979,2,1,43.8
2.2,265,3228,6,2010,1,0,37.4
3.3,319,3550,8,1973,1,1,20.6
2.6,217,2957,6,1985,1,0,35.4
4.6,403,3789,12,2003,2,0,14.5
1.8,151,2534,4,2003,0,0,46.3
3.3,251,2625,8,2019,1,1,37.7
2.2,206,2659,6,1974,0,1,35.5
1.9,178,2243,4,2010,2,0,46.2
4.7,425,3486,12,2010,3,0,16.2
1.2,159,2004,3,1986,1,0,46.8
1.5,146,2568,4,1978,0,0,43
2.7,235,2420,6,2012,0,2,43.4
5.2,402,3394,12,1990,1,0,13.5
1.9,125,2476,4,1980,0,0,41.6
2,145,3180,4,2008,0,1,42.5
1.9,199,2393,4,1981,0,1,39.4
1.2,87,2333,3,2020,1,2,54.1
1.3,163,2464,3,1974,3,0,40.2
1.4,194,2901,4,1994,3,0,41.2
1.5,167,2355,4,1996,1,2,44.5
1.5,173,2677,4,2003,0,1,45.6
1.6,150,2402,4,2014,1,2,50.9
4.5,431,3385,12,2019,2,2,21.6
2.7,252,2806,6,2014,1,0,37.8
2.5,226,3079,6,1991,0,1,35.1
5.2,426,3590,12,1991,0,1,13.5
2.1,170,2454,4,1971,2,0,37.9
1.5,91,3042,3,2014,1,1,49.9
1.3,124,2312,4,1975,2,0,44.5
2.8,204,3224,6,1973,3,1,31.1
2.7,260,2778,6,1981,3,0,30.4
1.5,149,2551,4,2020,2,0,50.4
3.9,384,2782,10,2013,3,1,27.5
2,185,2618,4,1988,1,0,39.7
4.2,348,3234,10,1997,0,1,23.8
2.8,254,2650,6,1990,0,2,34.9
5.1,462,3714,12,2011,3,0,15.5
2.8,223,2801,6,1985,3,2,33.8
1.5,124,2072,3,2005,1,0,52.1
2.3,190,2632,6,2012,2,0,42.2
1.4,128,2852,4,1985,3,1,42.7
2.4,217,2772,6,1984,2,2,34.8
1.6,80,2578,3,1971,0,2,44
3.3,326,2648,8,1976,3,0,26.3
1.9,182,2457,4,2002,2,2,46.2
2.6,239,3088,6,1985,2,2,34.1
2.1,195,2880,6,1991,3,1,35.8
2.3,181,2290,6,1971,1,1,36.5
4.2,324,3530,10,2023,1,1,27.7
2,128,2527,4,1974,2,1,39.5
2.1,199,2962,4,2012,2,2,41.6
5.2,459,3307,12,1972,2,0,9
1.7,197,2684,4,1974,1,1,40
1.7,154,2359,4,2011,2,0,46.5
1.4,180,2938,4,1983,0,2,41.9
2.2,225,3055,6,1975,1,1,31.1
4.4,324,3016,10,1992,3,0,23.2
3.9,330,3543,10,1979,1,1,20
1.3,194,2586,4,1972,0,1,39.5
2,142,2667,4,1991,2,1,42
1.7,121,2679,4,1993,2,0,43.1
1.9,113,2250,4,1990,1,2,48.3
2.9,248,2801,6,2011,2,0,37.2
1.2,86,2760,3,1970,0,1,45.2
1.4,189,2962,4,1991,0,2,40.9
2,182,3060,4,1976,3,1,35.7
2,162,2233,4,1986,1,0,43.3
2,166,2426,4,1997,3,0,44.6
1.5,126,2565,3,1975,0,2,43.9
5,398,3614,12,1991,2,1,14.2
5.1,413,3606,12,2021,3,1,20.1
3.1,257,3274,8,1989,0,1,31
1.7,114,2493,3,1993,2,0,45.5
4,395,2803,10,1980,0,0,19.8
1.5,119,2809,4,1970,1,2,41
1.6,124,2856,4,2016,2,0,48
1.8,143,2257,4,1989,3,2,43.9
1.5,117,2058,4,1973,1,1,46.9
4.6,415,3694,12,1983,0,1,12.6
3,325,3402,8,2020,1,1,32.1
4.3,376,3721,10,1978,3,2,15.6
3.2,311,2608,8,1974,3,1,26.7
2.1,236,2403,6,1974,1,2,36.4
3.6,326,3567,8,1988,3,2,22.2
1.5,100,2972,3,1983,0,0,42.3
1.5,199,2880,4,1990,1,0,38.8
3.7,328,3305,8,2014,0,2,28.6
2.9,196,3380,6,1997,3,1,33.2
3.3,288,3370,8,2013,2,0,32
4.4,375,3661,10,2014,0,1,24.4
4.4,323,3682,10,2017,3,2,26.3
2.8,264,3267,6,2023,3,1,35.4
5.2,443,3246,12,1975,0,0,12.9
2.9,331,3383,8,2017,0,0,29.6
1.9,160,3149,4,1971,3,0,35.5
1.8,194,2263,4,2018,3,2,48.2
5.1,461,3324,12,1989,3,1,11.3
3.1,275,3083,8,1977,0,2,26.5
1.4,158,2120,4,2021,3,2,51.5
2.6,258,3318,6,1977,2,0,28.2
3.6,306,3364,8,2013,2,0,28.4
4.1,341,3191,10,2012,0,0,27.2
1.7,133,2621,4,1987,0,1,44.6
3.5,307,2928,8,1971,2,2,26.1
1.3,194,2386,4,1977,1,2,42.8
1.5,135,2506,4,2006,2,1,47.4
4.5,437,3269,12,1998,3,0,14.6
2.1,131,3195,4,1972,2,1,37.9
1.3,138,2305,4,1977,2,0,42.8
2.1,182,2849,4,1982,3,2,37.6
3.3,258,2619,8,1971,1,2,28.6
1.5,137,2649,4,1982,0,1,42.6
1.6,114,2795,4,2015,1,1,48.7
3.6,282,3107,8,2005,2,2,29.8
1,133,2170,3,1999,1,0,48.7
3.1,259,3307,8,2011,1,0,33
1.9,199,2714,4,2014,1,1,45.5
1.3,149,2485,3,1991,3,0,44.7
1.8,119,3118,4,1991,2,0,40.1
1,162,2315,3,2000,3,2,49.6
4.1,329,3323,10,2017,2,1,29
4,408,3481,10,1984,2,0,16.1
4.9,439,3832,12,2012,0,2,15.4
2.4,255,2529,6,2004,3,0,39.2
1.9,159,2458,4,1985,1,0,41.5
2.4,222,2409,6,1995,2,1,39.3
4.8,455,3864,12,1998,1,0,13.1
2.7,197,3357,6,1995,0,1,35.5
2,142,2457,4,2020,3,2,48.6
2.5,242,3275,6,2003,3,0,35.6
4.6,401,3249,12,1998,0,0,20
3.4,287,2793,8,2005,3,0,30.5
4.1,339,3182,10,2020,0,2,29.4
3,252,2809,8,2002,0,1,34.6
1.7,158,2221,4,1973,1,1,41.3
1.1,102,2311,3,1981,2,0,46.2
1.9,119,3133,4,1987,1,2,42.4
3.5,325,2910,8,1994,3,1,28.9
1.6,151,2236,4,2019,0,2,52.4
3.3,337,3438,8,1975,0,1,22.3
1.4,112,2262,4,2023,0,2,54
3.9,365,2943,10,1978,1,1,22.6
2.1,114,2923,4,2022,2,2,48.7
3.9,332,3436,10,1995,1,0,23.1
5,456,3225,12,2016,0,1,19.8
2.5,199,3048,6,1999,3,1,37.6
1.5,160,2454,4,1986,2,2,44.7
4.4,386,3451,10,1979,1,2,16.2
1.9,176,2694,4,1993,2,1,43.2
1.9,196,2173,4,2017,2,2,48.9
1.4,139,2844,4,1994,0,1,43.4
1.8,182,2308,4,1975,1,1,42
3.2,321,2680,8,1973,0,1,27.7
2.1,160,2365,4,1972,2,1,41.5
2.1,260,2855,6,1981,1,1,35.1
2,145,2954,4,1989,1,0,39.3
2.8,200,2882,6,1987,3,0,34.4
2.7,266,2446,6,1983,2,0,35.2
4.9,450,3995,12,1972,3,0,9
3.6,338,3194,8,1980,0,2,22.8
1,80,2376,3,2002,2,2,50.7
3,275,2641,8,1973,2,2,28.6
5,452,3535,12,2015,3,0,17.7
1.5,120,2175,4,1996,0,2,48.9
1.2,94,2755,3,1978,1,2,45.1
3.4,286,2916,8,1978,0,2,29.5
3.1,310,2684,8,2009,0,0,34.3
2.3,221,2788,6,1971,3,1,31.3
4.9,448,3543,12,1976,1,0,11.3
3.1,269,2925,8,2017,2,1,34.7
4.3,340,3219,10,1981,3,1,19.5
1.5,164,2610,4,2015,1,1,48.1
1.5,184,2503,4,2001,3,2,43.7
2.1,208,3152,6,1993,2,2,36
1,103,2688,3,1996,2,2,47.7
2.4,213,2394,6,2021,3,0,44.5
1.6,136,2459,4,1985,3,1,42.2
2.8,218,2916,6,1978,3,1,31.7
2.4,251,3238,6,1998,1,1,34.6
1.5,81,2310,3,1987,0,0,48.1
2,154,2461,4,2007,0,0,48
3.8,353,3363,10,2014,3,0,25
1.8,148,3133,4,1986,1,2,39.4
3.8,334,3709,10,2013,2,0,25.6
3.5,281,3272,8,2014,0,1,32.2
3,284,2959,8,1989,2,0,27.8
1.6,152,2654,4,2018,2,1,47.6
2.1,245,2343,6,1979,1,1,38.3
3.2,270,2611,8,1973,2,2,28.4
3.9,370,3761,10,1985,2,0,17.1
4.3,403,3351,10,1988,1,1,17
3,264,3411,8,2010,0,2,33.4
1.3,144,2769,3,2017,2,1,50.9
4.1,379,3140,10,1977,3,2,20
3.2,261,3228,8,2008,3,2,33.4
1.6,157,2438,4,1971,0,2,40.8
1.3,119,2715,3,2012,0,0,48.6
1.4,156,2801,4,2019,3,1,46
3.5,326,2833,8,2002,1,1,31.1
1.9,122,2919,4,1970,0,1,39.4
3.7,253,3361,8,1991,0,0,27
3.5,310,3017,8,2000,3,0,29.8
4.7,473,3556,12,2022,2,2,17.5
3.5,286,3261,8,1999,0,1,30
3.3,317,3005,8,2011,3,2,30.3
3.5,256,3070,8,2000,2,2,30
1.3,144,2268,3,1974,1,1,46.2
3.6,285,2881,8,2003,1,1,32.2
3.6,256,2829,8,1984,1,1,30.2
1.5,184,2313,4,1976,2,2,43
2.4,213,2625,6,1994,0,0,37.5
4.1,360,3546,10,1989,2,2,18.8
3.2,301,2879,8,1991,2,0,29
2.2,206,3235,6,2003,0,0,38.1
1.8,132,3038,4,1995,0,1,41.8
2.2,241,3084,6,2017,2,1,38.8
1.2,81,2462,3,1971,1,1,45.5
4.1,327,3139,10,1973,2,2,21
3.4,262,3060,8,1996,2,2,31
3.3,276,2593,8,2015,3,1,36.8
2.1,166,2969,4,1970,3,2,36.5
3.5,336,2866,8,2021,1,0,32.7
2,117,3117,4,1973,1,1,36.9
1.7,118,2571,4,2010,1,2,50
3.8,369,3543,10,2013,1,1,24.7
3,299,2909,8,2012,1,0,33.9
5.2,433,4026,12,1982,3,1,9
2.8,199,2504,6,2022,1,2,44.5
1.5,129,2254,3,1978,2,2,47.3
1.8,186,3100,4,1989,3,2,37.8
2.4,205,2915,6,1972,0,2,35
3,306,2541,8,2013,2,1,36.2
4.9,471,3655,12,2022,2,0,16.4
2.7,237,3016,6,2002,3,1,36.9
1.5,126,2758,4,2024,2,0,49.4
3,316,2576,8,2012,0,2,36.7
3.8,381,3178,10,2016,1,2,27.5
1.8,142,2441,4,2017,3,0,49.6
4.2,352,3529,10,1987,2,1,18.3
1.6,114,2988,3,2021,2,2,49.4
1.9,135,2208,4,1987,1,2,46
1.6,183,2282,4,1971,0,0,39.2
1.8,146,2887,4,1984,3,2,39.6
1.9,128,2804,4,2020,1,2,48.7
4.2,397,2867,10,2015,3,2,25.9
2.2,245,2342,6,1991,2,1,39.5
4.2,348,3657,10,2011,2,0,22.5
2.8,198,2974,6,1981,1,1,35.6
4.9,429,3907,12,1976,0,2,11.2
4.3,386,3288,10,1994,2,0,18.3
1.6,187,2226,4,1979,0,0,40.7
1.3,171,2075,4,2023,3,0,51.8
1.6,139,2838,3,1997,1,0,43.5
3.6,315,2930,8,1996,2,1,27.7
2.2,248,2788,6,1980,3,0,33.7
4,354,3056,10,1978,2,0,20.5
2.9,322,2775,8,1971,1,2,25.2
3,287,3453,8,1993,1,2,29.8
3.6,324,3493,8,1971,0,0,19.5
2,155,2262,4,2007,1,0,46.6
3.2,288,3456,8,1973,2,1,23.8
4.8,470,3984,12,2014,1,0,13.8
5,434,3740,12,2011,2,0,16.4
1.8,195,2378,4,1977,3,2,40.9
1.6,192,2426,4,1991,3,1,42.6
1.4,148,2619,4,1992,1,0,45.6
1,160,2842,3,2018,1,2,48.3
5,457,3187,12,1971,2,1,12.1
1.5,119,2806,4,1984,1,1,42.7
5.2,429,4058,12,1988,2,2,11.6
1.3,142,2599,4,2006,0,1,49.5
2.9,192,2638,6,2020,3,1,41.3
2.1,269,2290,6,1985,3,0,35.8
2.9,285,2629,8,2003,1,0,32.9
3.3,340,3416,8,2019,1,0,31.4
1.4,159,2571,3,1996,2,1,45.3
3.6,264,3600,8,1978,2,1,22.6
4,331,3179,10,1971,2,0,19.1
3.2,297,3445,8,1977,2,0,25.2
1.2,86,2505,3,2015,0,1,55.3
4,371,3765,10,1971,2,2,14
2,183,2309,4,1980,1,0,41.3
5.1,454,3260,12,1972,3,2,9.8
1.5,172,2691,4,1991,2,0,42.6
1.3,114,2332,4,2018,3,2,53
3.3,316,3565,8,1970,0,0,22.6
1,100,2028,3,2017,1,2,55.7
2.1,196,2771,6,2013,1,1,42.7
3.1,309,3304,8,1992,1,2,27.9
2.7,242,3009,6,2015,1,0,37.9
4.5,409,3515,12,2003,2,1,18
3.9,374,3049,10,1992,1,2,24.8
2.6,186,3160,6,2022,0,0,40
3.6,314,3135,8,2015,2,2,32.6
3.3,293,3342,8,2004,3,2,28.8
2.8,187,3112,6,1996,1,0,37.4
2.1,168,2653,4,1983,3,0,39
1.4,119,2025,4,2016,3,1,52.6
2.4,241,2349,6,2019,0,0,44.3
3.4,287,3090,8,2015,0,1,32.4
1.1,121,2084,3,2010,1,2,53.5
3.7,256,3260,8,1986,2,2,28.4
4.5,334,3138,10,2007,0,1,25.7
3,309,2521,8,2009,1,0,33.9
2.1,188,3166,4,1985,1,0,37.2
2.6,258,3344,6,1983,3,0,29.7
1.8,136,2655,4,2011,3,2,46.9
5,429,3762,12,1992,1,2,12.9
4.7,458,3937,12,1971,0,1,9
1.5,181,2606,4,2014,1,1,48.4
2.1,197,2385,6,2017,0,2,46
1.5,148,2529,4,2001,1,2,47.8
1.7,189,2997,4,1999,2,1,40.2
2.9,183,2787,6,2017,0,0,43.5
3.1,259,3330,8,1992,2,0,27.5
2.7,192,2748,6,2002,1,0,38.6
1.9,196,3129,4,2014,1,0,41.2
2.2,246,2813,6,1992,2,0,36.2
3,304,2853,8,2010,3,0,33
2.2,212,3228,6,2006,2,0,38
3.8,403,3627,10,2013,1,0,22.3
2.4,248,2927,6,1992,0,0,33.7
1.2,132,2916,3,1975,0,0,42.1
1.5,196,2491,4,2012,2,2,48.4
1.5,167,2480,4,2005,1,1,48.2
2.7,224,2822,6,2007,0,0,40.4
3.1,328,2808,8,2011,1,1,34
1.7,199,3007,4,1980,2,2,36
2.6,252,2478,6,1972,2,1,31.5
4.2,400,3057,10,1998,2,0,22.5
1,79,2252,3,2009,0,1,55.9
2.3,245,2445,6,1985,2,1,37.9
1.6,157,2262,3,1990,2,2,45.1
4.5,406,3687,10,2010,2,1,19
1.6,180,2978,4,1975,0,2,37.8
2.7,261,3084,6,2012,1,0,37.2
1.4,94,2769,3,2016,1,2,52.8
2.6,190,3141,6,1982,0,1,35.8
1.7,136,2699,4,1977,0,0,42.5
3.3,307,3582,8,2019,3,0,27.9
1.8,148,3008,4,1978,1,1,40.9
1.3,189,2535,4,2015,3,2,45.8
3.1,323,3464,8,1987,0,0,25
1.5,143,2912,4,2003,2,0,43.8
1.5,165,2379,4,1980,2,2,42.9
1.3,115,2356,4,2020,2,0,52.1
1.5,137,2910,3,1982,3,1,42.3
1.6,160,2207,4,1986,2,1,45.7
1.5,134,2764,4,2014,0,2,48.8
4.6,472,3818,12,2016,0,2,17.8
2.5,216,2461,6,1971,1,0,36.4
2.5,254,2379,6,1985,0,1,36
1.9,185,2835,4,2011,1,0,45.3
1.1,161,2475,3,2013,3,0,49.9
3.6,310,3541,8,2022,0,0,30.8
1.9,200,2383,4,2019,1,0,46
3,251,2842,8,1996,2,1,32
3.6,338,3425,8,1987,1,0,24
2.6,210,3208,6,2006,1,1,36.3
1.5,145,2273,4,2014,0,2,52.3
3.6,314,2725,8,1977,3,0,26.5
2.7,225,2832,6,2008,1,0,40.3
1.5,133,2185,4,1973,3,0,41.8
3.5,332,3117,8,2008,2,1,29.6
4.1,356,3525,10,2020,1,2,25.1
1.6,171,2803,4,1974,0,1,39.4
1.3,85,1995,3,2008,0,1,56
1.5,116,2549,4,2024,0,1,51.5
4,336,3695,10,2024,2,1,25.4
3.3,292,3142,8,2019,1,1,35
1.6,99,2249,3,2006,1,0,52.7
1.1,125,2029,3,1994,2,2,51.3
4.4,364,3187,10,2024,0,2,29.9
3.6,316,3011,8,2005,1,0,29.4
3.3,320,3298,8,2014,2,2,31.8
1.4,122,2330,4,1986,3,2,46.8
1.6,163,2669,4,2003,3,0,43
1.6,145,2712,4,2021,1,0,48.4
1.9,114,2837,4,1983,3,2,40.2
2,195,2837,4,2014,3,2,43.9
1.4,134,2791,3,1979,2,2,43.1
1.7,122,2206,4,2003,0,0,48.5
1.9,162,2722,4,2006,3,2,45.5
3,308,3032,8,1995,3,1,30.5
2.3,218,2810,6,2011,3,1,40.2
4.1,380,3814,10,1980,0,2,18.1
5.1,394,3596,12,1987,3,0,13.9
1.7,156,3077,4,1983,3,0,40.2
2.4,244,3083,6,1979,0,0,33
1.6,133,2219,3,2004,2,1,49.6
1.6,131,2925,4,2015,2,2,46.6
5.1,404,3823,12,1978,3,1,9.7
4.3,374,3394,10,2024,1,2,25.7
3.3,284,3192,8,2003,0,1,31.9
3.6,281,2684,8,1983,3,2,29.3
2.4,262,2655,6,2012,1,2,39.5
1.3,186,2724,4,2002,1,0,45
3.3,303,3169,8,1999,3,2,30.5
3.7,389,3666,10,1993,2,0,20.5
4.8,475,3405,12,1985,1,2,11.2
1.9,183,3142,4,1984,3,0,37.2
2.9,187,2958,6,1982,3,0,32.9
2.6,236,2440,6,1991,2,2,38
1.7,199,2616,4,1982,1,0,38.4
1.4,127,2799,3,1981,1,0,42.8
4.9,423,3924,12,2002,1,1,13.3
1.3,146,2249,4,1987,2,0,43.9
2.2,193,3008,6,1994,3,0,37.8
1,79,2295,3,1997,3,1,50.8
1.9,116,2773,4,2009,1,1,48.9
2.1,183,2589,6,1996,2,1,40.4
1.5,180,2053,4,1996,3,0,46.1
1.7,140,3000,4,1994,1,0,40.7
4.9,429,3278,12,2009,0,2,20.5
3.6,283,3431,8,2020,3,0,30.5
3.1,255,3024,8,1996,0,0,31.5
4,384,3641,10,2003,3,0,19.1
1.7,167,3062,4,1994,1,2,41.8
2.3,259,2618,6,1987,0,0,34.7
2.4,256,3217,6,1985,1,2,33
1.6,154,2634,4,1991,2,2,43.4
5.1,430,3858,12,2021,1,1,19.1
5.2,408,3926,12,2004,2,2,13.8
4.9,463,3717,12,2019,1,2,18.3
5.1,459,3203,12,1995,3,2,16.4
1.3,143,2439,4,2001,3,2,48.2
1.4,134,2230,4,2024,3,0,51.8
1.8,141,2659,4,1974,1,2,41.8
1.6,197,2999,4,1988,2,2,38.5
1.3,127,2794,3,1974,3,1,40.7
1.5,146,2630,4,2006,2,0,46.6
1.6,194,2554,4,1997,0,0,45.2
3.7,386,2903,10,1987,1,2,24.5
3.2,307,2691,8,1989,0,1,30.7
1.7,179,2475,4,1973,2,2,41.7
2.8,232,2729,6,1977,2,1,33.9
2.2,250,3176,6,1990,2,0,32.5
1.5,161,2760,4,1985,0,0,41.2
1.3,170,2520,4,2007,1,0,46.8
2,131,3129,4,2008,2,2,43
2.6,221,2428,6,1995,0,2,38.3
1.9,168,2725,4,2011,3,2,44.2
1,94,2695,3,1989,3,1,47.1
2.3,265,3262,6,1977,3,1,28.2
1.3,107,2970,3,1996,2,2,46.2
2,124,2880,4,2010,2,2,46.5
4.1,343,3381,10,2006,1,2,24
1.6,141,2961,4,1970,3,1,38.6
3,323,3041,8,2023,0,2,34.9
2,111,2870,4,1998,1,0,44.2
1.3,158,2943,4,1999,3,2,44.6
1,86,2068,3,1983,1,0,48.2
4.8,422,3196,12,2016,0,2,21.6
1.8,198,2592,4,1991,1,2,40.5
2,162,3106,4,1991,0,1,38.8
4.4,336,3142,10,2015,1,0,25.5
1.3,87,2385,3,1996,0,2,51.6
3.5,273,3463,8,2015,3,2,32.7
2.9,227,2639,6,1981,2,1,33.1
1.9,160,2320,4,2013,0,2,48
1.6,118,2374,3,1992,1,0,46.8
3.4,317,3215,8,1971,0,0,22.4
2.7,254,2469,6,2005,1,2,41.1
2.7,265,2672,6,1990,2,2,35
4.2,329,3791,10,1972,2,0,17.4
2,150,3170,4,2010,2,1,44.5
2.9,228,3116,6,2007,3,0,34.4
1.3,124,2380,3,2016,2,1,53.1
1.8,116,2835,4,2014,1,2,48.2
4.9,390,3846,12,2013,2,0,18.2
2.3,266,2575,6,2022,1,2,42.6
3.2,303,2955,8,1996,0,1,30.1
1.2,111,2040,3,2014,2,2,53.1
2.9,336,3121,8,1976,1,2,24.2
1.6,94,2294,3,2019,2,1,54.3
4.4,388,3351,10,1973,1,2,15.4
1.4,190,2400,4,1975,3,2,41.4
3.3,255,3494,8,2003,2,1,29.4
1.4,171,2085,4,1983,0,2,46.1
1.8,172,3126,4,1976,3,2,37
4,347,3743,10,1992,1,1,20.8
1.6,175,2631,4,2014,2,2,45.5
1.7,191,2254,4,2017,1,0,49.1
3.2,340,2719,8,2005,2,2,30.2
3.5,328,2690,8,2016,3,1,33.7
2.1,173,2446,4,2007,1,1,46.5
1.5,152,2133,4,1970,0,1,42.5
1.5,151,2085,4,1988,0,0,48.2
1.6,195,2393,4,2013,2,1,47.2
4.7,400,3913,12,2022,2,1,17.9
3.1,329,3336,8,2024,1,1,33.7
4.3,341,3770,10,1975,3,2,17.6
1.9,184,2356,4,2004,3,2,46.7
4.3,326,2922,10,2020,1,0,29.8
4.9,408,3821,12,2012,3,0,16.7
2.1,193,3013,4,1988,2,1,39.7
4.6,448,3054,12,1995,3,0,15.4
1.5,127,2498,4,1998,3,2,45.7
4.1,398,3298,10,2016,3,0,24.9
5.2,418,3685,12,2020,2,0,19.5
1.6,158,3070,4,2016,0,2,45.8
4.5,395,3026,12,1994,1,0,17.8
1.7,131,2503,4,2000,0,0,47.6
3.6,255,2977,8,1971,1,0,26.8
2.2,209,2878,6,1970,2,1,34.6
3.4,311,2966,8,1978,1,0,24.5
3.8,322,3074,10,2010,2,2,30
3.1,318,3520,8,2008,0,1,29.5
1.3,163,2438,3,1988,1,0,44.3
1.4,84,2054,3,1990,2,2,51.3
4.2,357,3452,10,2007,0,2,22.6
1.4,108,2773,3,1972,1,2,42.3
3.4,253,2946,8,1984,3,0,29.2
3.9,383,2808,10,1976,3,2,19.4
2.2,217,2785,6,2012,0,0,40
2.2,215,3144,6,1975,3,0,31.3
2,142,2778,4,1990,0,2,41.4
3.9,351,3646,10,1981,3,1,17.8
3.4,266,2864,8,2016,2,2,34.5
1.4,123,2644,4,1971,3,0,39.9
4.9,479,3326,12,2018,1,1,19.5
3.4,320,3033,8,2010,3,2,30.5
1.9,179,2771,4,2000,0,0,42.9
4.9,462,3170,12,2021,0,0,20.6
2.6,215,2431,6,2008,2,2,40.2
2.8,265,2478,6,2002,0,0,39.6
2.8,188,3234,6,1984,3,1,31.7
4.5,364,2967,10,1973,3,1,18.5
2.5,244,3056,6,2006,2,2,35.7
3.1,298,2745,8,1988,2,0,30.2
2.7,227,2606,6,1981,3,1,34.7
1.5,156,2805,4,2005,0,2,47.6
2,183,2964,4,2016,3,0,41.9
1.5,158,2447,4,2001,2,2,44.9
1,91,2702,3,2024,2,2,53.1
1.3,180,2619,4,1991,2,1,44.4
2.4,263,2563,6,2007,3,0,39.6
1.9,120,3144,4,1999,2,2,42.6
4.8,465,3057,12,2005,2,1,18.2
2.6,194,2860,6,2006,0,2,39.7
1.3,115,2306,3,1978,2,2,47.8
2.1,149,2493,4,1976,2,1,40
2.9,225,2718,6,2024,3,0,41.6
2,171,2247,4,2015,1,1,50
4.1,379,3209,10,2017,2,0,25.5
5,460,3746,12,2010,3,0,15.8
1.2,129,2798,3,2018,2,1,51.8
1.8,129,2496,4,1971,2,1,40
2.3,181,2590,6,2003,0,0,40.9
3.9,398,3116,10,2008,1,1,24.6
2.7,229,3291,6,1972,3,1,30.2
4.5,348,3547,10,2007,2,2,24
2.6,237,2936,6,1988,0,1,36.1
3.7,324,3222,8,2014,2,0,30.8
4.3,339,3584,10,2022,3,2,26.6
3.3,318,3157,8,1998,3,0,26.8
4,410,3408,10,1989,0,0,20
1.9,161,3149,4,1990,2,2,38.6
1.7,129,2548,3,1996,1,0,46
4,383,3006,10,2003,2,1,24.8
3.2,330,3420,8,2017,3,1,29.8
2,165,3031,4,1997,3,0,41.2
4.2,332,2919,10,1998,0,1,27
2.6,183,3345,6,2005,1,2,37
2.5,249,2597,6,1974,0,0,33.5
3,291,3112,8,2020,3,2,34.9
2.8,220,2917,6,1988,1,0,35
2.7,265,3048,6,1984,2,1,30.8
1.3,195,2686,4,1997,2,2,43.9
3.7,339,2953,8,2011,2,2,29.4
3.1,294,3469,8,2010,3,0,28.3
1.4,178,2140,4,2000,3,2,48.1
4.2,375,2988,10,1983,2,1,19.9
1.9,165,2649,4,1971,0,1,39.7
1.5,191,2253,4,1995,3,2,46.3
2.8,215,3159,6,1973,2,0,29.3
1.8,144,2665,4,1981,3,0,41.2
3.5,266,3015,8,1988,3,0,28.6
3.2,299,2939,8,1996,1,1,30.6
1.6,120,2356,3,1976,3,1,43.4
1.5,195,3015,4,2023,2,0,44.5
4.9,466,3679,12,1990,2,1,11.3
1.4,154,2128,4,2003,3,0,47.6
2.1,145,2965,4,1978,3,0,37.5
3.2,323,3019,8,1985,1,2,26.2
3.5,294,2936,8,1994,2,2,30.1
1.5,157,2665,4,2024,1,1,49
4.8,398,3405,12,2017,2,2,20.2
1.3,146,2609,4,1980,3,1,42.3
3,297,2527,8,1994,1,0,34.1
2.4,198,2600,6,1991,3,1,39.8
2.3,234,2918,6,2022,3,2,41.1
3.4,305,2644,8,2021,1,0,34.8
3.5,311,2734,8,2016,3,0,33.6
2,185,2832,4,1976,1,1,38.6
1.7,91,2999,3,2023,3,0,49.2
5.2,448,3244,12,1975,2,2,11.3
1.8,140,2396,4,1973,1,2,41.8
3.3,252,2863,8,1974,0,2,27.9
3.5,331,3521,8,2015,1,2,27.7
2.7,264,3384,6,2021,0,2,36.7
4.5,405,3515,10,1975,0,2,14.4
2.2,235,2897,6,1987,0,0,33.9
1.5,159,2621,3,2007,1,1,48.9
2.7,234,3199,6,2024,3,2,38.3
3.9,332,2986,10,1997,1,0,24.8
2,137,2699,4,2022,2,1,48
2.4,214,2896,6,1971,1,0,33.9
1.7,140,2827,4,2022,0,0,50.2
1.9,200,2269,4,2023,1,2,49.2
1.7,156,2183,4,1999,0,0,48.8
3.1,259,2857,8,2024,2,0,37.5
3.2,330,2599,8,2015,2,0,32.3
1.5,190,2871,4,1991,0,2,42.2
1.9,140,2935,4,1997,3,1,41.1
1.7,146,2911,3,2004,1,0,46.8
3.7,328,3069,10,2015,3,1,30.1
5,466,3734,12,2004,3,1,12
1.6,193,2646,4,1985,0,0,41.6
3.1,252,3516,8,2021,2,1,34.1
1.5,118,2062,4,2011,2,0,51.6
3.1,253,2741,8,1987,2,1,30.9
1.8,115,2642,4,2006,2,1,46.3
5.1,438,3359,12,2010,0,2,18.7
3.6,265,2914,8,2021,3,0,34.4
2,195,2948,4,1988,2,2,39.7
2.1,223,2689,6,1974,1,1,33.1
2,181,2283,4,1972,0,2,41.6
1.9,123,2601,4,1971,3,1,40
1.7,177,2984,4,2013,0,1,44.9
1.3,114,2332,4,1976,2,1,45.6
1.5,199,2895,4,2018,0,1,47.3
1.5,157,2298,4,1994,3,0,45.1
1.7,152,2421,4,1991,0,0,46.4
1.3,186,2710,4,1994,3,0,43.1
2.6,265,2813,6,2012,1,2,39.7
3.7,327,2874,8,1974,0,2,25.7
2.3,234,2306,6,1995,0,1,39.2
1.7,122,2343,4,2005,2,1,48.1
2,180,2362,4,1997,1,0,44.8
3.5,262,2858,8,2020,3,1,37.1
1.9,142,3062,4,2010,3,1,43.9
4.8,480,3502,12,1982,3,1,9
3.7,305,2888,8,1972,0,1,24
5.1,391,3737,12,2012,1,0,19.6
2.4,191,3044,6,1988,3,0,34.7
2.8,207,3350,6,2006,3,2,37.6
1.8,136,2478,4,1994,1,0,45.7
2.3,260,2776,6,1994,1,0,34.5
1.5,140,2099,3,2022,2,2,53.6
2.4,243,3039,6,1996,1,0,36
3.4,328,2805,8,2003,0,0,30
3.9,358,3573,10,1980,1,0,18.3
2.9,208,2729,6,2024,0,0,44.1
1.3,142,2715,4,1996,1,2,44.6
1.1,80,2740,3,1989,1,0,46.7
3.9,341,3626,10,2013,0,2,24.3
2,167,2838,4,1997,3,0,39.6
3.6,333,3578,8,1983,3,0,19.7
1.5,145,2282,4,2012,0,2,50.9
1.6,147,2743,4,2018,0,0,47.2
3.5,299,3581,8,2003,1,0,28.5
2.3,211,3180,6,1977,2,2,32.5
4.5,381,3770,10,1991,0,1,18.9
3.6,286,2962,8,2011,0,1,31.7
5,407,3144,12,2006,3,0,19.7
4.5,383,3523,10,1979,0,0,17.6
1.4,177,2784,4,1995,3,0,40.8
3.1,320,2882,8,1980,2,0,27.7
1.6,135,2749,4,1997,1,2,47
4.5,463,3066,12,1978,1,0,12.5
1.6,124,2474,4,2001,1,2,47.6
3.4,291,2873,8,2003,1,2,32
1.7,173,2799,4,1986,3,1,38.8
3.5,272,3270,8,1990,1,0,28.6
4.8,464,4037,12,1993,2,1,9
3.8,407,3451,10,2004,0,0,22.7
2,158,2383,4,2018,2,1,47.8
1.4,94,2187,3,2018,3,2,55.3
4.8,449,3338,12,1972,2,0,11.8
2,198,3054,4,1981,3,0,35.9
2.2,211,2814,6,1976,3,0,32.3
2.7,220,3275,6,1999,0,2,34.1
5,475,3738,12,1982,2,0,9
3.1,328,2792,8,2023,3,1,35.4
1.5,173,2687,4,2000,0,0,43.3
2.8,193,2637,6,2000,1,1,40.9
1.4,128,2489,4,2018,2,1,51.8
3.2,269,2583,8,1980,3,1,29.6
1.5,190,2450,4,2014,3,0,47.8
2.7,262,3109,6,1986,2,1,33
1.5,141,2809,4,2005,2,2,46.3
2,197,2978,4,1975,2,2,35.5
2.1,147,2631,4,1978,3,2,39.7
2,177,2646,4,1993,3,0,40.1
1.4,138,2924,4,2017,1,2,47.6
3,307,3296,8,2004,0,2,31.2
3.6,276,3124,8,1999,3,2,29.5
3.2,267,3393,8,1997,0,2,29.6
3.8,357,3151,10,2014,3,2,26.3
1.4,192,2413,4,1995,0,0,43
4.6,469,3657,12,2016,3,0,14.7
1.9,120,3086,4,1984,1,2,42.8
1.5,169,2882,4,1984,3,0,38.2
5.1,470,3768,12,1983,0,0,9
1.4,188,2973,4,1995,1,2,40.8
3.3,332,3285,8,2003,3,1,28.8
1.5,156,2237,4,2020,1,0,49.9
1.7,143,2729,4,1978,3,1,41.8
2.1,202,2851,6,1982,3,0,36.2
1.3,176,2976,4,2009,1,2,46
1.6,150,2924,4,2014,1,2,45.7
1.5,141,2542,3,2007,3,0,46.8
2.3,188,3198,6,1995,0,2,38.7
2.4,214,2763,6,2024,1,0,42.4
1.8,181,3081,4,1975,1,2,38.7
1.4,141,2166,3,2024,0,0,53.6
2,195,2617,4,1989,1,2,40.9
3.3,321,2911,8,2006,3,2,31.4
1.5,130,3016,4,2004,3,2,46.3
1.4,90,2216,3,2001,3,1,51
3.2,264,2725,8,2021,2,2,39.2
4.8,478,3634,12,2003,1,1,13.4
2.2,267,2527,6,1997,2,2,36.4
3,318,3381,8,1973,1,0,22.5
1.8,200,2247,4,2019,1,2,48.6
4.9,401,3569,12,1987,1,0,15.7
1.3,120,2339,4,1997,2,0,47
1.7,117,2900,4,2012,1,0,46.8
1.9,188,2796,4,2024,1,2,48.9
2.7,219,2865,6,2009,3,1,38.8
1.6,163,2236,4,1979,1,1,43
3.5,274,3515,8,2019,2,2,32.3
1,107,2391,3,1995,0,0,49.6
3.4,267,3504,8,2019,0,2,32.7
4,348,2985,10,1984,2,0,20.9
1.3,187,2720,4,1989,3,0,41.2
4.5,449,2975,12,1992,0,1,16.3
3.9,378,3026,10,1973,3,1,17.4
5.2,413,3529,12,1971,3,0,10.9
3.4,286,3090,8,1987,3,0,27
1.7,147,2716,4,2017,0,2,48.6
4.6,426,3560,12,2013,1,0,18.3
3,334,2907,8,1979,1,2,27
3.1,252,3400,8,1994,2,0,29.1
2,194,3117,4,1989,3,0,35.9
1.2,147,2958,3,1996,1,0,45.9
2.7,212,3400,6,1975,2,0,30.6
3,258,3024,8,2012,3,0,35.6
1.5,161,2601,4,1971,3,2,38.6
1.6,122,2525,4,1977,1,0,43.7
2.1,126,2471,4,1984,2,1,44.3
3.3,268,3007,8,2010,2,0,31.5
1,165,2080,3,2012,0,1,51.3
2,174,2630,4,2015,0,2,47
1.4,164,2803,4,2023,2,2,49.9
1.7,175,2734,4,1989,2,1,40.2
1.2,153,2340,3,1986,1,2,45.6
3.4,294,2714,8,1984,0,0,27.7
4.1,383,3018,10,1983,0,2,21.4
1.9,169,2646,4,1977,3,0,40.3
1.7,147,2233,4,2007,3,0,48.4
1.5,191,2599,4,1970,3,2,38
1.5,141,2342,4,1997,3,1,46.7
1.2,122,2029,3,2005,3,0,52.7
1.3,112,2642,4,2020,0,1,53.3
3.4,262,3142,8,2024,0,1,36.6
2.6,194,2954,6,1987,0,1,34.5
1.4,81,2043,3,1991,0,2,52
1.3,149,2298,4,1984,2,2,43.7
2.2,269,3060,6,2014,1,1,37
2.8,193,3343,6,1981,2,2,32.5
1.7,198,2194,4,2011,3,1,45.5
2.8,255,2553,6,2018,1,0,40.4
4.6,446,3028,12,2021,3,2,20.9
1.6,112,2950,4,1977,3,0,41.4
1.6,184,3025,4,2020,2,1,45.9
1.6,177,2091,4,1974,1,1,42.3
1.8,143,2441,4,1973,3,1,42
1.9,199,2245,4,1970,3,2,37.9
1.7,159,3047,4,2000,0,1,43.4
2.2,214,2608,6,1992,1,1,38.6
5.3,476,3544,12,2023,1,2,19.2
1.7,88,2333,3,1997,0,1,51.8
1.7,173,2306,4,1993,2,0,45
1.5,121,2555,4,1971,1,1,42.4
1.5,144,2552,3,1992,0,2,47.6
2,179,2562,4,2012,1,0,47.3
1.5,130,2691,4,2013,3,0,48.9
3.7,378,3008,10,2016,1,2,26.5
1.8,124,2811,4,1998,1,2,45.7
1.8,146,2754,4,1995,1,0,42.4
2.4,224,2860,6,2020,2,1,42.2
3.9,390,3561,10,2003,2,0,20.1
4.1,326,3127,10,1980,3,1,22.4
1.9,179,2971,4,2018,3,0,43.4
2,139,2474,4,1979,0,2,44
3.1,259,2597,8,1978,2,2,31.6
3.9,407,3465,10,1989,2,0,19.4
2.9,320,2481,8,1985,0,2,32.5
1.5,188,2460,4,1982,0,0,40.2
1.9,169,2186,4,2002,0,2,49.2
2.4,187,2618,6,1983,3,1,37.6
4.4,322,3652,10,1990,3,1,20.4
4.5,429,3083,12,1981,3,2,13.8
1.6,112,2283,4,2011,2,1,51
3.2,320,3077,8,1994,3,0,28.9
3.2,289,3525,8,1999,3,2,27
2.2,262,3191,6,2020,0,1,39
1.8,190,2795,4,1988,1,0,39.4
1.6,186,2519,4,1990,2,2,43.8
1.6,172,2433,4,1976,1,1,40.3
2.3,214,2310,6,1972,1,1,37.7
3.1,325,3175,8,1975,2,1,24.7
4,389,3647,10,2000,2,2,20.2
1.6,199,2972,4,2019,3,1,45.3
2.5,198,3150,6,1997,3,2,35.2
2.9,324,3222,8,2007,0,1,31.1
1.9,164,2342,4,1998,2,2,47.4
3.6,302,3335,8,1974,1,2,22.4
3,304,3459,8,1986,2,1,25.1
1.4,127,2135,4,1981,1,0,44.5
1.3,177,2501,4,2006,2,1,45.4
1.8,162,2360,4,2015,1,1,50.6
2.1,224,2428,6,2001,2,2,39.5
1.4,187,3017,4,1984,3,0,39
1,133,2161,3,1993,1,2,50.5
3.5,305,3418,8,1986,3,0,25.4
1.5,165,2467,3,2011,3,0,48.4
5.3,460,3645,12,2018,0,0,17
1.8,180,3026,4,1971,0,0,35.1
5.1,477,3735,12,1990,0,1,11.8
1.6,194,2244,4,1992,3,2,43.5
1.3,120,2739,4,1996,0,1,45.8
2.2,227,2643,6,2021,2,1,41.5
3.1,291,2668,8,2011,0,2,36.6
2,159,2354,4,1983,0,0,43.8
4.9,435,3601,12,1973,0,1,11.3
3.3,254,2750,8,2019,2,2,37.2
1.9,130,2385,4,1982,3,2,45
2.9,245,3382,6,1993,3,2,30.3
1.6,197,2632,4,2009,2,0,44.6
3.6,250,3100,8,1974,0,1,27.1
1.9,151,2597,4,1974,2,0,38.9
3.3,326,2644,8,2010,2,1,32.7
1.2,76,2103,3,1975,1,2,47.5
1.4,188,2777,4,2023,1,2,49.8
2,140,2683,4,2023,0,0,49.2
2.2,195,2948,6,1991,3,0,37.9
3.3,293,3586,8,1986,3,0,23.4
2.1,123,2332,4,1978,2,2,43
1.4,130,2430,4,1999,1,1,47.3
1.9,114,2963,4,1994,0,0,43.9
1.2,85,2565,3,1978,0,2,46.7
1.3,100,2119,3,2002,1,2,52.4
2.2,207,3015,6,1993,1,2,39.1
1.6,138,2117,3,1981,3,1,45.1
4.3,400,3407,10,1981,1,1,15.9
2.6,218,2467,6,2015,0,0,42.6
1.9,191,3168,4,2000,3,1,39.3
3.9,359,3450,10,2013,3,0,22.5
5.2,426,3843,12,1993,3,2,11.5
2.8,250,3105,6,1996,0,0,33.1
3.3,312,2865,8,1998,3,0,27.8
1.7,173,2183,4,1970,2,2,42.3
4,329,3645,10,2011,2,0,24.1
3.5,281,2752,8,1998,2,1,32.3
1.6,133,3068,4,2007,1,2,44.8
5.2,465,3731,12,2019,1,0,16.4
2.7,190,2593,6,1980,1,1,35.2
2.7,249,2736,6,2003,3,1,38.4
3.3,309,3115,8,1993,1,1,29.9
5.2,469,3310,12,1994,3,2,13.2
3.2,262,3199,8,1986,1,2,29.6
1.4,130,2453,3,2004,0,2,48.5
3.1,304,2910,8,1976,2,2,27.9
3,315,3209,8,1973,0,0,25.8
5.2,430,3572,12,1990,3,0,13.5
2.2,186,2903,6,1993,3,2,38.7
1.4,167,2938,4,2016,0,0,45.9
2.8,257,2677,6,1985,0,2,33.1
1.9,198,2665,4,1981,1,0,39.7
1.3,151,2064,4,2013,1,0,51.7
1.3,179,2506,4,2007,3,2,48
1.5,165,2546,4,1998,1,0,46.7
1.6,154,2568,4,2023,0,1,51.7
1.8,155,2713,4,2015,1,2,47.1
4.2,403,3179,10,1985,2,1,19.8
3.2,291,2965,8,2005,2,2,33.1
1.5,145,2804,3,1999,2,0,44.5
1.4,111,2735,4,1998,2,1,46.1
1.2,144,2925,3,2019,2,0,48.8
2,133,2479,4,2005,1,2,46.8
2.4,193,2428,6,2004,3,2,40.3
1.5,118,2481,4,1986,3,1,43
1.6,174,3058,4,2023,3,2,45
1.9,181,2521,4,1992,3,0,42.1
5.2,455,4061,12,1980,2,0,9
1.4,125,2152,3,1993,2,0,47.4
1.5,161,2106,3,1997,3,1,49.6
3.5,280,3216,8,2022,2,2,32.2
1.3,193,2638,4,1974,3,2,38.2
3.6,314,3472,8,1974,3,0,19.9
1.9,128,2237,4,2012,0,2,51.5
2.5,236,3149,6,1980,0,1,33
1.4,187,2137,4,1986,3,1,44.4
2.2,216,2859,6,1976,1,1,32.6
2.3,202,2916,6,1972,2,0,32.9
1.6,116,2250,4,1992,2,1,47.6
1.9,180,2914,4,1989,0,0,41.6
2.3,244,2329,6,2003,3,0,39.8
2.8,191,2710,6,1978,3,2,36.6
1,85,2375,3,2017,0,1,54.3
2.9,281,2693,8,2010,3,2,35.2
3.6,318,2750,8,2002,2,1,31
4.6,416,3677,12,1975,3,1,11.4
4.7,406,3202,12,1983,2,0,14.9
3.5,263,2981,8,1987,0,2,30.3
2,119,2457,4,2011,3,2,48.7
1.7,190,2380,4,1999,2,1,43.3
1.9,193,2178,4,2022,2,2,48.2
1.3,152,2076,4,2016,1,1,50.9
2.9,321,3029,8,1970,1,0,23.3
2.9,238,2763,6,2018,3,1,39.9
2.8,183,2865,6,1998,1,0,39.3
1,97,2576,3,1986,2,1,45.9
2,171,2390,4,2011,3,1,46.3
4,385,3363,10,1977,0,2,17
4.6,434,3129,12,1983,2,2,14.4
3.4,324,3572,8,2017,0,0,28.7
1.3,122,2315,4,1987,3,0,47
3.5,295,2779,8,1995,3,0,28.3
2.9,303,2537,8,1976,0,1,29.8
1.3,81,2270,3,2000,1,0,51.7
1.6,148,2721,4,1990,1,0,42.4
1.8,112,2861,4,1985,3,1,42.5
1.1,84,2668,3,1990,0,0,47.7
1.7,125,2872,4,2022,2,1,48.2
3.6,319,3142,8,1987,2,0,25.1
1.3,139,2631,4,1973,1,2,42.5
5,472,3726,12,2021,2,1,16.7
2.3,269,2639,6,1976,0,2,34.2
3.1,270,3117,8,2009,3,1,31
2.4,261,2752,6,2004,2,2,36.8
1.4,188,2144,4,1977,3,2,43
1.9,127,3036,4,1999,1,0,42.8
2,184,2404,4,2014,3,1,45.9
3.5,307,3203,8,2023,2,0,31
3.5,311,3175,8,2010,2,2,32.1
2.1,167,3022,4,1975,1,0,37
1.9,187,2424,4,1985,0,2,41.8
3.4,252,3410,8,1988,2,2,29.5
2.8,237,2640,6,2012,2,1,38.2
5.2,451,3828,12,2004,1,1,13.5
1.7,126,2815,4,1973,1,2,39.9
2.3,217,2452,6,1985,3,0,35.4
1.5,131,2958,4,2012,3,0,46.1
2.9,325,2710,8,1972,1,2,25.4
2.9,194,3352,6,1998,3,1,35.1
4.6,409,3013,12,1973,1,2,16.8
3.3,340,3577,8,1975,0,1,22
1.6,196,2596,4,2014,3,0,44.8
3,265,2571,8,1990,0,0,34.5
1.5,148,2305,3,2002,1,1,49.2
2,125,2469,4,1977,3,2,41.6
1.3,199,2246,4,1985,1,0,44.9
2,154,2299,4,1980,1,2,44.1
1.3,118,2979,4,1973,3,0,40.4
2.9,186,3303,6,2023,1,0,40.8
2.2,217,3059,6,2012,2,0,37.5
1.6,113,2688,3,1982,1,2,44.7
3.7,318,3152,8,2009,3,1,29.9
4.8,472,3138,12,1976,2,2,12.6
3.5,293,3582,8,2020,2,1,30.6
3.4,300,2623,8,2013,2,0,34.6
1.9,160,2374,4,1990,0,1,43.3
2,197,2480,4,1971,3,0,37.2
3,334,2645,8,2022,2,1,34.7
1.5,176,2429,4,2016,3,0,47.3
2.5,200,2828,6,1990,3,0,35.5
2.6,223,2751,6,1992,2,0,34.9
3.4,251,3023,8,2017,3,1,34.6
3.5,267,3459,8,1972,3,0,24.5
1.3,107,2144,3,1974,2,1,45.9
3.6,254,3627,8,1996,2,1,26.3
1.8,116,2804,4,1980,3,0,39.5
1.6,120,2438,4,2023,2,0,51.3
2.9,203,2642,6,2005,1,2,41.7
4.8,469,3760,12,1996,3,1,10.3
4.6,479,3524,12,1979,1,0,9.1
3.6,303,2861,8,2011,3,2,31.7
3.6,292,3257,8,1996,3,0,28
3.6,306,3150,8,2017,0,2,32.5
3.6,294,2947,8,2002,2,0,29
2,170,2535,4,2014,1,2,49.3
5.3,395,3512,12,1997,1,1,14.9
1.6,162,2200,4,2005,1,2,50
1.4,85,2323,3,2009,0,1,54
2,120,2300,4,1976,0,0,43.3
3.5,252,3368,8,2004,1,0,32
3.5,256,3054,8,1994,0,2,29.7
5.2,432,3197,12,1977,2,1,11.3
3.3,287,2727,8,1995,1,1,32
2,171,2722,4,2008,0,1,46.2
1.6,93,2655,3,1974,0,0,42.2
4.1,341,3216,10,1998,2,2,23.8
1.9,155,2505,4,1970,2,2,40.7
4.3,327,3227,10,1993,1,0,22.8
1.4,151,2441,3,2009,3,1,49.5
4.1,390,3812,10,2019,1,1,24.6
1.3,196,2565,4,1987,1,1,41
1.6,180,2101,4,1972,0,0,40.5
1.8,183,2694,4,1998,2,0,43.1
2.4,250,2674,6,1972,2,1,32.9
3.1,258,3519,8,1983,1,1,27.6
3.3,266,3246,8,2006,0,1,32.3
4.3,403,3835,10,1973,2,1,13.6
1.5,111,2187,3,2000,3,0,51.3
4.2,392,3388,10,2017,1,1,23.7
3.3,268,3110,8,2016,2,0,34.1
2.3,203,2814,6,1993,0,1,38.1
3.6,258,2775,8,2003,3,0,30.8
4.5,444,3643,12,2001,1,2,15.4
2.6,213,3063,6,1977,1,2,34.3
3.1,303,2809,8,2011,1,0,32.7
2.3,208,3114,6,2008,3,2,39
2.1,146,2594,4,2021,1,2,47.6
1.4,199,2710,4,2001,0,1,42.9
1.5,185,2643,4,2006,1,1,45.2
1.8,150,2233,4,1974,1,1,41.3
1.7,137,2204,4,1979,3,1,45.3
2.9,291,3332,8,2002,2,2,30.5
2,166,2413,4,1986,1,0,42.4
1.4,175,2399,4,1973,3,1,39.3
1.6,114,2447,4,2020,0,2,53.6
1.4,113,2869,4,1989,2,1,44.7
4,366,3774,10,1990,1,0,19.3
2.7,193,2454,6,1991,2,1,39.2
3.5,269,2975,8,2000,0,2,32.9
2.2,183,2926,6,1979,2,2,35.2
1.5,92,2104,3,1995,3,1,50.5
1.4,134,3001,4,2012,0,2,46.7
3.1,258,3351,8,2019,2,2,34.5
3.7,302,2908,8,2021,0,2,36.1
1.9,143,3160,4,1993,1,2,42.4
1.7,173,2888,4,2017,1,2,45.1
2.3,252,2703,6,2007,1,0,40.3
1.6,164,2932,3,1996,2,1,41.7
3.2,320,3289,8,1990,0,2,25.6
1.8,130,2269,4,2003,3,2,47.1
2.2,242,2921,6,1987,2,2,35.5
4.9,411,3842,12,2004,0,0,17
3.1,286,3115,8,2024,1,2,35.1
2.6,265,2525,6,2012,1,0,38.8
1.6,151,2522,4,2010,0,1,47.5
2,177,2723,4,2002,2,2,42
1.9,193,2217,4,1989,1,1,41.9
1,118,2355,3,2009,1,1,52.8
1.9,148,3064,4,2005,1,1,45.1
1.8,147,2949,4,1980,0,1,40.4
2,119,3192,4,1992,0,0,40.5
5,449,3550,12,1981,0,0,12.8
3.6,291,2898,8,1990,1,1,29.1
1.4,160,2342,4,1979,3,2,44.5
1,82,2136,3,2013,2,0,54.8
1.9,131,2343,4,1997,1,1,47.5
2.1,170,3126,4,1977,3,1,35.8
1.8,110,2642,4,1986,2,1,43.8
1.9,121,3004,4,1992,3,2,40.7
4.1,403,3077,10,1971,2,1,17.4
1.8,150,2469,4,2018,0,0,49
4.1,395,3154,10,1980,0,2,20.9
2.4,260,2585,6,1973,3,2,32
1.2,147,2509,3,1997,0,2,49.8
1.5,167,2191,4,1976,1,0,43.4
1.3,121,2840,3,1975,0,1,43.9
1.6,136,2344,4,1991,3,2,45.6
1.9,160,2957,4,2021,2,0,45.3
3.3,265,3491,8,2010,1,1,31.9
4.2,336,2895,10,1972,2,2,21.3
4.3,394,3692,10,2018,3,1,22.1
1.7,115,2500,4,2010,1,1,48.9
1.9,133,2413,4,2024,1,2,53.3
2.5,245,3143,6,2016,0,1,37
1.1,99,2572,3,1973,1,1,44.1
2.3,215,2389,6,2019,1,0,44
2.3,226,2663,6,2023,0,0,42.1
1.3,134,2633,4,1986,1,2,45.3
2.8,214,2991,6,1978,2,1,32.4
4.3,364,3480,10,1977,1,2,16.9
1.4,183,2781,4,1979,2,2,40
1.2,127,2407,3,1973,2,0,44.5
1,138,2116,3,2018,2,0,55.3
2.1,120,2660,4,2005,0,0,45
1.9,124,2317,4,2015,2,1,50.8
3.1,305,3283,8,2009,2,0,30.1
3.2,331,3276,8,1983,3,2,25
1.5,147,2644,4,1990,2,0,42.3
4,408,3800,10,1995,1,0,18.7
1.6,186,2747,4,1990,3,1,41.4
1.4,192,2351,4,1985,3,1,41.5
1.7,120,3065,4,1981,2,0,40.1
2.9,208,2911,6,2005,0,0,37
1.7,175,2828,4,1974,0,0,36.8
4.8,451,3576,12,2007,2,1,15.4
1.2,143,2758,3,1977,2,1,42.1
2.7,252,2926,6,1990,1,0,33.3
3.5,293,3004,8,1975,2,2,27.1
3.3,309,3399,8,2003,1,0,28.7
4.1,360,2984,10,1988,0,0,21
1.4,192,2900,4,1972,0,1,38.9
1.6,195,2331,4,2005,3,2,47.6
1,105,2251,3,2008,3,2,52.3
1.4,148,2168,4,2005,3,0,48.6
1.5,122,2054,3,1999,2,2,51.1
3.3,251,3061,8,1983,1,2,29.2
1.3,80,2093,3,1999,1,2,53.9
2.7,196,3146,6,1978,0,0,33
3,263,3017,8,1973,1,2,26.8
5,480,3998,12,1989,2,1,9
1.7,172,2218,4,1973,1,1,43.5
3,268,2700,8,1971,1,0,30.2
2,146,2998,4,2004,3,1,44.5
2,187,2919,4,2002,0,2,42.5
4.8,460,3235,12,1997,1,2,18
4.2,400,3002,10,2000,0,2,24.1
1.6,167,2666,4,1979,2,0,41.5
2.5,251,2765,6,1986,3,2,35.7
2.1,156,2792,4,1978,0,2,39.3
1.1,86,2108,3,2012,1,1,55.3
3.1,294,3101,8,2018,2,2,33.5
3.5,297,2945,8,1978,1,0,26.7
2.5,239,3113,6,2014,0,0,39.7
4.7,477,3421,12,1979,2,2,10.2
1.8,188,2345,4,1994,3,1,41.9
1.9,116,2800,4,1998,0,0,44.4
2.7,226,3243,6,1970,3,0,30
4.4,382,3349,10,2020,1,0,23.2
2.7,220,3040,6,1982,2,0,34.1
1.6,111,2720,4,2003,2,2,47.8
1.4,178,2901,4,1997,1,1,41.5
1.4,185,2421,4,2009,1,1,47.3
2.8,256,3305,6,1999,1,0,32.9
3.8,358,3595,10,2004,1,2,22.9
1.6,116,2433,4,1989,1,1,46.2
1.5,168,2322,4,2007,1,0,46.6
2.6,239,3373,6,2004,0,2,35.5
2.7,269,2688,6,1980,2,2,33.5
1.9,192,2694,4,2018,0,2,45.9
2,174,2450,4,2007,2,2,44.8
1.7,161,3043,4,1992,0,2,40.2
4.2,397,3802,10,2010,0,1,21
2.7,219,3134,6,1970,3,2,28.7
4.9,400,3992,12,2009,2,1,16.3
4.1,325,3663,10,1998,0,0,22.9
2.2,207,2546,6,1995,2,0,38.8
1.6,165,2573,4,1999,3,1,45.1
3.2,293,3540,8,1970,2,2,21.4
2.5,233,2675,6,1996,0,2,38.7
2,186,2458,4,1979,3,1,39.2
2.2,251,2284,6,1998,2,1,40.1
1.4,116,2338,4,2023,1,1,55.1
3.5,338,3379,8,1996,0,0,25.8
4.5,401,3370,12,1994,0,2,18.1
2.2,234,2393,6,1993,0,2,41.3
3.5,295,3437,8,1997,0,1,27.1
3.1,261,2784,8,1981,2,2,29
5.2,463,3201,12,1987,0,1,14.2
3,285,3375,8,2012,1,2,31.1
1.4,100,2048,3,2012,3,1,52.9
1.9,132,3068,4,1989,0,0,41.8
1.8,135,3131,4,1999,3,0,43.4
2.1,156,3171,4,1975,2,0,36.3
1.7,149,2146,4,2022,0,2,54.5
1.3,154,2414,4,1993,2,2,46.3
3,315,3186,8,2020,2,2,33.7
2.7,245,3195,6,1989,0,2,32.1
1.7,115,2645,4,1972,0,2,43.5
3.1,265,2641,8,1980,0,0,32
3.7,363,3455,10,2016,3,2,25.2
1.6,159,3025,4,1999,3,2,42.5
2.3,257,3229,6,2007,1,0,35.1
5.3,392,3794,12,1985,2,2,11.3
3.6,266,3236,8,2021,3,2,33.6
1.3,194,2838,4,1990,0,2,40.7
4.3,394,3285,10,1980,2,1,16.5
5.3,450,3198,12,2013,1,0,16.8
3.3,250,2911,8,1978,2,2,27.9
1.5,195,2787,4,1987,2,2,40.6
5.2,424,3669,12,2021,1,1,17.4
1.4,170,2843,4,2016,2,0,46.1
1.9,129,2475,4,1989,1,2,43.7
2.2,190,3030,6,2013,3,2,40.2
3.2,318,2869,8,2015,3,2,31.7
3.3,309,3356,8,2014,1,1,29.4
1.6,139,2478,4,1991,3,2,46.1
3.2,311,2688,8,2016,0,0,35.1
2,116,2596,4,2000,2,2,46.9
5,426,3849,12,2019,2,1,16
1.9,124,2506,4,2024,2,0,50.9
1.6,128,2532,4,2023,1,2,51.8
4.5,320,3716,10,2014,2,2,25
2.9,269,2846,6,2003,1,1,36.3
2.6,269,2477,6,1985,1,0,35.5
3.9,323,3383,10,1988,0,1,23.1
1.4,153,3002,4,1970,2,1,36.2
2.9,210,3294,6,1983,1,0,32.9
1.8,179,2708,4,2005,0,0,42.9
3.4,257,3521,8,1970,2,2,24.1
1.9,167,2898,4,2001,0,2,44.4
2.7,217,3304,6,2019,3,0,36
2.7,201,2794,6,1994,3,1,36.8
1.8,169,2623,4,2004,1,1,44.5
5.1,445,3916,12,1976,1,2,9.9
1.9,137,2835,4,1980,1,0,41.5
4.2,357,3625,10,2022,3,1,25.6
2.3,264,2437,6,1994,3,2,38.3
1.6,195,2950,4,1995,3,1,41.3
2.6,269,2923,6,1992,1,0,34.1
1.1,156,2435,3,1992,2,1,47.8
2.1,142,3097,4,2012,1,1,44.9
3,255,3479,8,2000,3,2,29.5
5.2,419,4116,12,1986,0,1,9.9
1.5,140,2240,4,1994,3,2,45.3
3.6,303,2851,8,1982,3,0,25.2
1.6,132,2407,3,1980,1,2,46.7
3.1,290,3169,8,2014,1,2,34.1
2,168,2975,4,2012,0,1,43.4
3.4,335,3407,8,1985,3,1,22.2
1.4,153,2132,3,1980,2,0,44.7
1.5,114,2408,4,1974,1,2,43.2
2.5,214,2479,6,2004,2,1,40.3
1.8,183,3035,4,2008,1,1,42.9
3.1,315,2978,8,2021,2,2,33.7
1.6,183,2843,4,2003,1,0,44.1
3,293,3008,8,2006,3,2,31.5
1.7,131,2114,4,1999,2,2,47.5
1.7,186,2153,4,2004,0,1,48.7
3.6,255,2812,8,1986,1,1,29
2.1,133,2668,4,1975,2,2,40.5
3.3,316,2702,8,1982,0,2,30.3
1.8,138,2780,4,1999,2,0,44.3
3.1,273,3518,8,2016,1,0,32.4
1.7,132,2156,4,1989,3,0,46.1
3.3,290,3255,8,2015,1,2,33
3.7,309,3570,8,2013,3,1,29.2
3.8,394,3233,10,1988,1,1,20.2
1.5,130,2083,4,2012,3,1,51.9
1.7,133,2429,4,1975,3,2,40.7
2.7,190,3081,6,1999,2,0,36
1,127,2052,3,2018,0,1,54.6
1.3,174,2198,4,2005,1,0,49.6
1.6,116,2150,4,2002,2,1,49.2
3.2,299,2872,8,1976,3,0,25.1
2.9,340,3450,8,1976,2,2,23.4
4.3,399,3312,10,1999,1,0,21.9
3.2,278,3428,8,2008,2,0,28.7
4.3,384,3121,10,2004,0,2,23.8
1.5,129,2995,4,1981,1,1,42.8
3.1,267,3090,8,1984,2,1,27.5
3.4,281,2877,8,2017,1,1,35.5
2.2,184,2869,6,2004,3,1,39.8
3.6,262,2905,8,1989,2,1,29.8
1.4,155,2587,4,1981,3,1,42
2.8,204,2534,6,1978,1,0,37.2
1.7,149,2996,4,1977,2,1,40.1
1.7,115,2474,4,1977,3,0,43.9
2.6,196,2645,6,1972,1,2,34.1
1.3,186,2772,4,1971,1,0,38.2
1,144,1939,3,1985,0,1,48.2
3.5,273,3152,8,2019,0,0,32.4
1.5,178,2569,4,2016,1,2,49.5
1.8,181,2178,4,1981,2,0,42.4
3.8,383,3268,10,2006,2,2,22.6
2.2,181,2836,6,2018,0,0,44.3
3.7,289,3244,8,1974,1,0,22.7
1.4,187,2049,4,2011,1,2,51.4
4,407,3190,10,1994,1,1,22.4
1.5,151,2312,4,1994,2,2,46.2
3.3,337,3105,8,2008,1,2,30.3
1.5,147,2550,4,2008,2,2,47
2.4,262,2617,6,2009,2,2,39.2
1.9,152,2809,4,2017,0,0,46.3
1.8,197,2502,4,1979,0,2,41.3
3.1,340,2954,8,2002,3,0,28.9
2.2,186,2494,6,2021,3,2,46.2
1.8,160,2587,4,1970,0,1,39.9
2.1,112,2619,4,2002,3,1,45
1.5,135,2255,4,1996,0,0,47.2
1.9,157,2423,4,1975,0,2,43
2.2,246,2635,6,1997,3,1,36.7
1.7,191,2279,4,2006,2,0,45.9
3.6,294,3412,8,1992,3,2,27.8
3.3,264,2626,8,1990,2,2,30.9
3,313,2594,8,1988,2,2,29.3
1.8,143,3023,4,1997,1,1,44.2
1.8,138,2221,4,1987,3,0,46.1
3,255,2672,8,2018,0,0,38.4
1.5,144,2724,4,2004,2,2,48
5,439,3881,12,2002,3,1,11.7
1.3,172,2908,4,1989,0,0,41.6
1.9,193,2314,4,1974,0,0,40.5
1.9,151,2749,4,1990,1,2,42.3
1.7,200,2176,4,2005,3,1,45.3
3.7,312,2983,8,2000,0,1,30.9
3,337,3070,8,1988,1,0,28.2
4.6,398,2994,12,2006,3,0,20.5
1.1,115,2779,3,2021,1,2,53.3
1.6,141,2771,3,2008,2,0,46
3,294,2977,8,1996,0,1,30.1
3.1,315,3114,8,1978,2,1,26
1.6,166,2240,4,2023,3,0,50.9
3,282,2722,8,1985,2,1,28.9
3,269,2651,8,2015,0,0,36.6
4.3,373,3313,10,1970,0,1,15.3
2,124,2256,4,1996,2,2,48.6
1.4,125,2073,4,1999,3,2,49.1
1.6,139,2901,4,1971,2,2,40.3
1.6,110,2787,4,2006,0,0,47
3.6,322,2958,8,1979,1,2,26.4
1.5,189,2910,4,1970,0,1,37.3
3.4,324,2631,8,2003,1,1,32.4
1.8,155,2821,4,2001,1,2,42.9
1.6,118,2173,4,2002,2,0,47.5
3.5,262,2794,8,1999,3,0,32.6
1.8,181,2625,4,1998,2,1,44.5
1.4,116,2389,3,2008,3,1,50.2
1.9,162,2664,4,2017,1,1,46
1.9,123,2343,4,2023,2,2,50.6
2.6,261,2433,6,1973,1,2,34.4
1.5,153,2951,4,1991,2,1,43.6
5.2,457,4051,12,1980,0,0,9
1.8,193,2354,4,2021,2,1,47.1
3.8,341,2925,10,2004,2,0,27.1
5.1,437,3735,12,2021,3,1,17.2
2.8,192,3003,6,2021,1,1,41.3
3,257,2889,8,1990,2,1,31.2
1.8,143,2850,4,1970,1,2,40.5
2.1,155,2670,4,1992,1,2,43.1
3.6,292,3368,8,1989,3,2,25.7
1.6,181,2915,4,1993,3,1,41.7
1.9,130,3018,4,2023,3,2,49.1
2.1,142,2343,4,1983,1,0,43
3.4,275,3236,8,1992,1,2,28
2.1,113,2564,4,1979,2,0,40.9
3.3,273,2821,8,2002,2,2,32.3
1.8,189,2900,4,2015,3,1,45.2
3.3,316,2647,8,2024,3,0,35.4
2,171,3170,4,2023,3,1,46.1
1.4,163,2427,4,1976,3,1,42.4
2.9,211,2523,6,2018,2,0,41.5
2.7,236,3371,6,1978,3,1,28.6
1.6,124,2573,3,2019,1,2,52.5
2.2,266,3151,6,1981,1,0,29.7
1.4,125,2407,4,1976,1,2,44.8
4.1,383,3175,10,1984,2,0,18.3
1.8,184,2205,4,2015,2,1,47.9
1.4,155,2804,3,2003,3,1,45.5
5.2,433,4116,12,1990,0,0,9.7
3,294,2831,8,2007,0,0,34.3
4.4,388,3540,10,1975,2,1,16.7
1.4,131,2582,4,1986,1,2,44.9
2.3,233,2421,6,1986,1,2,38.4
3.3,282,3127,8,1975,3,2,24
3.3,270,2596,8,2010,3,1,36.5
1.9,187,2895,4,1981,3,0,35.9
1.9,161,2932,4,2018,2,0,43.9
1.2,99,2399,3,2017,3,0,53.6
3.1,273,3451,8,1990,3,0,25.2
2.2,237,2749,6,2014,1,2,42.3
3.4,337,3022,8,1980,2,2,24
1.6,75,2896,3,1985,2,2,44.9
2.1,218,2504,6,2016,2,0,44.4
2.1,181,2481,4,1977,1,2,40
1.5,107,2105,3,2024,3,2,56.9
2.5,212,3190,6,2024,0,1,40.6
1.6,169,2733,4,2000,2,0,43.8
5.2,402,4013,12,1984,1,2,11.9
3.3,336,2926,8,1982,0,2,25.1
5.2,416,3296,12,2018,2,2,20.8
1.8,123,2646,4,2004,3,1,46.4
4.9,413,3747,12,1979,3,2,9.5
4.8,410,3373,12,1988,3,0,14.8
1.6,126,2271,4,2007,1,1,49.8
3.7,286,3173,8,2022,2,1,33.9
1.8,143,3064,4,2005,0,0,44.7
2.7,237,3316,6,1974,3,2,30.1
1.4,149,2248,3,1995,1,2,48.3
2.5,191,2704,6,2017,3,1,42.5
2.2,241,3215,6,2011,1,1,36.7
1.5,129,2185,4,1988,2,0,46.1
1.4,139,2393,3,2004,0,2,49.5
4.1,340,2923,10,1988,1,1,22.6
3.6,260,2988,8,2006,1,1,34.5
1.7,195,2505,4,2016,2,0,44.8
1.9,163,2413,4,1988,1,0,41.6
4.6,434,3150,12,1973,0,2,13.8
2.9,303,2775,8,1986,3,1,28
1.7,172,2355,4,1979,3,2,42.4
2.6,187,3255,6,1994,3,0,34
5,469,3989,12,1990,1,2,10.3
2,168,3035,4,2023,1,1,46
1.4,139,2175,4,2012,3,2,49.8
1.8,155,3061,4,1985,2,0,40.8
1,154,2290,3,2020,0,0,52.4
1.5,182,2424,4,2017,1,2,47.7
3.8,363,3406,10,1972,0,0,17.8
2.1,203,2577,6,1996,0,0,39.2
5,395,3632,12,2021,0,1,22.3
1.4,174,2606,4,1971,3,0,40.2
4.7,433,3660,12,1974,2,1,10.9
1.9,125,3063,4,1986,3,2,39.2
1.2,88,2561,3,2015,0,0,51.2
1.8,167,2232,4,2018,0,2,49.2
1.6,93,2360,3,2018,3,0,52
2,179,2837,4,1995,0,0,42.1
4.3,404,3392,10,1982,2,1,17.6
4.3,384,3883,10,1982,3,2,13.4
1.7,135,2773,3,2009,3,2,48.2
5,397,3517,12,1988,2,2,15.8
1.5,161,2883,4,1997,0,0,42.6
1.6,98,2665,3,2018,0,1,52.4
4,349,3021,10,2017,3,0,26.3
4.1,333,3272,10,1996,1,0,24.4
3.5,273,2950,8,2005,3,1,30.8
5,475,3369,12,1996,2,2,13.6
1.3,76,2629,3,2002,0,0,50.4
2.9,256,3454,8,1983,1,1,26
3.4,270,2697,8,1971,1,0,28.9
2.9,304,3003,8,1995,2,2,31
1.4,191,2760,4,1994,1,2,42.9
1.2,157,2767,3,1974,0,1,42
1.4,153,2790,4,1979,0,2,43
3.1,289,3491,8,2008,0,2,30.7
1.6,155,2761,4,1992,2,0,43.8
3.9,339,3717,10,1979,0,0,19.9
2.3,231,2591,6,2005,3,1,39.5
4.2,336,3122,10,1986,2,0,23.2
2.4,269,2737,6,1988,3,1,32.4
1.4,80,2486,3,1981,2,1,45.1
2.6,230,2974,6,2010,2,2,39.9
4.5,322,3188,10,2019,3,0,28.7
3,281,3423,8,1984,1,2,27
3.2,311,3260,8,2003,0,0,29.2
4.8,410,3702,12,2013,0,2,19.4
4.1,369,3701,10,2003,3,1,20.6
3.5,319,3614,8,1990,3,2,24.5
1.7,185,2693,4,1987,3,1,39.3
1,148,2681,3,1981,1,1,44.9
1.3,125,2381,3,2024,2,1,53.7
2.3,269,3002,6,1996,3,1,35.5
1.8,182,2257,4,2000,3,0,45.9
2.6,217,2428,6,1988,3,0,37.8
2.1,119,3011,4,1993,1,1,41.9
2.9,279,3463,8,2006,2,1,31.2
1.3,80,2522,3,2012,0,0,53.7
1.7,183,2944,4,1988,2,1,39.7
2,118,2980,4,1979,2,2,41.3
1.5,181,2722,4,2005,3,1,45.8
5.3,459,4007,12,1974,1,0,9
3.6,315,3528,8,1979,0,1,22.5
1.5,135,2435,4,2002,2,2,46.8
1,147,2417,3,1978,2,2,45
2,123,3005,4,1989,2,0,42.5
5.1,398,3160,12,1981,2,1,13.7
2.6,216,3102,6,1992,0,2,36.5
1.7,156,2488,4,1977,3,0,41.8
2.3,194,2361,6,2008,2,0,41.7
2.1,250,2381,6,2020,3,2,42
1,124,2185,3,1970,2,2,46.1
1.1,124,1997,3,1979,0,0,46.4
2.3,250,2896,6,2005,0,2,39.3
1.6,180,2248,4,1982,1,1,43.2
1.1,97,2337,3,2017,2,1,55.5
4.7,396,3695,12,1971,2,0,12
2.8,231,3343,6,1992,1,0,34.2
5.1,477,3440,12,2006,2,1,14.9
1.5,164,2124,4,2001,3,0,47.9
1.8,177,2172,4,1976,0,1,42.4
3.7,268,3363,8,1990,3,2,27.5
1.5,163,2265,4,1999,3,1,46.4
2.9,190,2983,6,1992,2,1,34.2
1.9,174,2212,4,1987,1,1,45
1.9,149,2281,4,2001,1,0,46.6
2.9,267,2915,6,1989,0,1,33
3.3,272,3162,8,1990,1,0,27
2,170,2904,4,1982,1,0,37.3
1.4,122,2589,4,1989,3,2,44.2
4.4,333,3807,10,2024,3,0,23.6
1.5,93,2753,3,1985,3,2,44.8
2.5,229,3022,6,2012,0,0,38.4
1.5,163,2817,4,1987,2,1,42.8
4.7,402,3609,12,2002,0,2,19.3
3.4,315,2762,8,1983,3,0,25.8
2.1,243,2831,6,1986,0,2,35.4
5,440,3890,12,1981,2,1,9
3,267,2923,8,1975,2,2,29.8
2.6,252,2591,6,1991,0,1,35.4
3.1,282,3463,8,1998,2,1,28.3
4,401,3233,10,2019,2,0,25.8
1.3,126,2694,3,2021,3,1,50.9
3.5,257,3530,8,1986,0,1,26
1.6,142,2192,4,1971,3,2,41.1
2.4,222,2914,6,1973,3,0,30.7
4.3,365,3101,10,1990,2,2,21
1.6,195,2311,4,2000,2,1,44.7
1.7,89,2216,3,2006,2,2,50.5
2.7,233,2828,6,1999,0,2,38.9
2.4,184,2643,6,1996,0,2,39.8
3.1,309,3384,8,1990,2,2,25.7
2,184,2264,4,2009,1,0,46
2.1,148,2548,4,2020,1,1,50.3
4.4,363,3389,10,1982,0,2,19.3
1.3,194,2617,4,1983,2,0,39.9
1.9,139,2965,4,1980,2,2,39.5
3.2,309,3290,8,2024,2,0,32.4
3.3,333,3357,8,2009,2,0,29.7
1.8,110,2506,4,1998,2,0,47.9
1.2,100,2489,3,2001,0,1,51.3
1.4,190,2390,4,1982,2,2,41.6
1.6,116,2966,4,1979,1,0,39.6
1.8,182,2965,4,1994,0,2,41.2
3.2,267,3295,8,1994,0,2,29.3
2.2,252,2386,6,1971,2,1,35.9
2,161,3189,4,1992,3,0,39
1.9,194,3034,4,1982,0,2,36.6
1.4,143,2501,4,2000,3,2,46.6
1.5,175,2107,4,1973,3,2,41.1
4,323,3726,10,1994,2,1,21.8
1.7,132,2567,4,2000,0,0,44.7
2,149,3060,4,1976,1,2,39.8
3,312,2995,8,1984,2,2,29.2
2.6,181,2615,6,2000,2,0,40.5
1.8,200,3047,4,2013,3,0,42.7
2.5,215,2737,6,1997,1,1,37.6
2.5,186,2434,6,2014,0,2,45
1.7,126,2229,4,1995,1,1,48.9
3.7,289,3550,8,1993,3,0,23.5
1.7,150,2325,4,1982,3,0,42.4
1.4,199,2961,4,2011,0,1,42.9
1.8,167,2534,4,2006,3,0,46.3
1.4,159,2603,4,2016,0,2,48.6
4.6,423,3802,12,2024,2,1,18.3
1.5,144,2949,4,1993,3,0,40.2
2.3,213,2727,6,2008,0,0,39.6
2,165,2996,4,1987,0,2,39.6
3.7,365,3279,10,2004,1,2,24.9
1.4,191,2736,4,2007,1,2,47.1
1.5,147,2673,4,2016,2,0,47.5
2.1,184,2709,4,1990,3,2,41.8
1.3,98,2673,3,2004,2,2,49.1
1.9,174,2470,4,2007,1,0,44.6
3.7,302,2937,8,1971,3,2,23.7
2.3,210,2615,6,2023,2,0,45.4
5,429,3895,12,2003,0,2,14.9
2.2,225,2607,6,2011,0,1,42.2
1.4,119,2092,4,2023,2,0,52.7
4.6,396,3749,12,2013,3,2,18.4
2,141,2495,4,2023,0,2,49.3
3.1,334,3144,8,1987,0,0,26.7
1.9,153,3147,4,1990,2,0,37.9
4.5,449,3901,12,1991,3,2,10.3
1.5,113,2994,3,2001,2,1,45
2.6,217,3050,6,1971,1,1,30.2
4.1,410,3649,10,1992,2,0,15.8
3.5,308,3154,8,1985,1,0,26.8
1.7,174,2876,4,2011,0,2,44.2
3.9,378,3081,10,2015,2,2,28.5
5.2,463,3716,12,2009,2,2,16.2
3.8,365,2911,10,1988,0,1,23.7
1.4,158,2257,3,1974,0,0,44.8
2.3,213,2435,6,1983,1,1,36.6
2.1,177,2750,4,1976,3,0,37.1
3,325,3417,8,1972,2,1,21.9
2,145,3034,4,2017,0,0,45
2.8,244,2954,6,2003,0,0,37.2
1.9,163,2291,4,1988,1,1,43.2
2.1,188,2382,4,1974,3,2,38.8
2.2,220,2725,6,2009,0,1,39.7
1.3,159,2918,3,1979,0,2,40.1
1.9,193,2794,4,1973,0,2,37
1.6,113,2388,4,2011,1,0,51.5
1.9,137,2983,4,1975,2,0,39.7
3.2,338,2573,8,2017,1,1,34.5
4.3,382,3031,10,1979,1,0,20
1.6,155,2346,4,1992,3,2,44.8
1.7,132,2379,4,1981,3,2,45
2.6,195,3139,6,1973,0,0,33.2
2.3,246,2667,6,1999,0,1,37.7
1.7,170,3036,4,1984,3,2,37.4
2.7,242,3410,6,1993,1,1,31.7
1.7,171,2462,4,1981,1,1,42
2.6,237,2469,6,1984,2,0,34.1
3.3,276,3524,8,1991,3,1,26.4
1,151,2179,3,2001,2,2,51.4
1.5,143,3000,4,2003,1,0,43.2
1.7,148,2178,4,1981,3,2,43.2
5,439,3200,12,2017,0,2,20.6
1.7,162,2980,3,1985,1,1,41.2
1.9,195,2614,4,1996,2,2,43.3
1.5,189,2173,4,1997,3,2,47
2,167,2441,4,2015,2,2,46.8
1.1,104,2734,3,1984,2,0,43.8
2.3,229,3290,6,1991,3,1,32.4
1.5,82,2330,3,1992,0,2,50.5
3.3,313,3349,8,2002,3,0,28.7
3.1,272,3139,8,1986,0,0,27.5
5.2,392,3635,12,2011,2,1,17.8
3.7,408,3560,10,1987,2,1,16.3
1.6,159,2538,4,1990,1,2,45.2
3.1,300,3456,8,2024,1,2,32
1.6,179,2742,4,1990,3,2,41.9
1.8,175,2297,4,2018,3,0,47.3
1.7,165,2438,4,1994,1,2,44.4
2.5,239,3286,6,2002,3,2,34.3
1.7,120,2663,4,2002,1,2,48.8
2.8,269,2709,6,1970,1,1,32.2
3.4,309,3443,8,2001,0,2,29.6
2.3,251,2886,6,2016,2,0,39.9
4.5,348,3379,10,2009,3,2,22.8
2.7,188,2908,6,1992,1,2,38.2
2.5,265,2616,6,2010,3,0,36.8
2.8,215,2771,6,1992,3,0,35.7
5.2,413,3836,12,1988,2,0,10.9
1.6,120,2266,4,1975,3,2,45.4
2.2,202,2896,6,2004,0,1,41.1
4.9,426,3341,12,1990,0,1,15.6
3.5,327,3621,8,1973,2,1,19.9
1.7,98,2755,3,2007,2,1,48.6
1.6,170,2593,4,2009,3,2,46.5
1.8,198,2826,4,2009,0,1,43.7
4.4,409,3127,10,2008,2,2,22
1.5,144,2105,3,1985,0,1,47.6
2.5,211,2571,6,1978,1,1,35.2
3.7,337,2718,10,2006,3,2,29.3
2.1,166,2471,4,1973,3,0,40.2
4.3,378,3084,10,2010,3,2,24.1
3.1,261,2886,8,1978,0,0,29.7
1.4,147,2149,4,2020,3,2,51.2
3.2,275,2710,8,1981,0,0,30.4
1.7,166,2817,4,2016,2,2,46
1.7,170,2147,4,2019,0,1,52.3
3.3,270,3293,8,2022,0,1,33.4
2.7,261,3049,6,1993,3,2,33.7
2,165,2405,4,1990,2,1,42.3
5.2,426,3342,12,1994,0,2,16.3
4.6,440,3949,12,2001,2,2,13
1,138,2744,3,2003,1,2,47.1
1.6,114,2781,4,1998,1,1,45.4
2.7,226,2676,6,1975,3,2,32.3
3.5,262,3571,8,1973,3,2,23
2.6,215,3253,6,2018,3,0,38.2
5,470,4088,12,2024,2,0,14.1
4.5,404,3340,12,2003,0,1,19.4
3.8,326,3416,10,1972,0,2,19.9
3.4,304,3067,8,2014,2,0,30.3
2.3,256,2303,6,2006,2,2,41.8
1.4,113,2670,4,1989,2,2,47
4.3,321,3472,10,2016,0,2,26.1
2.2,256,2436,6,2020,3,1,42.1
2.3,269,2931,6,2001,3,1,35.4
1.8,141,2146,4,2021,0,2,53
1.5,168,2788,4,2003,2,2,43.6
3.1,273,3461,8,2002,2,1,28.7
2.3,184,2722,6,2016,1,0,43.7
1.4,115,2298,4,2008,2,1,50.6
1.5,146,2714,4,2018,3,2,48.2
2.5,227,2621,6,1976,2,1,34.1
1.6,181,2426,4,2001,1,0,45.5
2.7,200,3318,6,2022,0,2,40.9
1.7,166,2474,4,2016,2,1,48.2
1.3,93,2349,3,1983,2,2,49.1
4.1,379,3606,10,1971,2,0,13.8
1.2,145,2734,3,1979,3,2,43.4
4.4,351,3245,10,1994,1,2,21.5
1.5,174,2200,4,2005,0,1,49.8
1.4,188,2798,4,2012,3,0,42.9
1.6,160,2429,3,2013,2,0,48.5
1.3,114,2604,3,1984,0,1,46
3.5,339,2883,8,1978,2,1,23.8
1.8,143,2511,4,1989,2,2,44
2.6,240,3162,6,1993,0,0,34
1.7,136,2294,4,1977,0,1,43.6
1.4,193,2867,4,1979,3,1,37.4
3.5,335,3154,8,1976,3,2,24.1
3.6,316,2931,8,1972,1,0,23.2
3.5,289,2811,8,1980,1,2,28.2
1.8,133,2242,4,1987,1,2,46.1
3,256,2900,8,1974,2,1,27.6
2.5,214,2748,6,2002,3,2,37.1
1.9,154,2841,4,1993,1,0,41.5
2,147,2732,4,2016,2,2,49.1
1.3,150,2374,3,1999,3,0,48.5
1.6,124,2956,4,2004,0,2,45.6
2.4,192,2518,6,1996,1,1,40.2
1.5,163,2973,4,2007,0,2,46.9
3.9,398,3283,10,1987,2,1,21.2
3.2,322,2796,8,1986,1,2,29.3
1.7,185,3010,4,2012,0,2,45.1
3.1,253,3048,8,2005,1,0,35
2,119,2974,4,2014,3,2,45.5
2,164,2974,4,2023,1,1,47.8
1.6,152,2383,4,2023,0,0,52.4
2.8,181,2458,6,2003,1,1,43.5
4.2,389,2895,10,2015,3,1,26.3
1.2,106,2523,3,2002,1,0,48.6
2.3,213,3172,6,1973,3,0,31.5
1,160,2752,3,2007,0,1,46.6
2.1,134,2669,4,1985,1,2,42.3
2.1,206,2623,6,2020,2,1,43.2
2.8,224,3201,6,1990,3,0,33.7
3.4,258,3200,8,1976,3,0,27.2
1.7,189,3090,4,1973,1,1,35.4
2.1,251,2326,6,2002,0,2,41.5
3.4,297,3227,8,1992,0,2,27.1
5.2,417,3486,12,1977,2,1,9.9
1.4,102,2104,3,1993,3,2,51.4
2.6,226,2706,6,1979,3,0,34.9
4.4,347,3422,10,1979,3,2,19.3
2.8,232,2509,6,1979,1,1,34.5
1.5,142,2362,4,1983,1,2,44.7
4.1,324,2955,10,1987,3,1,22.9
2.8,236,2463,6,1976,3,2,33
1.5,126,2656,4,1982,0,1,43
1.5,114,2410,3,2012,3,1,51.1
3.5,296,2842,8,1986,2,0,29.5
2.8,197,2743,6,2017,0,1,41.2
2.6,191,3215,6,1974,3,2,31.8
2.9,325,3398,8,1999,1,1,29.4
1.1,101,2567,3,1984,2,2,48
3.4,265,3259,8,2006,0,2,31.1
1.4,137,2961,4,1981,2,2,41.1
2.4,246,2578,6,1994,0,0,38.1
2.8,183,3238,6,1988,0,1,35.2
1.6,196,3049,4,2022,1,1,46.7
1.6,124,2498,4,1994,3,2,44.8
4.5,355,3945,10,1974,3,1,13.1
2.8,240,3146,6,2019,2,2,38.1
4.2,398,3849,10,1981,3,2,13.1
2.8,190,3081,6,2021,3,0,40
1.7,142,2983,4,1993,2,2,44.2
4.4,327,3811,10,1972,3,2,14.5
1.7,194,2974,4,2009,2,0,43.7
1.7,145,2712,4,2009,0,2,46.6
1.5,78,2824,3,1982,3,0,43.3
4.4,329,3736,10,1972,1,0,17.2
1.1,107,2122,3,1995,2,0,49.3
2,160,2847,4,1978,3,2,37.7
2.9,196,3286,6,2015,2,1,37.2
5.2,478,3939,12,1993,1,0,9
2.4,185,2333,6,2009,1,1,44.5
3.4,253,3018,8,2003,0,1,33.6
2.3,239,2540,6,1977,3,2,33.6
1.8,144,2727,4,1988,2,0,40.6
4.2,400,3039,10,1999,0,0,22.5
3.4,337,2883,8,2008,2,0,31.9
2.2,270,2293,6,2014,2,2,42.8
1.3,132,2348,3,1982,3,0,45.7
4.7,397,3770,12,2016,3,1,17.6
2.5,200,2466,6,1997,1,0,40.4
2.4,262,3272,6,1975,2,1,28.9
2.3,238,3241,6,2015,2,2,36.6
2,134,2530,4,2003,0,2,48.2
1.7,198,2684,4,2019,3,0,45.8
3.3,321,3552,8,1985,3,1,24.4
3.5,290,2901,8,1971,3,1,24.9
1.3,147,2232,3,2000,1,2,48.5
1.9,126,2825,4,1987,1,0,43.7
3.2,261,2702,8,1987,3,0,28.9
1.4,159,2879,4,2000,3,2,45.1
3.4,297,2755,8,2000,0,2,30.8
2.7,222,2739,6,2017,3,1,40.6
1.6,147,2394,4,1997,2,0,46
4,354,3238,10,1980,0,1,19.5
2.2,248,2735,6,2006,2,0,38.9
3.1,253,3523,8,2017,1,2,33.3
2.3,235,2737,6,1971,0,1,34.8
1.3,195,2508,4,2021,0,2,51.1
4.6,394,3325,12,2010,2,0,19.8
1.5,182,2230,4,1974,0,0,42.6
1.4,79,2054,3,2002,2,1,51.3
4.9,475,3557,12,1975,3,0,9
2.5,197,2634,6,2010,3,1,39.6
3.8,349,3378,10,1982,3,1,21.1
5,441,3335,12,1995,3,1,13.4
3.2,293,2733,8,1972,1,1,26.5
2.5,221,2456,6,2022,0,0,45.1
1.8,190,3058,4,2013,2,1,42.4
3.6,293,3621,8,1982,3,2,21.9
2.1,252,2643,6,1991,2,1,38
5,439,3804,12,1975,1,2,9
3.3,332,3355,8,2021,3,0,31.3
1.9,113,2842,4,2004,1,2,45.5
4.4,366,2960,10,2000,1,2,25.7
2,138,2278,4,1977,0,1,42.9
3.2,280,3416,8,1972,2,0,25.1
1.3,119,2813,4,1992,3,0,42.9
1.3,134,2756,4,1992,1,1,45.2
1.6,123,2357,3,2000,1,1,47.7
3,309,2832,8,2010,0,0,32.9
1.6,164,2718,3,1996,3,1,43.8
3.7,328,2737,8,1987,3,0,27.1
4.4,386,3616,10,1994,0,0,20.4
4.2,337,2905,10,1978,1,0,22.9
1.8,138,2540,4,2020,3,0,48.8
1.5,164,2369,3,2004,2,0,47.3
4.4,325,2935,10,2004,3,2,25.9
1.6,183,3014,4,1984,0,1,40.8
3.4,317,3247,8,2003,0,1,30.1
2.7,228,2913,6,1976,3,0,32.6
1.9,161,2258,4,2012,2,1,48.4
3.1,328,3357,8,1978,2,1,23.6
2.6,225,3001,6,1984,0,2,35.7
2.4,238,2947,6,1987,3,1,32.1
2.2,193,2735,6,1975,3,2,35.3
5.2,460,3904,12,1977,3,1,9
1.4,113,2227,4,2020,3,1,54
1.4,129,2171,3,2010,1,0,52.7
2.9,218,3460,6,1986,3,1,31.7
3.5,299,2680,8,1997,1,1,29.9
3.2,265,2882,8,2001,3,2,34.4
3.5,299,2711,8,1975,1,0,27.6
1,81,2828,3,2006,2,2,50.5
1.6,118,2835,4,2015,0,2,48.6
2.2,189,3043,6,2000,1,0,38.3
2,174,2985,4,2008,2,0,42.4
1.6,117,2972,4,1995,3,1,43.3
2.5,187,2671,6,2011,2,2,43.5
4.8,415,3988,12,2017,2,0,16.7
2.4,191,2383,6,1974,2,0,35.1
2.6,192,2801,6,2017,1,1,41.9
3.4,304,2753,8,1983,0,2,30
4.7,478,3123,12,2004,0,2,16.3
1.4,136,2763,4,2017,3,0,48.2
1.5,148,2926,4,1982,1,1,39.6
1.7,120,2605,4,1982,1,2,45
2.9,258,2881,6,2011,0,2,37.4
5,457,4043,12,1970,1,0,9
1,94,2304,3,1992,2,0,49.3
1.7,127,3075,4,1994,0,1,44.7
2.9,283,2626,8,2008,1,1,35.1
5.2,460,3310,12,1993,1,0,12
4.4,339,2987,10,1996,1,1,23.3
2.7,224,3093,6,2000,1,1,34.7
4,364,3549,10,2013,3,2,22.8
3,277,2757,8,2010,3,2,35.5
3.4,251,3296,8,1995,3,2,27.8
3.9,327,3033,10,2012,2,2,29.3
2.1,234,2915,6,1987,2,0,33.9
1.7,158,2316,4,1980,3,1,40.7
4.5,392,3242,10,2007,3,2,22.4
4.8,478,3148,12,1970,2,1,11.4
2.1,251,2499,6,1972,3,1,35.2
1.1,133,2085,3,1985,1,2,50.1
1.5,152,2666,4,1989,2,1,42.6
2,160,2360,4,1975,2,2,41.1
1.6,137,2409,4,2000,3,0,46.2
5.2,469,3306,12,2008,3,0,14.1
4.4,400,3454,10,2011,3,0,20.6
2,119,2419,4,2004,0,0,48.9
1.6,179,2590,4,1976,0,2,40.3
4,374,2814,10,2012,2,2,27.5
1.7,193,2597,4,1989,3,0,41.8
2,157,2788,4,2008,0,1,46.4
4,363,3769,10,2016,3,0,22.6
1.5,161,3031,4,1978,2,1,38.6
3.3,332,3105,8,1970,2,2,21.9
1.9,164,2660,4,2005,2,2,44.3
1.5,151,2140,4,1981,1,1,46.7
2.9,235,2716,6,1977,1,0,33.6
4.1,400,3656,10,1997,3,2,20.3
2.6,227,2534,6,2016,2,0,39.9
1.8,157,2432,4,1995,3,2,43.1
1.9,120,2198,4,1996,0,2,49.8
1.4,153,2343,4,1987,0,2,45.1
5.3,419,3922,12,1995,2,1,11.7
4.2,361,3556,10,2007,1,2,23.1
4.9,400,3097,12,2024,0,0,24.4
1.5,136,2275,4,1981,2,2,44.1
2.2,259,2353,6,1970,0,0,33.1
2.9,320,3236,8,1987,2,0,26.6
2.6,214,3162,6,2000,1,0,34.6
1.8,124,2253,4,1993,1,2,48.5
4.7,448,3106,12,1978,0,0,15.3
2.3,259,3200,6,1995,1,1,35.2
1.5,152,2148,3,2018,0,2,52
3.2,309,3518,8,1995,0,0,25.5
1.6,129,2362,4,2003,3,1,47.9
1.7,173,2520,4,2014,2,1,48.3
1.5,149,2545,4,1971,0,0,42.3
3.7,285,3566,8,1974,0,2,21.7
3.2,293,3298,8,2003,1,0,28.7
3.5,313,2836,8,2010,1,1,33.6
4.1,374,3550,10,2019,0,0,25.1
1.3,128,2107,3,2020,0,0,53.1
2.8,203,3011,6,1982,2,0,33.4
1.4,175,2712,4,2008,1,0,45.7
1.9,121,2524,4,2013,3,2,50.4
1.1,163,2274,3,2015,2,0,52.2
4.2,322,3521,10,2019,1,0,25.2
2.8,235,3432,6,2004,1,2,33.1
3.4,335,3477,8,2005,0,2,26.7
1.9,133,2709,4,1973,0,0,39.8
4.6,450,3800,12,2024,0,0,19.2
1.1,116,1936,3,2008,1,1,55.9
1.9,136,3029,4,1985,0,2,42.7
1.7,85,3045,3,1996,0,2,45.7
5,428,3156,12,2014,2,2,21.3
1.4,160,2759,4,1996,2,2,44.7
3.7,331,3503,8,1984,2,2,22.2
2.7,186,3031,6,1990,3,1,34.9
1.7,140,2344,3,2013,2,2,49.1
2,163,2304,4,2008,1,2,47.7
1.8,173,2415,4,2013,2,0,47.4
1.3,171,2111,4,2003,1,1,47.4
3.6,252,2817,8,2022,1,1,37.7
1,75,1984,3,1992,1,0,51.1
2.1,129,3208,4,1982,1,0,37.4
2.8,253,2900,6,1998,1,0,34.3
2.3,201,2940,6,2024,3,0,41.5
2.4,223,2701,6,1999,2,0,39.2
2.1,180,3023,6,1991,2,1,38.1
2,123,2332,4,2010,0,2,50.5
2.1,178,2905,4,1999,1,2,42.5
5.1,428,3207,12,2008,2,2,19.9
1.5,127,2597,3,1978,0,0,44.3
2,147,2305,4,1976,1,1,43.4
1.9,111,2525,4,1987,0,2,45.3
1.6,166,2423,4,1987,3,0,41.8
3.1,329,2853,8,1979,1,1,27.6
4.7,391,3965,12,1988,3,0,12.1
3.1,281,3253,8,1982,2,0,27.4
1.4,78,2561,3,1980,0,1,46.1
3.4,285,2834,8,1992,2,2,29
2.1,185,2888,4,1970,3,2,36.2
3.7,316,3677,8,2019,2,0,28.7
1.6,129,3055,4,2006,2,0,43.5
2.3,254,2395,6,1974,2,0,35
2.2,195,2820,6,1994,3,0,38.9
3.6,304,2812,8,2005,0,0,32.8
1.1,83,2435,3,2019,1,2,54.9
1.8,122,2243,4,2009,1,1,50
2.5,255,2392,6,2003,1,1,41.3
3.1,255,2787,8,2023,2,2,38.3
1.6,128,2533,4,2018,3,1,49.2
2.8,209,2639,6,2003,0,0,38.5
3.2,276,3113,8,1997,3,0,30.4
3.7,410,3508,10,1985,2,2,16.4
1.6,182,2605,4,1988,0,1,42.8
2.2,196,2549,6,2006,0,0,41.3
2.5,249,2414,6,1989,1,1,37.4
5.2,396,3467,12,1990,3,1,12.9
2.5,263,3301,6,1978,1,2,29.1
1.6,198,2119,4,1980,1,1,42.3
3.1,311,3241,8,2017,1,2,33
2.3,209,3199,6,1972,1,1,32.6
2.8,224,3042,6,2001,1,1,37.3
1.1,135,2343,3,2008,3,0,51.4
5.2,421,3425,12,2021,1,2,19.7
2.2,236,2585,6,2021,1,2,42.3
3,311,2801,8,2023,3,0,34.3
2.6,238,3163,6,1987,0,2,33.7
3,261,2625,8,2000,2,2,36.2
3.9,334,3393,10,2002,2,0,24.9
1.4,93,2631,3,2016,3,0,51.2
1,80,2119,3,1991,1,2,53.2
5,393,3482,12,2016,1,2,21.7
5.2,408,3261,12,1977,2,0,12.1
5.3,470,3852,12,2008,0,1,13.1
3.2,251,3021,8,1986,0,0,30.9
2.9,276,2570,8,2001,0,0,34.1
3.4,296,2893,8,2012,1,2,34.9
1.8,129,2911,4,2002,2,1,44.5
2.5,183,2996,6,2005,3,0,38.8
5.1,444,3146,12,2001,1,2,17.3
1,108,2834,3,1989,0,1,47.9
2.3,251,2970,6,1978,0,2,34.2
2.9,316,2553,8,2012,3,1,36.2
2.7,257,3183,6,2004,1,1,35.2
3.6,258,3052,8,1990,2,1,28.8
2.6,186,2436,6,2016,0,2,43.5
4.8,436,3127,12,2021,0,1,22.6
4,341,3020,10,2016,3,2,29.8
1.7,157,2112,4,1976,2,0,41.3
3.3,258,3352,8,1977,1,2,28.1
4.2,328,3215,10,1990,2,1,24.2
4.6,415,3081,12,2001,3,2,19.6
2.3,236,2499,6,2018,3,2,41.2
1.1,97,2783,3,2009,0,0,51.5
4.8,453,3660,12,1980,0,2,11.6
1.6,111,2081,4,1977,2,1,44.7
4.3,340,3657,10,2000,3,1,20.7
1.8,196,2224,4,1986,3,1,42.7
4.8,420,3317,12,2021,0,2,23.4
4.3,341,3388,10,1984,3,1,19.7
3.1,284,2650,8,2012,1,1,36.1
1,99,2654,3,2010,0,0,51
1,150,2349,3,1989,3,2,48.2
2.9,326,2507,8,1973,3,2,29.1
1.2,85,2849,3,2000,2,0,49.6
3.1,309,2796,8,1982,0,0,27
3.1,274,3311,8,1980,2,0,26.5
4.3,379,3413,10,2022,3,1,25.6
2,183,2524,4,2018,2,0,48.1
2.2,268,2677,6,2023,0,0,42.5
2,198,2440,4,2014,1,0,45.4
2.8,185,2756,6,1972,3,2,35.3
1.8,173,2776,4,1979,0,2,39.1
3,309,2723,8,2012,3,0,34.4
2.2,227,3115,6,2000,0,0,36.3
1.4,159,2416,4,1996,3,0,44.3
1.3,157,2112,3,1973,0,0,43.2
1.4,139,2760,4,1994,0,1,43.7
1.6,188,2194,4,2001,3,1,46.1
2.9,204,3154,6,2010,3,1,35.7
1.7,155,2385,4,1980,3,1,43.5
1.5,159,2958,4,1991,2,0,42.8
4.3,340,3059,10,2023,2,0,29.6
1.5,177,2482,4,2006,0,0,47.2
3.8,397,3218,10,2003,3,1,21.5
3.4,269,3051,8,1995,3,0,28.9
1.9,126,2684,4,2022,0,1,49.2
3.5,316,3569,8,1982,0,1,22.3
3.2,318,2980,8,1982,3,2,25
3.4,313,2622,8,1999,0,0,30.5
1.4,191,2389,4,1987,2,0,43.4
3.5,308,2802,8,1996,0,2,29.8
1.4,133,2715,4,2000,3,1,43.9
5.2,394,3929,12,2012,0,2,18.5
1.9,138,2458,4,2001,0,2,45.6
4.7,457,3477,12,1994,3,1,12.9
1.7,116,2905,4,1984,0,0,41.1
1.5,150,2841,4,1998,1,1,44.3
2.6,268,2995,6,1979,3,2,31.3
2.4,256,2619,6,2000,2,2,39.7
2.1,148,3112,4,1975,2,1,35.8
1.5,93,3047,3,2002,3,0,47.3
5.3,468,3919,12,1970,1,0,9
1.8,112,2368,4,1994,3,0,44.4
2.1,177,2839,4,1977,3,2,38.2
1.1,96,2267,3,2006,3,2,52.2
1.8,173,2669,4,2022,1,2,47.2
3.3,300,2776,8,1974,2,0,27.1
1.5,181,2268,4,1992,1,2,46
2.9,242,2959,6,2002,1,0,36.9
2.3,268,2643,6,1992,0,1,35.1
4.1,375,2834,10,2012,3,2,27.8
2.9,322,2582,8,2022,2,2,38.5
1.7,171,2484,4,1997,1,0,45.6
1.3,165,2117,3,2016,1,1,51
1.8,172,3135,4,2024,3,2,45.6
1,108,2693,3,2013,3,1,52.5
1.7,111,2175,4,2020,2,0,51.3
1.6,126,3040,4,2012,3,1,44.7
1.4,159,2865,4,1992,0,2,44.8
2.4,269,2471,6,2023,1,1,41.6
3.4,300,3162,8,2013,3,1,31.2
2.8,195,3114,6,2000,3,1,36.8
1,134,2763,3,1999,2,2,46.2
4.8,401,3587,12,1987,1,2,16.1
3,320,2663,8,1988,3,0,30.2
1.8,160,2646,4,2023,3,2,48.3
1.1,93,2681,3,1993,3,0,46
3,337,3448,8,1999,1,0,27.2
1.8,158,2568,4,1972,1,0,39.7
1.4,188,2862,4,1989,2,0,41
2.1,132,3100,4,1988,3,1,41.4
1.3,182,2460,4,1982,2,1,42.5
1.6,171,2091,4,2019,0,0,52.6
3.7,251,2783,8,2017,1,2,37.4
1.6,161,2492,4,2017,2,2,47.7
2.6,259,2450,6,1998,0,2,37.7
1.8,183,2255,4,1984,2,2,42.1
2.1,129,3190,4,2020,2,0,44.3
1.1,106,2704,3,2008,0,2,52.1
1.7,139,3072,4,1972,0,0,38
3.1,265,3430,8,1972,0,2,26.8
1.4,156,2022,4,1972,0,2,45.7
4.9,476,3383,12,1975,2,0,9
3.7,334,2766,10,2018,2,1,29.6
3.1,287,3364,8,2005,3,2,28.9
1.1,138,2340,3,2005,0,1,52.1
1.4,96,2905,3,1994,3,1,44
1.4,132,2293,4,2001,3,2,49.9
1.8,184,2150,4,1990,0,1,46.4
3.1,330,2795,8,2009,0,0,31.2
2.4,214,2638,6,1986,2,2,37.9
1.6,139,2146,4,2016,0,2,53.5
3,282,3416,8,1991,3,1,26.6
1.7,184,2753,4,2009,3,2,44
1.8,159,2230,4,1998,3,0,47
2,160,3165,4,2019,3,2,43.2
1.5,167,3011,4,1975,3,1,38.1
2.3,213,2734,6,2016,2,0,40.4
2.8,244,2655,6,1977,3,0,30.5
3.1,313,2822,8,2003,1,2,33.3
2.2,259,3099,6,1996,0,2,35
1.3,161,2165,4,2005,1,2,49.3
4,385,2910,10,1994,1,1,22.7
2.7,196,2915,6,2007,2,1,39
4.8,477,3439,12,1989,2,2,12.1
1.8,129,2558,4,1994,1,0,43.6
1.7,184,2234,4,2007,0,2,46.7
2.7,227,3166,6,1993,0,1,35.4
1.6,159,2393,4,2014,2,1,48.4
2.6,255,2840,6,2017,0,1,39.6
2.2,200,3006,6,2013,2,2,42.4
2.2,234,2956,6,1980,0,1,34.9
1.9,139,2606,4,1990,2,2,44.4
2.1,155,2419,4,2021,0,0,50.7
3.9,354,2979,10,1970,1,0,19.2
1.6,164,2878,3,2016,2,1,47.2
4.4,407,3056,10,2005,0,1,22.1
1.5,120,2735,3,2012,2,2,49.7
3.7,303,2930,8,1990,3,1,28.8
1.9,166,2804,4,1997,2,2,41.5
1.6,165,2369,4,2010,2,1,49.6
1,88,2784,3,1979,0,2,45.8
4.3,382,3686,10,2016,3,1,23.3
1.8,175,2725,4,2021,3,0,46.1
2.7,245,2694,6,1987,1,1,36.7
1,136,2021,3,1977,0,0,48
4.8,470,3044,12,2021,0,2,21.3
4.4,377,3499,10,1998,2,1,20.4
1.6,172,2407,4,1986,3,1,43.5
2.1,192,2989,4,2024,3,2,46
2,155,3098,4,1983,3,1,39.8
1.4,114,2725,4,2005,0,1,48.2
3.4,320,3323,8,2022,1,0,30.2
2,126,2219,4,1993,2,0,46.7
2.1,195,2231,4,1993,0,0,45.2
1.4,133,2505,4,1995,0,1,47.1
3.4,272,2723,8,1972,1,0,26.9
4.7,445,3301,12,2024,0,2,22.4
1.6,195,2622,4,2022,2,2,48.2
1.8,111,2773,4,1979,2,1,42.6
3.4,296,3553,8,1976,3,2,21.1
3,258,2753,8,2009,3,2,36.7
2,113,2523,4,1998,0,2,46.2
2,193,2832,4,1988,2,2,40.9
2.3,234,3230,6,1975,1,2,30.4
1.7,183,2989,4,2011,2,1,43.3
1.8,198,2699,4,1991,1,2,41.7
1.8,157,2470,4,2001,2,0,44.9
1.9,174,3097,4,1975,0,0,35.3
2.2,220,2552,6,1985,3,1,36.4
3.6,289,3672,8,1999,2,2,25.2
3.2,304,3344,8,2022,0,1,34.3
2.4,220,3262,6,1977,1,1,32.4
1.6,126,2186,3,2023,3,0,54.1
1.9,159,2740,4,1992,3,1,43.3
1.3,165,2875,4,2016,1,2,46.8
5.3,422,4142,12,2003,3,1,13.3
2.6,232,3122,6,1998,3,0,34.3
1.8,128,2144,4,2006,1,1,49.8
1.6,192,2419,4,1990,1,1,45
3.3,339,3284,8,1977,0,1,22.3
2.4,254,2434,6,2008,0,1,39.9
2,155,2581,4,1978,1,0,41.2
5.1,403,4122,12,1997,1,0,14.2
1.6,114,2439,4,1972,3,1,43.8
2.7,240,2494,6,1995,0,0,37.9
2.9,228,2484,6,1976,3,2,33.6
3.8,409,3291,10,1995,0,0,21.7
3.6,303,3327,8,2018,2,2,33.2
2.5,219,3251,6,2014,2,0,37
3,335,3458,8,2005,0,0,27.6
1.7,193,2379,4,2015,0,2,47.7
1.4,102,2237,3,2008,0,0,54.1
4.5,405,3812,10,2010,3,2,18
2.7,263,2856,6,2006,3,2,35.1
1.7,134,2921,4,1992,2,1,41.6
3.3,308,3529,8,2006,0,1,30.2
1.4,169,2556,4,2023,1,1,48.3
2.9,257,3080,6,2000,0,1,33.5
3.4,268,2927,8,2006,3,0,33.1
4.9,455,3440,12,1992,1,1,14.4
1.1,122,2291,3,1970,1,1,46.3
1.7,140,2751,3,2005,0,2,46.3
2.3,246,2859,6,1990,3,1,33.9
1.5,153,2325,4,2021,0,2,53
1.9,112,2595,4,2000,3,2,46
1.3,133,2266,4,1971,1,1,45.2
1.3,182,2223,4,1992,1,1,44.4
2.6,266,2897,6,1982,0,2,32.3
1.9,122,2806,4,2005,3,2,46.6
3.9,377,3091,10,2009,0,0,25.6
2,190,2481,4,2017,3,1,47
2.4,254,3267,6,2002,3,1,35.1
4.4,347,3446,10,1984,3,2,18.5
2.6,248,3158,6,1980,1,1,32.8
2.5,226,3305,6,2002,2,0,33.8
3.4,309,3520,8,1982,2,1,24.8
1.9,147,2864,4,1983,0,2,42.2
3.5,265,3498,8,1999,2,0,29.2
5,402,3574,12,2020,3,1,21
3.1,292,3414,8,1988,2,2,27.5
1.4,142,2432,4,2017,2,1,51.6
2.3,270,2529,6,1974,3,2,34.4
1.8,190,2589,4,2023,2,1,48.6
2.2,192,2460,6,1989,1,1,39.2
3.1,259,2883,8,1980,2,1,28.5
2.9,242,3211,6,1998,3,2,34.8
4.7,402,3463,12,1989,0,1,15.7
1.4,117,2244,4,2017,3,1,53.5
2,170,2859,4,2022,0,0,48.4
1.6,141,3066,3,2009,2,0,44.8
3.1,329,2682,8,1997,3,2,31.9
2.2,191,3191,6,2012,1,2,41.5
2.7,186,2975,6,2015,0,1,40.7
4,335,3202,10,1979,2,2,21.1
1.6,112,2949,4,2020,0,1,49.5
1.6,172,2107,4,2003,1,2,50.1
2.5,239,2880,6,2019,2,2,40.1
1.3,147,2918,4,1976,3,0,39.3
2.6,243,2537,6,1998,2,2,37
1.6,185,2336,4,1991,2,1,42.5
2.9,321,3048,8,2016,2,2,32
1.3,119,2248,4,2008,1,1,50.1
2,149,2548,4,1997,0,2,45
4.5,338,2981,10,2004,3,2,24.7
2.8,202,2575,6,1996,1,0,38.4
1.4,134,2655,4,2006,3,2,45.9
1.6,163,2293,3,2020,0,2,52.9
3.4,282,3104,8,2006,0,1,31
4.8,421,3918,12,1994,3,0,13.3
3.2,296,3551,8,2023,2,1,32.1
4.8,404,3153,12,1990,3,1,17.2
3.2,291,2938,8,2001,1,2,30.4
1.5,196,2205,4,2004,1,2,48.7
2,168,3171,4,1978,0,1,38.9
2.5,247,2612,6,2007,3,0,37.6
3.8,396,3330,10,1982,3,2,18.4
4.1,335,3556,10,1974,1,1,19.5
2.1,126,3212,4,2006,3,2,43.2
3.5,267,2677,8,1972,1,0,28.3
4.7,405,3282,12,2010,1,2,21.9
4.9,470,3851,12,2024,0,2,16.9
2.1,150,2579,4,2018,0,1,47.2
1.6,121,2820,4,2024,3,2,50.4
2.6,196,2966,6,1982,2,2,33.6
1.9,141,2974,4,2016,3,1,45
2.3,234,2792,6,2005,3,1,38.4
2.6,256,2558,6,1993,2,0,36.9
1.5,76,3010,3,2004,1,2,47.6
2.1,222,2921,6,2021,0,0,40.5
2.7,270,2461,6,2019,1,0,41.6
1.4,190,2842,4,2007,3,0,44.2
2.1,138,3129,4,1991,2,0,39
5,448,3984,12,1980,0,2,9.3
2.2,219,2368,6,2002,0,2,40.8
3,277,2522,8,2006,0,2,35.8
3,293,2773,8,2011,1,2,36.5
1.9,178,2585,4,1993,0,0,43.7
1.4,196,2974,4,1989,0,0,41.5
4.7,423,3580,12,2019,2,0,20.1
1.8,175,2698,4,1973,1,1,37.4
1.3,134,2755,4,2022,3,2,49.3
1.9,192,2186,4,1996,3,2,44.6
1.4,172,2904,4,1992,0,0,41.6
3,276,2974,8,2005,1,2,32.1
3.7,277,3233,8,2019,3,2,33.8
4.6,457,3539,12,2013,3,0,18.2
1.6,121,2474,3,1987,2,1,46.4
2.4,215,3305,6,1985,0,0,33.5
1.4,166,2819,4,2021,1,1,48.6
3.6,314,3360,8,2008,2,0,27.8
4.3,348,3636,10,2004,1,0,23
2,182,2330,4,2008,2,2,47.8
1.5,126,2459,4,1979,2,0,42.6
4.6,422,3672,12,1997,2,2,15.9
1.4,169,2919,4,2004,2,2,45.8
3.6,280,3257,8,2024,3,1,32.1
1.1,130,2927,3,1994,3,1,45
4.6,402,3065,12,2005,1,0,19
1.7,131,2883,4,2008,0,2,45.5
4.8,441,3279,12,1971,2,0,12
2.7,263,3125,6,1980,2,1,29.2
1.5,141,2058,4,1997,0,2,48.6
2.1,110,3214,4,2015,2,0,43.4
1.6,113,2615,4,2011,0,0,49.8
4.8,394,3074,12,2000,2,1,21.2
1.5,119,2530,4,1996,0,2,48.7
1.7,150,3058,4,1972,1,2,38.2
1.8,164,2212,4,1972,2,1,40.2
1.8,120,2846,4,1991,1,2,43.4
1.8,190,2575,4,2010,2,1,46.5
2.5,231,3067,6,2001,0,1,35.4
4.8,423,4017,12,1988,3,1,10
1.7,161,2951,4,2010,3,2,44.8
4.2,352,3344,10,2003,2,0,23.3
4.9,407,3144,12,1974,2,1,13.9
1.7,183,2981,4,2001,3,0,40.6
2.1,135,3048,4,1982,0,2,39
1.3,97,2456,3,2017,1,1,53.5
1.1,94,2287,3,2022,1,1,56.3
2.3,192,2851,6,1983,3,2,34.4
1.8,114,2750,4,1975,0,0,41.2
1.6,84,2505,3,1974,0,0,46
1.1,138,2349,3,1991,1,0,48
4.6,443,3269,12,1987,1,1,16.3
2.1,130,2830,4,2011,3,0,43.9
2.6,266,3155,6,1993,1,0,31.8
2.7,249,2696,6,1998,2,0,36.6
4.8,460,3936,12,1976,3,2,9
1.6,182,2107,4,1990,3,1,43.3
5,399,3857,12,1986,1,1,11.2
1,110,2304,3,2016,3,0,51.5
3.4,301,2755,8,2009,3,0,33.8
2.8,227,2696,6,1989,2,2,34.3
1.9,196,2654,4,2010,2,2,46.3
1.8,183,2599,4,1973,1,2,40.5
1,76,2423,3,1996,2,0,51.2
4.3,387,3836,10,2017,1,1,22.5
1.9,149,2189,4,2002,1,0,48
2.3,261,2453,6,1985,1,2,36.9
2.4,216,3050,6,1976,2,2,33.3
1.6,133,2297,3,2013,1,1,52.3
1.9,157,2468,4,2004,1,1,46.7
1.1,113,1996,3,1971,2,2,47.9
4.3,357,3692,10,1979,0,1,16.1
3.5,310,3285,8,2012,2,0,30.6
2.9,200,2485,6,1972,1,2,33.7
1.4,192,2235,4,2013,0,1,48
1.3,138,2366,3,1972,3,2,44.6
2.3,263,2391,6,1988,1,2,37
1.5,137,2804,4,2004,0,0,45.2
1.7,101,2777,3,1988,1,0,46.3
3.3,254,3194,8,2003,0,0,33.5
2.7,186,2632,6,1999,0,0,38.8
4.7,398,3335,12,2008,2,1,20.9
2.4,249,3062,6,1977,0,1,32.8
4.4,329,3388,10,1972,1,0,16.9
1.5,124,2817,4,1993,2,2,46.2
1,110,2001,3,2015,0,2,56
5.2,431,4014,12,1982,0,1,10.2
4.9,420,3757,12,1989,2,2,12.8
1.6,186,2649,4,1971,3,2,38
2.6,191,3136,6,1999,0,0,35.4
2,193,2621,4,1988,0,1,39.7
4.4,350,3863,10,1974,0,1,17.3
1.4,123,2536,4,1994,0,2,46.8
1.1,164,2542,3,1985,0,1,45
4.4,366,3084,10,2017,2,1,25.4
2,113,3196,4,2007,1,1,43.8
1.4,136,2835,4,2010,3,2,47.2
2,111,2552,4,1983,3,1,43.9
3.2,304,2587,8,2009,0,1,34.9
4.4,409,3458,10,1984,2,0,16.3
2.7,210,2413,6,1973,1,2,35.4
1.6,103,2647,3,2005,1,2,50.4
2.9,220,2957,6,2021,3,2,41.6
4.5,386,3696,10,2018,2,1,20.8
1.9,181,3112,4,2002,0,1,41.3
2.3,249,2787,6,1975,1,2,34.9
2.5,192,2365,6,1983,2,0,38.4
1.7,143,2473,4,1991,0,2,45.2
1.4,178,3005,4,2001,1,1,42.5
3.2,285,2689,8,2005,1,1,35.8
4.6,461,3493,12,2016,2,0,19.3
4.1,364,3451,10,1970,0,2,17.3
1.1,146,2645,3,2016,2,2,51.1
2.5,253,2840,6,2007,1,1,39.3
3.1,316,3386,8,1988,3,1,24.1
1,146,2405,3,1970,1,0,44.4
1.2,108,2251,3,2016,2,0,52.3
3.9,324,2939,10,2002,2,1,26.9
3.3,304,3119,8,1988,2,2,25.9
1.6,164,2998,4,2003,3,0,41.7
1.5,176,2259,4,2003,3,1,47.8
2.2,198,2310,6,1994,3,2,39.6
4.5,384,3432,10,1979,2,2,18.3
1.6,131,3029,4,1986,3,1,40
3.8,359,3361,10,1982,3,0,19.8
3.2,256,2866,8,1977,3,0,28.2
3.5,316,3561,8,1990,1,1,24
4.8,446,3979,12,1972,2,2,9
3.7,380,3304,10,1979,1,1,19.9
1.6,116,2328,3,1999,1,0,48.4
3.6,332,3642,8,2015,2,2,28.3
3.6,320,3122,8,1979,0,0,24.5
1.7,154,2742,3,1983,3,0,40.9
1.9,121,2503,4,2010,3,1,47.7
1.1,154,2851,3,2012,3,2,48.2
3.3,334,2716,8,2016,1,0,34.9
1.4,193,2099,4,1993,2,2,45.2
3,334,3336,8,1999,0,0,26.5
3.4,262,3529,8,1987,3,1,26.1
1.4,114,2665,3,2005,0,1,50.8
3.3,313,3447,8,1974,0,0,23.8
1.2,156,2032,3,2001,0,0,49.4
2.3,237,3241,6,1989,0,1,35
1.9,169,2255,4,2020,1,1,50.9
3.8,323,2852,10,2022,3,2,31.5
3.3,335,2705,8,1999,1,0,28.8
3.9,375,3064,10,2015,0,1,27.3
2.4,239,2486,6,1975,0,2,34.8
3.6,297,2919,8,1975,0,2,27.7
5.1,456,3668,12,1990,1,1,12
4.5,337,3133,10,1990,3,2,20.9
3.3,287,2788,8,1976,0,2,27.9
2.4,245,2422,6,1974,3,2,33.9
1.8,197,2271,4,1998,3,1,45.8
1.3,97,2252,3,1985,3,0,48.8
2.3,255,2831,6,1986,0,0,35.6
1.7,92,2437,3,1999,3,0,47.4
3.5,337,2788,8,2008,0,1,32.8
4.7,455,3779,12,1993,1,0,13.2
1.8,192,2222,4,1976,1,2,41.1
3.8,326,2899,10,2008,3,1,27.1
4.6,419,3415,12,2024,3,1,21.5
3.6,323,3057,8,2011,2,2,30.1
1.6,119,3079,4,1990,1,0,43
2.7,186,3323,6,1974,2,2,32
1.9,154,2193,4,1974,1,1,43.3
3.1,306,3334,8,1999,2,0,27.5
3,305,2799,8,1971,2,1,28
1.4,191,2878,4,1981,0,2,39.4
4.5,383,3878,10,2014,0,0,22
1.8,149,3060,4,2023,1,0,46.1
3.4,258,2706,8,2014,1,1,36.9
2.3,205,3061,6,2009,1,0,38.6
2.7,203,2864,6,1983,0,2,35.4
5,450,3749,12,1984,1,2,12.9
3.2,340,3424,8,2024,1,2,31.5
1.3,154,2147,4,1996,2,0,48.9
2.7,182,2930,6,2020,3,2,43.5
1.6,90,2517,3,1970,2,0,42.7
1.8,146,2596,4,1988,1,2,43.2
1.4,124,2381,3,1979,1,1,44.8
2.8,206,3183,6,2008,0,2,38.8
4.4,376,3064,10,2016,3,2,26
2.4,205,2606,6,1987,2,1,36.8
4.9,439,3240,12,1983,2,1,12.2
5.2,463,3995,12,2012,0,0,12
1.8,185,2917,4,1979,2,0,36.8
4.5,409,3377,12,2006,3,1,19.8
2.9,225,3002,6,1973,0,0,32.7
3.4,281,3490,8,1974,0,2,24.4
1.1,86,2243,3,2017,2,1,55.2
1.8,181,2551,4,1990,2,2,41.2
4.1,381,3668,10,2008,0,0,20.1
2.4,236,2734,6,2001,1,0,36.4
4.9,411,3863,12,1987,2,0,12.9
1.9,197,2901,4,2011,3,1,44.5
3.2,303,3343,8,2021,2,2,32
2.6,232,2626,6,1973,2,2,33.9
2,124,3074,4,2011,1,0,46.1
2.4,267,2882,6,1983,2,0,31.1
3.5,321,3194,8,1999,2,2,29.8
1.6,194,2632,4,2001,3,2,42.6
4.5,345,3774,10,2000,3,2,18.6
1.4,133,2081,4,2010,0,0,51.8
2,188,2850,4,2009,0,0,44.5
1.2,129,2359,3,1980,1,0,46.5
3.2,302,3053,8,2002,1,1,31.3
3.2,299,2669,8,2014,3,0,33.4
1.5,175,2066,4,2011,1,0,47.9
1.8,156,2578,4,2009,2,1,45.5
2.7,183,3259,6,1994,2,2,36.3
1.8,127,2258,4,1999,1,0,47.2
2.1,117,2259,4,1989,2,1,44.6
3.9,398,3344,10,2020,3,0,25.6
1.1,138,2239,3,2020,1,0,51.9
1.7,122,2892,4,1997,2,0,42.5
1.6,129,2958,4,1972,1,1,38.7
1.6,150,2848,4,1981,1,0,40.5
1.5,129,2705,4,1988,0,2,44.9
2.6,217,2501,6,2007,1,0,39.8
1.8,159,2467,4,1970,2,1,39.9
3.3,257,2904,8,1988,0,0,32.3
2.4,229,2531,6,1992,0,1,39.7
2.3,240,2324,6,2000,0,1,39.7
2.3,208,2708,6,1994,3,0,36.8
4.1,355,3686,10,2000,0,2,23
1.8,137,2720,4,2003,1,2,46.5
1.6,139,2990,4,1994,0,1,44.7
2.9,203,2846,6,1992,3,2,34.9
1.6,135,2348,4,1988,1,2,47
3.3,251,2821,8,2012,0,0,36.8
1.7,96,2184,3,1990,2,0,48.3
2,133,3010,4,2020,1,1,46.7
1.3,146,2367,3,1987,2,1,46.1
2.2,212,3190,6,1982,1,0,32.7
2.5,246,3329,6,1994,0,2,33.3
1.4,151,2187,4,1972,3,0,43.5
2.1,186,2692,4,2021,0,1,46.9
1.2,150,2881,3,2018,1,1,50.2
3.9,336,3211,10,2015,0,0,28
1.4,131,2297,4,1976,3,2,44.3
4.6,479,3599,12,1976,0,2,11
3,289,3328,8,1972,3,2,25.4
1.3,140,2046,4,2021,1,1,55.4
2.1,123,2833,4,2014,2,2,46.1
2.2,247,3090,6,1987,0,0,32.9
4.3,357,3459,10,1977,1,1,17.5
1.3,179,2479,4,1979,2,1,40.3
1.3,107,2481,3,2010,2,0,50.8
2.9,247,3143,6,1991,3,1,31.1
3,304,2989,8,1985,0,0,28.7
1.6,94,2465,3,1998,2,1,49.8
1.7,158,2790,3,2014,3,2,48.9
4,332,3218,10,2012,0,1,27.4
2,188,2495,4,1985,3,1,42.3
3.6,291,3417,8,1972,0,1,24.5
5.2,431,3562,12,1993,3,1,13.2
5.1,469,3480,12,1973,1,0,9
3.8,401,3012,10,1981,1,2,20.5
4.7,479,3054,12,1977,3,0,10.5
2.7,247,2970,6,2018,3,0,39.8
2.5,204,2776,6,2009,0,1,42.5
1.6,174,2873,4,1994,0,0,42
2,139,2441,4,2006,0,1,47.9
1.5,156,2279,4,2016,2,1,49.2
2.7,262,3207,6,1982,1,1,30.8
3.1,334,3117,8,1999,2,2,27.8
2.6,181,3231,6,2022,1,0,39.8
1.8,170,2305,4,1999,2,2,44.8
3,301,3141,8,2020,2,0,33.3
2,166,2715,4,2003,0,1,43.9
4,353,2804,10,1998,2,0,26.8
4.5,379,3455,10,1984,0,0,18.4
3.6,319,3668,8,2006,3,2,27.2
2.8,233,2597,6,2015,2,2,41.1
5.1,399,3988,12,2023,0,1,18.2
1.3,117,2625,4,2000,2,0,46.2
2.1,133,2599,4,2016,0,1,47.4
2,174,2309,4,1984,2,0,42.1
1.5,128,2789,4,2002,3,2,45.4
2.6,251,2544,6,1990,3,1,37.2
1.4,185,2073,4,2003,2,1,47.9
2,192,2295,4,2024,2,2,50.2
1.6,181,2192,4,1979,3,0,40.2
1.6,95,2677,3,1977,3,0,44.5
2.2,226,2374,6,2008,2,2,41.1
4.3,374,3513,10,1989,1,0,19.1
2.9,210,3435,6,1986,0,1,33.5
1.4,190,2123,4,2015,0,2,49.3
4.6,417,3257,12,1974,1,0,11.7
1.5,90,2225,3,1994,0,0,51.6
2.8,241,3266,6,1998,0,1,33.5
4.8,461,3586,12,1971,2,1,9
1.7,194,2578,4,2015,1,0,45
1.7,148,2966,4,1985,1,1,40
1.9,200,2181,4,2018,3,2,47.7
3.9,377,3319,10,2014,0,2,26.8
3.8,373,3047,10,2012,0,0,27.5
4.1,371,3815,10,2018,3,0,21.4
1.8,131,2523,4,1990,0,1,43.9
3.5,258,2988,8,1984,3,1,27.1
2.4,204,3091,6,1979,0,0,35.1
2.4,207,2843,6,2000,0,1,40.7
1.5,196,2702,4,1983,0,0,40.5
2.6,210,2927,6,1976,1,2,34.3
1,128,2060,3,1976,2,2,47.7
3.1,323,2972,8,2004,2,2,29.7
2.4,198,2460,6,2015,2,2,45.3
4.5,414,2955,12,1999,3,1,19.5
2.7,208,3023,6,1991,3,0,35.5
5,440,3634,12,2011,2,1,17.1
2.1,124,2965,4,1993,0,2,43
2,138,2351,4,2013,2,2,47.8
2,165,2609,4,1988,3,1,41
1.4,185,2732,4,1977,1,0,39
4.9,476,3443,12,1982,2,2,9.9
4.2,394,3547,10,2022,2,0,22.7
1.5,168,2225,4,1992,0,2,45.9
2,169,2337,4,1980,0,1,42.6
1.6,96,3069,3,2008,3,2,45.6
4.9,400,3766,12,2021,1,2,20.7
1.6,110,2915,3,2023,3,0,49.4
2.5,188,3339,6,2003,2,1,36.3
2.7,253,3361,6,1999,3,2,33.7
3.5,318,3627,8,2024,1,0,29.3
1.6,180,2747,4,1998,1,1,44.5
5,419,3343,12,1996,0,0,17.1
3.7,279,3271,8,1997,2,0,28.1
4.8,411,3772,12,1988,3,0,13.5
3.5,334,3108,8,1985,0,0,27.1
3,290,2801,8,1993,1,2,33
2.7,204,2792,6,2005,0,2,40.9
3.6,340,3250,8,1984,3,1,24.5
3.4,307,2880,8,2012,1,0,32.9
1.4,141,2763,4,1995,0,2,44.6
2.5,232,2456,6,1973,2,2,34.1
1.7,189,2234,4,2004,0,1,47.9
1.6,134,2540,4,1974,0,2,41.4
1.3,115,2197,4,1993,0,1,48.9
3.3,294,2946,8,2022,1,2,36.4
2.1,197,2354,4,2001,2,1,43.6
5.1,439,3851,12,2013,3,0,14.1
2.7,265,2446,6,2011,2,0,39.8
1.5,174,2646,4,1991,3,0,41.2
2.6,238,3265,6,1990,0,1,33.1
1.7,141,2731,4,2015,0,2,48.4
1.8,183,2968,4,2015,2,0,42.6
2.7,208,2623,6,1981,2,2,36.6
2.1,158,3109,4,1980,2,1,37
1.7,126,2386,4,1975,1,1,41.9
4.4,343,3069,10,1975,3,2,20
2.1,190,2794,4,1996,1,1,42.8
4.9,450,3572,12,2012,0,0,15.7
4.5,416,3390,12,1981,0,0,14.4
1.8,178,2889,4,2011,1,1,43
2,186,2262,4,2003,3,1,45.5
1.4,117,2713,4,2006,1,1,48.8
4.4,346,3434,10,2018,2,0,26
4.5,358,2983,10,1996,1,2,25.2
4,363,3249,10,2006,0,1,25.5
3.3,340,3164,8,1972,2,2,21.9
1.3,175,2486,4,1987,3,0,41.5
1.3,153,2673,4,1970,2,0,38.4
1.5,143,2513,4,2020,1,2,50.4
3.5,310,3507,8,1994,1,0,24.6
3.7,399,2820,10,1992,1,1,22.3
2.8,204,2617,6,2004,3,1,38.4
1.6,198,2284,4,1981,1,2,43.1
5.3,406,4150,12,2014,0,2,16.8
1.6,126,2645,4,1989,3,2,43.3
3.8,397,3271,10,2023,2,0,24.6
5.1,428,3242,12,1978,3,1,14.1
2.1,249,3010,6,1982,0,0,34.9
1.6,77,2163,3,1995,3,1,49.9
1.6,159,2092,3,2023,1,2,53.4
1.8,182,2822,4,2007,0,2,44.1
1.8,156,2874,4,2007,0,0,45.8
2,196,2340,4,2021,1,1,47.1
2.1,123,2297,4,1983,1,0,43.8
1.8,141,2680,4,1979,1,2,41.5
1.5,137,2503,4,2003,0,2,49.5
2.8,191,3118,6,2018,2,0,39.1
3.6,331,3176,8,2010,0,1,28.8
2.8,207,2693,6,2022,1,0,42.2
2.2,247,2754,6,2005,0,2,39.9
